Month,Duck_Forzen_AD,Duck_Forzen_AE,Duck_Forzen_AN,Duck_Forzen_AT,Duck_Forzen_AU,Duck_Forzen_BE,Duck_Forzen_BF,Duck_Forzen_BG,Duck_Forzen_BH,Duck_Forzen_BJ,Duck_Forzen_BL,Duck_Forzen_BN,Duck_Forzen_BR,Duck_Forzen_CA,Duck_Forzen_CG,Duck_Forzen_CH,Duck_Forzen_CI,Duck_Forzen_CM,Duck_Forzen_CN,Duck_Forzen_CY,Duck_Forzen_CZ,Duck_Forzen_DE,Duck_Forzen_DJ,Duck_Forzen_DK,Duck_Forzen_DO,Duck_Forzen_EE,Duck_Forzen_ES,Duck_Forzen_FI,Duck_Forzen_GA,Duck_Forzen_GB,Duck_Forzen_GH,Duck_Forzen_GR,Duck_Forzen_HK,Duck_Forzen_HR,Duck_Forzen_HU,Duck_Forzen_ID,Duck_Forzen_IE,Duck_Forzen_IS,Duck_Forzen_IT,Duck_Forzen_JP,Duck_Forzen_KH,Duck_Forzen_KR,Duck_Forzen_KW,Duck_Forzen_LB,Duck_Forzen_LT,Duck_Forzen_LU,Duck_Forzen_LV,Duck_Forzen_MM,Duck_Forzen_MO,Duck_Forzen_MT,Duck_Forzen_MU,Duck_Forzen_MV,Duck_Forzen_MY,Duck_Forzen_MZ,Duck_Forzen_NC,Duck_Forzen_NL,Duck_Forzen_NO,Duck_Forzen_OM,Duck_Forzen_PF,Duck_Forzen_PH,Duck_Forzen_PL,Duck_Forzen_PM,Duck_Forzen_PT,Duck_Forzen_QA,Duck_Forzen_RO,Duck_Forzen_RU,Duck_Forzen_SC,Duck_Forzen_SE,Duck_Forzen_SG,Duck_Forzen_SI,Duck_Forzen_SN,Duck_Forzen_SX,Duck_Forzen_TG,Duck_Forzen_TH,Duck_Forzen_TR,Duck_Forzen_TW,Duck_Forzen_UA,Duck_Forzen_UY,Duck_Forzen_VN,Duck_Forzen_ZA,Duck_Fresh_AD,Duck_Fresh_AE,Duck_Fresh_AM,Duck_Fresh_AN,Duck_Fresh_AO,Duck_Fresh_AT,Duck_Fresh_AU,Duck_Fresh_AZ,Duck_Fresh_BE,Duck_Fresh_BF,Duck_Fresh_BG,Duck_Fresh_BH,Duck_Fresh_BJ,Duck_Fresh_BL,Duck_Fresh_BM,Duck_Fresh_BO,Duck_Fresh_BR,Duck_Fresh_CA,Duck_Fresh_CD,Duck_Fresh_CF,Duck_Fresh_CG,Duck_Fresh_CH,Duck_Fresh_CI,Duck_Fresh_CL,Duck_Fresh_CM,Duck_Fresh_CN,Duck_Fresh_CO,Duck_Fresh_CU,Duck_Fresh_CY,Duck_Fresh_CZ,Duck_Fresh_DE,Duck_Fresh_DJ,Duck_Fresh_DK,Duck_Fresh_DO,Duck_Fresh_DZ,Duck_Fresh_EE,Duck_Fresh_EG,Duck_Fresh_ES,Duck_Fresh_FI,Duck_Fresh_GA,Duck_Fresh_GB,Duck_Fresh_GL,Duck_Fresh_GN,Duck_Fresh_GR,Duck_Fresh_HK,Duck_Fresh_HU,Duck_Fresh_ID,Duck_Fresh_IE,Duck_Fresh_IN,Duck_Fresh_IS,Duck_Fresh_IT,Duck_Fresh_JO,Duck_Fresh_JP,Duck_Fresh_KE,Duck_Fresh_KH,Duck_Fresh_KR,Duck_Fresh_KW,Duck_Fresh_KY,Duck_Fresh_LA,Duck_Fresh_LB,Duck_Fresh_LT,Duck_Fresh_LU,Duck_Fresh_LV,Duck_Fresh_MA,Duck_Fresh_MG,Duck_Fresh_ML,Duck_Fresh_MO,Duck_Fresh_MR,Duck_Fresh_MT,Duck_Fresh_MU,Duck_Fresh_MV,Duck_Fresh_MX,Duck_Fresh_MY,Duck_Fresh_NC,Duck_Fresh_NE,Duck_Fresh_NG,Duck_Fresh_NL,Duck_Fresh_NO,Duck_Fresh_NZ,Duck_Fresh_OM,Duck_Fresh_PA,Duck_Fresh_PF,Duck_Fresh_PH,Duck_Fresh_PK,Duck_Fresh_PL,Duck_Fresh_PM,Duck_Fresh_PT,Duck_Fresh_QA,Duck_Fresh_RO,Duck_Fresh_RU,Duck_Fresh_SA,Duck_Fresh_SE,Duck_Fresh_SG,Duck_Fresh_SI,Duck_Fresh_SK,Duck_Fresh_SN,Duck_Fresh_SX,Duck_Fresh_TD,Duck_Fresh_TG,Duck_Fresh_TH,Duck_Fresh_TN,Duck_Fresh_TR,Duck_Fresh_TW,Duck_Fresh_UA,Duck_Fresh_UG,Duck_Fresh_US,Duck_Fresh_VE,Duck_Fresh_VN,Duck_Fresh_YT,Duck_Fresh_ZA,Goose_Forzen_AE,Goose_Forzen_AT,Goose_Forzen_AU,Goose_Forzen_BE,Goose_Forzen_BF,Goose_Forzen_BL,Goose_Forzen_BR,Goose_Forzen_CH,Goose_Forzen_CY,Goose_Forzen_CZ,Goose_Forzen_DE,Goose_Forzen_DK,Goose_Forzen_ES,Goose_Forzen_FI,Goose_Forzen_GB,Goose_Forzen_GR,Goose_Forzen_HK,Goose_Forzen_HR,Goose_Forzen_HU,Goose_Forzen_ID,Goose_Forzen_IE,Goose_Forzen_IT,Goose_Forzen_JP,Goose_Forzen_KR,Goose_Forzen_LU,Goose_Forzen_LV,Goose_Forzen_MT,Goose_Forzen_MY,Goose_Forzen_NC,Goose_Forzen_NL,Goose_Forzen_NO,Goose_Forzen_PF,Goose_Forzen_PH,Goose_Forzen_PT,Goose_Forzen_RU,Goose_Forzen_SG,Goose_Forzen_SI,Goose_Forzen_TG,Goose_Forzen_TH,Goose_Forzen_TW,Goose_Forzen_ZA,Goose_Fresh_AD,Goose_Fresh_AE,Goose_Fresh_AN,Goose_Fresh_AT,Goose_Fresh_AU,Goose_Fresh_BE,Goose_Fresh_BG,Goose_Fresh_BJ,Goose_Fresh_BL,Goose_Fresh_BR,Goose_Fresh_CH,Goose_Fresh_CI,Goose_Fresh_CL,Goose_Fresh_CY,Goose_Fresh_CZ,Goose_Fresh_DE,Goose_Fresh_DK,Goose_Fresh_EE,Goose_Fresh_ES,Goose_Fresh_FI,Goose_Fresh_GA,Goose_Fresh_GB,Goose_Fresh_GR,Goose_Fresh_HK,Goose_Fresh_HR,Goose_Fresh_HU,Goose_Fresh_ID,Goose_Fresh_IE,Goose_Fresh_IT,Goose_Fresh_JP,Goose_Fresh_KE,Goose_Fresh_KR,Goose_Fresh_KY,Goose_Fresh_LB,Goose_Fresh_LT,Goose_Fresh_LU,Goose_Fresh_LV,Goose_Fresh_MO,Goose_Fresh_MT,Goose_Fresh_MU,Goose_Fresh_MY,Goose_Fresh_NC,Goose_Fresh_NL,Goose_Fresh_PA,Goose_Fresh_PF,Goose_Fresh_PH,Goose_Fresh_PL,Goose_Fresh_PM,Goose_Fresh_PT,Goose_Fresh_RO,Goose_Fresh_SE,Goose_Fresh_SG,Goose_Fresh_SI,Goose_Fresh_SK,Goose_Fresh_SX,Goose_Fresh_TH,Goose_Fresh_TW,Goose_Fresh_VN,Goose_Fresh_VU,Goose_Fresh_ZA
2012-01-01,0,0,0,0,0,52057,0,0,0,0,0,0,0,0,0,3826,0,0,0,1341,2735,20161,0,6616,0,0,253449,0,0,19654,0,2814,165205,0,0,0,0,0,45033,474411,0,3648,0,0,0,32791,0,0,0,0,0,0,0,0,0,26874,0,0,9669,0,0,0,20398,0,0,125103,0,13349,0,0,0,0,810,0,0,0,0,0,3830,514,1597,10204,0,0,0,6831,0,0,79157,0,0,0,0,0,0,0,16675,0,0,0,0,249862,0,0,0,0,166,0,92,9706,42549,189,35803,0,909,0,0,249546,366,0,115011,0,0,3107,4577,45,0,9533,0,0,20273,0,214764,0,0,22239,0,0,0,0,0,7940,1227,0,0,1996,5863,0,0,2726,0,0,0,0,0,2272,18820,0,0,1532,0,0,0,0,790,0,116,65204,0,14453,0,4565,10334,0,0,0,0,0,0,113604,0,0,1140,0,0,0,0,0,0,3717,0,37,0,6592,0,0,0,0,0,491,4600,0,38138,0,3929,0,0,0,0,0,0,6685,0,0,0,0,0,0,0,1507,0,0,0,0,0,0,0,0,0,0,0,0,0,0,3213,0,2824,0,0,0,0,15501,0,0,134,915,86243,5260,0,4366,0,0,2991,0,4100,0,0,0,0,9522,10589,0,9729,0,0,0,7162,1138,0,0,0,0,0,6293,0,0,0,86,0,0,0,101,0,0,0,0,421,0,0,0,0
2012-02-01,3250,0,0,0,0,129665,0,0,0,0,0,0,0,30982,0,2889,0,0,0,0,6753,21990,0,0,0,0,345939,9315,0,47231,0,2601,226193,0,0,0,5732,0,32143,285301,0,23376,0,0,0,35892,0,0,0,0,0,0,0,0,0,15634,63236,0,42963,0,0,0,6342,0,119,0,0,21269,69010,0,0,0,0,23441,0,0,0,0,0,9954,10655,6940,0,0,0,3208,3628,0,63559,0,0,0,0,0,0,1848,0,0,0,0,0,244252,3061,6433,0,0,414,0,0,12861,42495,0,15691,0,0,334,0,244267,885,0,125913,0,0,439,37906,0,4405,11537,0,0,13228,0,212191,0,4082,0,0,0,0,18895,0,26781,1647,0,0,0,0,0,0,0,0,0,7285,0,157,0,16567,0,0,0,0,0,61060,0,2226,0,388,80635,70,2780,0,12748,21589,0,0,0,0,0,0,24063,3095,0,0,0,0,0,0,0,0,0,102089,0,0,4335,0,0,0,0,0,0,8352,0,14926,0,17273,891,43366,0,0,0,0,9781,0,0,0,0,0,0,0,0,0,0,0,0,0,0,0,0,4744,0,0,0,0,0,7011,0,2401,0,0,0,0,10113,0,0,0,2053,82461,360,0,2914,46,0,2680,0,18549,0,0,0,0,6305,15083,0,10980,0,0,0,10249,346,0,0,0,0,0,6871,0,0,0,19,0,0,0,113,220,0,0,0,0,0,0,0,0
2012-03-01,2392,0,0,5759,0,73712,0,0,0,0,0,0,0,0,0,6414,2535,0,0,6360,14191,36323,0,10827,0,0,389854,0,0,34770,0,0,0,0,0,0,0,0,18443,703266,0,0,0,0,0,23254,0,0,0,0,0,0,0,0,7616,23777,24063,0,550,0,0,0,11180,0,0,0,0,16337,114262,0,0,0,0,74955,9874,0,0,0,0,9734,548,8900,0,2667,0,3191,173,0,59530,0,0,0,0,0,0,0,0,0,0,0,0,360542,0,0,0,0,0,1136,0,15392,52993,0,22492,0,0,839,0,347885,746,0,130874,0,0,311,24996,79,0,9599,0,0,24609,1131,280673,0,0,0,0,0,0,0,792,29591,4681,0,0,0,6937,0,0,0,0,0,3541,0,0,0,18316,14207,0,1442,0,0,10609,0,2745,0,803,52453,0,4063,0,8205,49876,0,0,1476,0,0,0,13249,0,0,0,0,0,0,0,0,0,0,0,0,0,6065,0,0,37994,0,0,773,15771,0,2250,0,26678,0,0,0,0,0,3020,3799,70938,0,0,488,0,0,0,1032,0,0,0,0,0,0,0,0,0,0,0,0,0,0,8598,0,2774,0,0,0,0,9582,0,0,0,677,89522,2599,0,5342,96,0,2358,0,19574,0,0,0,0,8869,11772,0,9729,0,0,0,9063,2536,0,0,0,0,0,5351,0,0,0,960,0,609,0,632,325,0,0,0,1294,0,0,0,0
2012-04-01,4179,0,0,5746,0,114564,0,0,0,0,0,0,0,0,0,25604,0,0,0,0,680,24085,0,399,0,0,268558,0,0,39501,0,2255,162422,0,0,0,6006,0,44141,508398,0,0,0,0,0,49126,0,0,0,0,0,0,0,0,0,29891,14168,0,1077,0,0,0,6881,0,0,89983,0,10326,14833,0,0,0,0,6596,0,0,0,0,0,0,1976,3525,0,0,0,2122,6182,0,65173,0,0,0,0,0,0,0,0,0,0,0,0,358828,3556,5312,0,15573,41,1136,0,13353,37418,0,20616,0,0,675,0,246823,673,0,106702,0,0,372,48966,0,0,10558,0,2232,22731,0,387604,0,0,6376,0,0,0,1455,0,19544,3322,0,0,0,0,0,0,4435,0,0,0,1373,0,0,19298,0,0,0,60,572,0,0,2192,0,237,10647,0,13557,0,9651,12545,0,0,0,0,0,0,44600,0,0,0,0,0,0,0,0,0,930,11975,0,0,1720,0,0,0,0,0,984,3316,0,16780,0,22703,0,43383,6712,0,0,0,2202,32925,0,0,722,0,0,0,3016,0,0,0,0,0,9606,0,0,824,0,0,0,0,0,5639,0,2900,0,0,0,0,7622,0,0,0,721,85445,428,0,1490,0,0,4124,0,2856,0,0,0,0,6183,8502,0,0,0,0,0,8473,1402,0,0,0,0,0,7720,0,0,0,175,0,0,0,257,0,0,0,0,0,0,0,0,0
2012-05-01,3332,0,0,0,0,85606,0,0,0,0,0,0,0,1,0,15335,0,0,0,0,15044,49197,0,7198,0,0,486538,10416,0,33459,0,10638,173451,0,0,0,0,0,26206,729470,0,0,0,0,0,40359,0,0,0,0,0,0,0,0,0,12246,0,0,442,0,0,0,13358,0,0,0,0,5341,94192,0,0,0,0,6653,0,0,0,0,0,7226,675,0,0,0,0,1876,2529,0,65982,0,0,0,0,0,0,0,0,0,0,0,1552,315899,0,0,0,6489,332,0,0,13544,27860,1192,22715,0,4793,1137,0,370398,1238,9040,135341,0,0,4092,16677,0,0,14279,0,0,17487,0,234001,0,0,0,0,0,0,0,0,22635,5130,0,0,0,0,0,0,0,0,979,0,0,0,0,13122,0,0,932,0,0,63,0,1021,0,1138,65291,0,0,0,4186,4617,0,0,0,0,0,0,26227,0,0,0,0,0,0,0,0,0,0,46573,0,0,2249,0,0,0,0,0,1645,12232,0,36888,0,9418,0,0,0,0,0,0,9388,0,6901,0,501,0,0,0,0,0,0,4370,0,0,0,0,0,0,0,0,0,0,0,1687,159,2568,0,0,0,0,17342,0,0,0,3706,64003,3976,0,6113,0,0,1440,0,10692,0,0,0,0,5304,22096,0,0,0,0,0,7752,608,0,0,0,0,0,7194,0,0,0,35,0,1264,0,198,0,0,0,0,6820,0,0,0,0
2012-06-01,8125,0,0,0,0,43287,0,0,0,0,0,0,0,0,0,5663,0,0,0,2913,7442,28892,0,1869,0,0,448938,10113,0,25742,0,3857,243236,0,0,1559,5422,1082,28636,289553,0,0,0,0,0,36916,0,0,0,0,0,0,0,0,0,13926,0,0,8512,0,0,0,9822,0,0,83640,0,2707,98657,0,0,0,0,152600,0,0,0,0,0,0,1481,873,0,0,0,3839,4722,0,61837,2095,0,0,0,0,0,0,0,0,0,0,0,180659,0,13838,0,6489,373,0,0,9208,49795,0,23368,0,0,497,0,316756,435,0,126288,0,0,9854,20359,0,0,11432,0,1314,23759,0,295317,0,0,26048,0,0,0,0,0,17473,4087,0,0,0,0,0,0,0,0,0,0,46374,230,0,13127,0,0,4789,0,0,0,0,1322,0,1862,21303,0,8910,0,8595,7124,0,0,0,0,0,0,27038,0,0,0,0,0,0,0,0,0,0,8178,0,0,2727,0,0,0,0,1479,2049,9480,0,10395,0,27258,0,0,0,0,0,0,4604,34831,0,0,1176,0,0,0,0,0,0,8795,0,0,44273,0,0,0,0,0,0,0,0,825,0,2653,0,0,0,0,5238,0,0,0,667,58583,949,0,2820,0,0,1487,345,20183,0,0,0,0,8330,8064,0,0,0,0,0,6716,1973,0,0,0,1135,0,5290,0,0,0,98,0,0,0,0,0,0,0,0,0,0,0,0,0
2012-07-01,1015,0,0,6640,0,40681,0,0,0,0,0,0,0,0,0,13991,0,0,5822,0,5475,24522,3025,9503,0,0,415640,0,0,36571,0,6276,31327,0,0,0,0,0,35173,723339,0,0,0,0,0,44838,0,0,0,0,0,0,0,0,0,19137,0,0,2088,0,0,0,13735,0,0,0,0,3740,44464,0,0,0,0,7465,0,0,0,0,0,4374,249,0,984,1136,0,8063,1709,0,48816,0,0,0,0,0,0,0,15370,0,0,0,0,121717,0,5841,0,5191,124,0,0,9043,49042,302,13348,0,564,779,0,346022,707,0,136330,0,0,303,21450,0,0,17498,0,0,26007,0,374386,0,0,23338,0,0,0,0,0,14902,5198,3007,0,0,0,0,0,0,0,0,0,0,0,0,14268,0,0,932,0,0,0,0,348,0,725,0,0,8282,0,4648,16704,0,0,0,0,0,0,31652,0,0,0,0,0,0,0,0,0,0,0,8182,0,0,0,0,0,0,0,0,4075,0,6798,0,24821,0,0,0,0,0,0,1550,0,0,0,1986,0,0,0,0,0,0,2010,0,11961,0,0,0,61807,0,0,0,0,0,2310,244,2601,0,0,0,1812,9184,0,0,0,2443,61903,732,0,9729,0,0,2014,0,2949,0,0,0,330,9943,17017,0,0,0,0,0,6524,1024,0,0,655,0,0,7271,0,0,0,17,0,1232,0,305,196,0,0,0,0,0,0,0,0
2012-08-01,3075,0,0,0,1521,72427,0,0,0,0,0,0,0,0,0,18089,13039,0,0,2418,13330,29309,0,3757,0,0,267121,14180,0,23034,0,0,73668,0,0,0,5650,0,27725,685753,0,0,0,0,0,4222,0,0,0,0,1803,0,0,0,8278,6423,0,0,29144,0,6312,0,16682,0,0,62404,0,9590,14108,0,0,0,0,98390,0,0,0,26056,0,1079,2282,150604,0,1136,0,4105,6179,0,48461,0,0,0,0,0,0,0,0,35729,0,0,0,156926,0,2855,0,0,0,0,0,9333,42755,0,24058,0,0,759,0,310957,797,0,106667,8668,0,60,30131,0,0,10447,0,1970,12704,0,399935,0,0,26602,0,0,0,715,1482,15251,10005,0,0,0,0,0,0,0,0,0,0,483,0,0,12836,0,0,0,0,0,0,0,180,0,2929,3005,0,0,0,2595,2806,0,0,0,0,0,0,11103,0,0,0,0,0,0,0,0,0,1836,0,0,0,1726,0,0,0,0,0,1521,14546,0,12780,0,14354,0,38819,0,0,0,0,2313,0,7488,0,0,0,0,0,660,0,0,12724,156,0,0,0,0,0,0,0,0,0,0,5488,0,2416,0,0,0,0,13407,0,0,0,217,86152,2127,314,3751,0,0,1376,0,12985,0,0,0,66,8475,8163,0,0,0,0,0,10737,3988,0,0,0,0,0,5855,0,0,0,0,0,0,0,200,95,0,0,0,0,0,0,0,0
2012-09-01,1450,4080,0,584,0,111818,0,0,0,0,0,0,0,0,0,86241,0,0,0,0,13547,40637,0,8950,0,0,628037,0,0,27286,0,2395,183446,0,0,0,0,2388,40810,805377,0,0,0,0,0,63890,0,0,0,0,8940,0,0,0,0,8845,0,0,11222,21541,0,0,28062,0,0,0,0,25419,94918,0,0,0,0,8035,0,0,0,0,25643,6260,7201,7590,0,0,0,3715,10149,0,68521,0,0,0,0,0,0,0,0,21381,0,0,0,320315,0,4490,0,10382,0,21004,0,8893,54303,0,28794,0,0,743,0,323348,692,4965,121847,0,0,705,42983,0,0,11511,0,0,25576,0,429154,0,0,11589,0,0,0,0,0,34696,1561,0,0,0,3100,0,0,0,0,0,2875,0,0,0,14540,0,0,1532,0,0,0,0,732,0,441,3631,0,12506,0,9289,21513,0,92,229,0,0,0,16457,0,0,0,0,0,0,0,0,1341,0,0,1310,0,2905,0,0,39571,2313,0,1878,7552,0,29578,1178,3845,0,21373,0,0,0,0,13774,0,0,1,724,0,0,173629,1044,0,9830,0,580,0,23433,0,0,5637,0,0,0,0,0,2961,0,4541,0,0,0,1812,9185,0,0,0,153,114952,979,0,2226,0,0,1932,166,4245,0,0,0,462,14769,6666,0,0,0,0,0,10577,605,0,0,0,0,0,6351,0,0,0,150,0,0,0,936,4270,0,134,0,13206,0,0,0,0
2012-10-01,12803,7340,0,7047,1567,234134,0,0,0,0,0,0,0,0,0,93344,0,0,0,2864,10156,89929,10463,18723,0,0,611391,5120,0,63454,0,7016,625859,0,0,0,8437,0,21452,827849,0,0,0,0,0,16955,0,0,0,0,0,10917,0,0,30513,38373,0,0,2540,0,424,0,11912,0,0,70756,0,24128,69056,0,0,0,0,110735,0,0,0,0,101229,10568,1447,1188,0,11129,0,4837,6774,0,153290,0,0,0,0,0,0,0,1087,3094,0,0,0,520732,0,779,0,0,0,0,409,24849,69466,0,36926,0,0,837,7288,320846,868,1209,157647,0,0,4099,91271,0,0,16891,0,0,23607,0,434865,0,0,10905,0,0,0,0,0,43904,7696,0,0,0,0,0,214,68892,0,0,734,3686,0,0,19935,0,0,0,0,1501,943,0,1334,0,3053,0,213,17006,0,7378,16841,0,0,799,0,1890,0,13178,0,0,1525,0,0,0,1202,0,0,852,0,8162,0,4745,0,0,0,0,0,511,16206,0,25479,0,19871,453,87661,0,0,0,0,3478,36100,10438,0,0,0,0,0,0,0,0,0,0,0,54312,0,0,2407,0,0,0,0,0,3559,355,6869,0,0,0,3895,11134,273,551,577,6776,169136,582,0,4598,0,0,2680,0,25133,0,14950,0,330,7665,35442,0,0,0,0,0,17166,523,0,233,0,0,0,9066,0,0,0,293,0,203,129,546,291,0,0,0,0,0,0,0,0
2012-11-01,20735,39126,0,1746,0,74094,0,0,0,0,0,0,0,23729,0,232369,0,0,0,0,14627,28061,0,10455,0,229,625209,15535,0,50470,981,3340,146946,0,0,0,0,1446,70346,635443,0,23400,0,0,0,219369,0,0,0,4800,0,0,0,0,3951,19080,112187,0,2443,4011,445,0,13769,0,0,165034,0,23830,124305,0,0,0,0,13196,0,0,0,0,4108,8988,6009,72441,0,4118,0,4328,3442,0,279498,0,0,0,0,0,0,0,4530,0,0,0,7627,1217747,91235,4008,0,0,0,0,0,12488,78838,7388,37742,0,1652,548,0,324047,1710,17,167512,0,0,497,15133,0,8904,15446,0,11531,33304,0,377737,8680,0,0,0,0,0,365,495,50982,6896,0,0,0,0,0,0,0,0,0,0,0,9,0,27512,0,0,20165,0,4656,0,0,349,1050,987,2777,1800,13567,0,12517,33089,0,0,0,0,0,0,2580,0,0,0,0,288,0,0,0,0,852,0,1068,0,9062,0,0,0,2293,4975,3104,13211,694,23441,0,36454,0,0,0,0,0,0,8038,0,0,0,493,0,0,0,0,0,0,7984,1135,0,0,0,0,82636,0,1402,0,0,0,8486,0,33947,0,0,0,14677,13860,0,0,0,4115,144382,4749,0,5694,0,0,2984,134,12608,0,0,0,1056,15491,40016,0,0,0,304,0,36870,2131,171,0,0,0,0,5509,0,0,0,49,0,168,0,190,0,0,0,0,0,0,0,0,0
2012-12-01,8663,0,6823,5981,0,118110,0,0,0,0,0,0,0,0,0,29803,4033,0,0,3340,14899,37092,0,12694,0,0,569617,0,0,40985,0,10637,124355,0,0,0,3038,0,124935,464030,0,0,0,0,0,48806,0,0,0,0,0,0,0,0,0,12287,0,0,1164,5265,6339,0,15874,0,0,53618,0,0,80387,0,0,0,0,92990,0,0,0,0,8078,2671,4440,14817,0,5504,0,11249,0,0,1006219,0,0,0,0,0,0,0,906,2733,2162,0,6439,3058094,1931,3311,1773,0,744,0,226,16424,117941,0,51192,0,0,667,0,629042,1173,56,214816,0,227,5258,34261,0,0,16898,0,0,31898,0,499720,0,560,19145,0,0,2960,66770,0,119227,6515,0,0,0,0,464,774,0,0,0,0,408,162,341,39728,0,0,30328,0,3813,0,0,684,1833,4089,4770,0,6662,0,6541,2097,0,0,1610,0,0,0,21661,0,0,185,0,0,0,0,0,0,455,0,6022,0,921,0,0,0,0,0,5177,7589,0,24561,0,15885,0,0,0,0,0,0,13237,0,0,0,1756,0,0,0,0,0,0,0,377,0,38455,0,0,0,0,0,615,10,1969,12829,171,133782,0,0,0,4530,79727,0,0,0,1923,277941,683,1064,14151,0,0,7174,1117,10895,0,3715,0,0,15996,37319,0,0,0,1050,0,82764,1470,0,0,0,0,0,6949,0,120,0,243,0,1435,0,154,4111,0,0,0,1256,0,0,0,399
2013-01-01,5889,0,0,4280,0,24037,0,0,0,820,0,0,0,0,0,42466,0,0,0,0,9303,20460,0,4840,0,0,263869,0,0,21128,0,3486,152787,0,0,0,3775,0,46309,321411,12473,0,0,0,0,23962,9554,0,0,0,0,0,0,0,3950,17616,14999,0,0,2552,0,0,6483,0,0,36782,0,22194,10099,0,0,0,0,25513,0,0,0,0,0,11046,274,53885,0,0,0,4319,0,0,93114,0,0,0,0,0,0,0,639,0,0,0,2724,238035,0,0,0,0,496,0,0,9291,37369,0,31738,0,0,224,0,184032,420,3624,111471,0,0,1169,26126,0,0,11078,1280,0,22734,0,381902,1422,0,0,0,0,2275,0,1238,17331,6403,0,0,0,0,0,0,0,0,0,265,0,0,0,16322,0,0,1442,0,0,96,0,810,0,271,12387,0,12422,0,3265,2736,0,0,0,0,0,0,0,0,0,0,60,0,0,0,0,0,0,0,1008,0,4835,0,0,38225,0,0,2878,12636,0,9747,0,26519,0,0,0,0,0,0,9840,0,0,0,0,0,0,0,0,0,5262,0,109,0,1226,0,0,1540,0,0,0,0,0,7057,0,4226,0,0,0,0,14448,0,0,0,5019,78590,5732,482,497,0,0,3065,0,24797,0,0,0,0,9787,27587,0,0,0,0,0,8017,1674,0,0,0,0,299,1167,0,0,0,0,0,0,0,314,0,0,0,0,0,0,0,0,0
2013-02-01,19735,5,0,0,0,85618,0,0,0,0,0,0,0,5296,0,25045,0,0,0,0,9941,12053,0,4615,0,120,355748,0,0,34282,0,4905,277024,0,0,45773,0,0,20076,1139485,0,0,0,0,0,30409,6870,0,0,0,3129,18513,0,0,0,24678,6796,0,2817,0,0,0,2725,0,0,6027,2093,12870,97004,0,0,8983,0,116877,0,0,0,0,0,0,66,87951,0,0,0,4138,1766,0,77657,0,0,0,0,0,0,0,2265,5605,0,0,0,301877,3119,7810,0,6489,0,0,98,9323,44209,0,24095,0,0,205,0,174817,1119,0,121003,0,0,612,27007,0,0,9746,0,0,13310,0,412870,0,0,0,0,0,0,2916,0,14667,1521,0,0,0,0,0,0,0,0,0,0,0,0,925,11346,0,0,0,0,0,369,0,776,0,113,5624,513,4045,0,8800,64058,0,0,0,0,4143,0,83,0,0,0,0,0,0,0,0,0,1655,5473,0,0,0,0,0,0,0,0,737,2608,0,45238,0,12964,0,20766,0,0,0,0,5802,0,10400,680,0,0,0,0,817,0,0,0,0,6468,0,0,0,0,0,0,0,0,0,6323,0,4290,0,0,0,4530,15056,0,0,142,1282,74760,367,0,2057,0,0,2249,0,4548,0,0,0,0,5172,5900,0,0,0,0,0,8048,746,0,0,0,0,0,2878,0,0,0,29,0,0,0,507,0,0,0,0,0,0,0,0,0
2013-03-01,9366,0,0,4859,0,55449,0,0,0,0,2849,0,0,0,0,39138,0,4726,0,0,15274,27243,0,8874,0,0,368672,0,0,25026,0,0,99467,0,135,148393,6524,0,57951,513424,0,0,0,0,0,48111,6847,0,6736,0,0,4189,0,0,0,4780,23830,0,1063,5534,0,0,10508,0,0,0,0,8808,146647,0,0,14750,480,394244,0,0,0,0,0,8986,497,90694,0,0,0,4400,3456,0,78425,0,0,0,0,0,0,0,7248,0,0,0,0,185394,0,0,991,0,0,0,0,17040,50692,0,32639,0,0,853,0,218118,2854,756,114668,0,0,1066,26909,0,0,11224,0,2627,18230,0,285863,0,0,0,0,0,0,0,0,24152,4678,0,0,0,0,0,0,0,0,0,0,4243,0,0,14202,0,0,932,0,27,0,0,1258,0,1278,0,757,0,0,1597,11025,0,0,0,0,0,454,29474,0,0,0,0,0,0,0,0,0,0,0,0,0,3739,0,0,0,0,0,4603,1940,0,21703,0,30755,0,3113,0,0,0,0,3465,0,0,0,985,0,0,0,0,0,0,0,0,0,0,0,0,0,0,0,0,1461,0,5926,0,4130,0,0,0,906,8539,0,0,0,1847,83118,1609,0,897,0,0,2328,0,7858,0,0,0,198,7135,10982,0,0,0,0,0,7337,1988,0,0,0,0,0,4927,0,0,0,80,0,0,0,216,0,0,0,0,1247,0,0,0,0
2013-04-01,0,0,0,4910,0,129590,0,0,0,0,0,0,0,0,0,21240,0,0,0,10866,1773,23097,0,8837,0,0,382584,7732,0,32252,0,9894,66568,0,983,0,0,0,19993,1182065,0,23148,0,0,0,168235,13350,0,0,0,12763,6506,0,0,53196,21366,30791,0,7387,9327,0,0,17847,0,0,5954,0,33116,125998,0,0,0,0,141864,0,0,0,27531,193,2190,1253,1525,0,0,828,1178,5280,0,72511,0,0,0,0,0,0,0,14755,10632,0,0,0,188470,0,0,0,0,0,0,0,13873,31901,0,34058,0,0,246,0,213530,1962,0,120595,0,0,1238,14147,0,38726,11001,0,0,18848,0,410501,0,0,12135,3509,0,0,18148,0,12531,8352,0,0,0,0,0,0,0,0,0,934,0,278,0,13102,13869,0,0,0,3123,0,0,631,0,308,0,165,0,0,4119,6396,0,0,568,1136,0,0,2564,0,0,0,0,0,0,0,0,0,494,18989,3067,0,2797,0,0,0,0,0,8450,4927,0,6718,0,16964,0,0,0,0,0,0,1599,0,0,0,1477,0,0,0,788,0,10715,0,0,8299,26466,0,0,3088,0,1979,0,0,0,1114,861,3126,0,0,0,1812,10233,0,0,0,2837,69163,425,0,864,151,0,2123,0,5535,0,0,0,176,8451,7840,0,0,0,0,0,7917,355,0,0,0,0,0,3181,0,0,0,19,0,0,0,0,414,0,142,0,0,0,0,0,0
2013-05-01,2332,1465,0,0,0,58869,0,0,0,0,0,0,0,121305,0,63616,0,0,0,0,14148,31083,0,6422,0,0,532979,0,1514,38246,0,7139,165222,0,3884,0,9704,0,56018,1015168,0,18543,0,0,0,33337,92429,0,0,0,3290,20148,0,0,0,9696,7005,0,0,3784,0,0,23465,0,0,0,0,21076,113972,0,0,0,0,124488,0,0,0,0,0,9731,592,405,0,0,0,2068,19076,0,64096,0,0,0,0,0,0,0,0,0,0,0,0,177976,0,4152,568,6489,0,0,0,16106,36958,0,29466,0,0,672,0,227145,1958,0,127379,0,0,692,13960,0,0,11791,0,0,22690,0,324776,0,0,0,0,0,0,0,0,15195,2364,0,0,0,0,0,0,3808,0,0,0,1919,0,0,11736,0,0,932,0,12957,0,0,203,0,1179,22389,0,3037,0,3704,3423,0,0,233,0,0,0,34065,0,0,0,0,0,0,0,0,0,494,61130,0,0,586,0,0,45850,0,0,0,4451,0,16124,0,18163,0,4866,0,20800,0,0,9488,0,0,2086,2163,0,0,0,810,7972,0,5879,0,0,36619,0,0,4440,0,0,0,0,0,1764,1254,3594,0,0,0,0,5070,0,0,0,1065,70486,3104,0,1339,0,0,2509,0,8682,0,0,0,198,4159,13979,0,0,0,0,0,5892,394,0,0,0,0,0,2675,0,0,0,65,0,1362,0,190,720,0,0,0,0,0,0,0,0
2013-06-01,3169,1465,0,3938,0,41893,0,0,0,0,0,0,0,0,0,25685,0,0,0,4119,1192,43592,0,12120,0,0,400009,0,0,44142,0,4067,32831,0,646,60127,5120,0,33829,913338,0,0,0,0,0,6436,0,0,0,0,0,0,0,0,1334,13145,0,0,0,0,7765,0,26525,0,0,0,0,9779,33663,0,0,0,0,53903,0,0,0,0,5266,738,227,0,0,0,0,2843,0,0,53673,0,0,0,0,0,0,0,1631,0,0,0,0,169732,896,6769,0,0,0,0,0,14324,34738,0,28955,0,0,892,0,293295,303,0,104850,0,0,12863,16024,0,0,8758,0,0,20792,0,339811,0,850,10837,0,0,0,0,1390,12134,6011,0,0,0,0,0,0,0,0,0,0,742,0,454,10466,0,0,0,0,0,331,0,1187,0,944,0,0,0,0,377,5874,0,0,1136,3408,0,0,15066,0,0,0,0,0,0,0,0,0,0,0,4774,0,3143,0,0,0,0,2113,0,4108,0,32455,0,29778,0,66722,0,0,0,0,759,0,0,0,727,0,0,0,0,0,0,19054,180,7034,9901,0,0,4326,0,0,0,0,0,1319,382,2144,0,0,0,7792,12016,0,0,0,1144,59275,1136,0,1428,167,0,1886,38,8358,0,0,0,231,7984,8777,0,0,0,0,0,8343,1718,0,0,0,0,0,2445,0,0,0,154,0,0,0,270,0,0,0,0,2853,0,0,0,0
2013-07-01,5718,17457,0,2831,0,32949,0,0,0,0,0,0,0,21820,0,2662,0,0,0,0,6359,31505,0,29467,0,0,459609,0,0,32599,0,1504,138932,0,0,0,4026,0,48007,561275,0,0,0,0,3058,6469,31924,0,0,0,27868,0,0,0,0,23916,23153,0,1650,649,0,5988,16700,0,0,0,1107,7873,70323,0,0,0,0,208722,13529,0,0,0,0,0,113,1542,0,0,0,2458,1075,0,45179,227,0,0,0,0,0,0,0,0,0,0,0,140039,0,3894,0,0,0,0,0,12559,30928,0,30291,0,0,682,0,268519,249,0,115473,0,0,521,22876,0,0,12127,0,0,22624,0,313898,0,0,10,8197,0,0,0,0,15785,7473,0,0,0,0,0,0,0,244,0,1049,1140,0,341,11787,0,0,1052,0,1286,373,0,1246,0,65,9306,270,0,0,3871,66651,0,0,0,1136,0,0,7088,0,0,0,0,0,0,0,0,0,1670,43949,0,0,2477,0,0,0,0,0,3399,2624,0,1072,0,31462,0,18426,0,0,0,0,7649,0,0,0,2147,0,0,0,411,0,7340,0,0,9752,75349,0,0,1493,0,0,0,0,0,2478,0,2770,0,0,0,2899,16800,0,0,0,3739,66296,375,0,2955,0,0,3075,0,45101,0,0,0,323,2874,29949,0,0,0,0,0,7640,2172,0,0,0,0,0,2413,0,0,0,17,0,0,44,0,0,0,0,0,0,0,0,0,0
2013-08-01,4415,0,0,4229,0,28763,0,0,0,0,0,0,0,0,0,45917,0,0,0,2062,17190,49513,0,14687,0,0,310392,0,7007,25827,0,1504,30175,0,0,0,1848,0,46581,666281,0,64711,0,0,7039,4945,56410,0,0,0,367,0,0,0,85693,210,53754,0,26948,0,0,0,12106,0,0,0,0,20382,92301,0,0,0,0,52594,0,0,0,0,78943,0,240,2303,0,0,0,2917,3679,0,55501,0,0,0,0,0,0,0,725,0,0,0,0,165364,0,1298,0,0,0,0,0,17071,37809,0,31009,0,0,700,0,240088,450,8821,102346,0,0,4455,22116,0,0,8919,0,0,22554,0,486644,0,0,0,0,0,0,0,0,38163,10555,0,0,0,0,0,0,0,0,0,841,755,0,0,12156,0,0,0,0,0,5305,0,0,0,3450,0,619,0,0,154,7046,0,0,0,761,0,0,4999,0,0,0,0,0,0,0,0,0,0,0,5621,0,1935,0,0,0,0,0,0,2970,0,11544,0,17308,4427,5254,0,0,0,0,3792,77949,0,340,1714,0,0,0,0,0,0,0,0,0,11990,0,0,0,0,0,0,0,0,2504,0,2337,0,0,0,725,7710,0,0,0,2012,80262,1016,0,1983,0,0,1809,0,10011,0,0,0,179,5771,4412,0,4769,0,0,0,5986,1802,0,0,0,0,0,2266,0,0,0,0,0,0,0,0,0,0,0,0,0,0,0,0,0
2013-09-01,2263,0,0,2939,0,102689,0,30494,0,0,0,0,0,0,0,236928,0,0,0,3135,432,37011,0,6812,0,0,542703,6608,0,56927,0,48,451233,0,0,285550,0,0,42196,1606420,0,0,0,0,0,98468,126473,0,0,0,4045,0,0,0,0,12051,0,0,0,0,0,0,10513,0,0,0,0,27331,67683,0,0,0,0,86252,0,0,838,0,8965,7755,189,23133,0,0,0,3715,1075,0,68530,0,0,0,0,0,0,0,0,0,0,0,0,474965,0,1298,0,0,0,0,72,17046,54588,0,33803,0,0,853,0,255412,1998,681,119682,0,0,4751,72518,0,2342,11876,0,0,18470,0,375712,0,0,0,0,0,0,0,0,17948,1133,0,0,0,0,0,0,0,0,0,0,7948,0,0,12504,0,0,932,0,0,1129,0,1129,0,0,0,438,0,0,6477,8262,0,0,0,0,0,0,10590,0,0,0,0,0,0,0,0,0,606,122484,2275,0,2475,0,0,51833,0,0,4048,10745,0,12438,0,38284,0,13045,0,0,0,0,12264,216767,0,1317,471,0,0,0,401,0,6398,7373,0,6787,0,0,0,5232,0,0,0,0,0,2160,0,5085,0,0,0,1268,8593,0,0,599,1723,94700,4971,0,1727,0,0,3049,0,48634,0,0,0,331,3803,26892,0,0,0,0,0,7536,863,0,0,0,4120,0,3319,0,0,0,261,0,0,0,376,748,0,0,0,6480,0,0,0,0
2013-10-01,8969,0,0,7306,0,208893,0,0,0,0,0,0,0,13078,0,131778,0,0,0,841,8975,88461,0,15699,0,0,450533,4891,0,26225,0,15660,175677,0,0,0,0,0,49298,901412,0,0,0,0,18679,236668,199106,0,0,0,3692,20985,0,0,114514,27184,10045,0,9436,0,7636,0,18163,0,0,0,0,41127,123123,0,0,0,0,154557,0,0,0,15944,58588,1650,679,51952,0,0,2401,3956,0,0,107868,0,0,0,0,0,0,0,0,68343,0,0,0,492545,6372,0,0,6112,0,0,0,21480,65443,0,39701,0,0,1428,0,239977,929,1499,135736,0,0,2883,14425,0,0,12211,0,0,29208,0,440933,0,0,0,0,0,0,0,0,24035,11874,0,0,0,0,0,363,1013,0,0,5035,12784,0,0,40192,0,0,894,0,20492,1836,0,1244,0,144,0,1253,0,0,2889,70671,0,0,0,0,0,0,1172,0,0,0,0,0,0,0,0,3353,331,0,7880,4672,509,0,0,0,0,0,0,17400,0,20901,0,37432,867,131,0,0,0,0,3213,24381,0,0,3076,0,0,0,419,0,0,0,0,16028,116198,0,0,0,0,0,0,0,0,5675,0,7022,0,0,0,0,13764,0,0,283,7,138606,662,698,1024,0,0,820,399,14692,0,0,0,0,13962,11310,0,0,0,0,0,11239,2704,0,86,0,2156,0,3148,0,0,0,90,0,0,0,106,0,29,0,0,8382,0,0,0,0
2013-11-01,14183,79815,0,4195,0,338170,0,0,0,0,0,0,0,22612,7939,166737,0,0,0,9862,24489,58368,8238,22694,0,0,751950,0,0,65494,0,101,109866,0,325,0,6306,0,49760,522570,2891,0,5833,0,0,37906,0,0,0,0,0,10692,0,0,0,17864,0,0,0,0,0,0,19795,0,0,0,6482,23482,122531,0,0,0,0,55557,0,0,0,0,0,15846,1276,2398,0,0,0,5057,1361,0,227479,0,0,0,0,4404,0,0,0,0,0,0,0,1060774,0,0,4732,0,0,0,170,14667,75785,0,34879,0,4764,157,0,294054,1958,1059,153884,0,0,3190,13510,0,0,11002,0,0,26163,0,343211,0,5253,0,0,0,0,6681,351,53486,6597,0,0,0,0,0,0,9956,0,0,3923,9015,512,0,23435,0,0,16228,0,0,273,0,967,0,141,0,1314,0,0,9736,30169,0,98,0,4574,0,0,17677,0,0,0,0,0,0,0,0,18399,538,0,0,0,2903,0,0,0,0,0,1804,12979,0,36665,0,35934,0,0,0,0,0,0,5594,21114,0,12386,3854,0,0,0,5916,0,14364,4029,0,0,0,0,0,4024,0,0,0,0,0,6118,1142,27426,0,0,0,3624,16552,0,0,377,5037,138668,3114,482,1026,40,0,3200,0,71962,0,0,0,206,13360,28873,0,0,0,0,425,30749,674,0,0,0,0,0,3154,0,0,0,256,0,343,0,1419,0,0,142,0,0,0,0,0,0
2013-12-01,8596,75757,0,7149,0,135841,0,1871,0,0,1978,297,0,0,0,107609,0,0,0,0,7521,30733,0,13122,0,0,758448,0,0,42363,0,7140,196191,0,467,7170,3110,0,131314,997685,0,15811,0,0,0,11594,127451,0,0,0,15659,29623,0,0,3468,6312,81199,0,851,0,0,0,28775,0,0,0,0,11932,75433,0,0,0,0,112418,0,0,0,0,14019,11555,2180,16975,0,0,0,14558,2785,0,977727,0,0,0,0,140,0,0,65500,0,0,0,0,1581797,1363,0,0,0,0,0,379,27812,150140,3979,40165,0,0,1239,0,461101,1011,2381,213876,0,0,1510,24446,196,0,19165,0,0,31278,0,415865,0,0,0,0,1080,0,5045,12399,134327,6723,0,0,1483,0,0,0,5059,494,0,0,566,204,0,33251,0,0,8153,0,18382,959,800,1856,1833,217,9290,861,0,297,7290,19804,0,123,116,5572,0,1019,13998,0,0,0,0,0,0,0,0,18375,0,9429,5266,0,0,0,0,0,1066,0,5188,4868,0,11064,14153,20241,0,28295,0,0,0,0,19402,131393,0,0,481,3213,0,0,0,0,0,12211,0,38279,0,0,0,0,0,0,0,0,0,31456,0,95465,0,0,0,0,97757,0,0,284,2094,257633,348,0,7947,0,0,7140,1134,18328,0,91,0,87,16784,53415,0,0,244,0,0,64374,998,0,0,0,240,0,8981,0,1743,0,230,0,343,0,255,0,0,0,110,0,0,0,0,0
2014-01-01,14803,0,0,12789,0,86730,0,0,0,0,0,0,0,5116,0,47292,0,0,0,3021,7940,48385,0,15370,0,0,239121,11185,2123,25195,0,7497,199943,4704,1634,0,3463,0,54406,469017,0,59809,0,0,0,2463,0,0,5269,0,4020,0,0,0,0,5808,19392,1325,0,5466,6351,0,12474,0,0,0,0,33019,139769,0,0,0,0,272656,0,0,0,0,25019,10709,0,16897,0,0,2395,4429,17436,0,63062,0,0,0,0,0,0,0,0,0,0,0,0,201832,0,0,0,0,0,0,0,12373,48016,0,17440,0,0,441,0,168932,467,0,103060,0,0,2364,143846,0,4625,7762,0,0,20638,0,285354,0,0,0,0,0,0,0,1544,23840,6195,0,0,0,523,0,0,338,0,0,6786,0,0,0,21005,0,0,1052,0,3095,515,0,1673,0,141,5,989,11935,0,6250,54083,0,0,0,0,0,0,16085,0,10,0,0,0,0,0,0,0,0,0,4878,0,4422,0,0,0,719,0,5031,7644,0,47561,0,17632,1053,94212,0,0,0,0,7200,0,0,0,706,0,0,0,0,0,11531,8621,0,0,7511,0,0,2686,0,0,0,0,0,12281,0,7548,0,0,0,1088,25682,0,0,0,0,88233,2913,0,427,0,0,2591,0,4802,0,0,0,0,4968,7327,0,4422,0,0,212,5559,3066,0,0,0,0,0,2513,0,0,0,17,0,1363,0,33,0,0,0,0,0,0,0,0,0
2014-02-01,1323,31163,0,4887,0,48841,0,0,0,0,4140,0,0,0,0,27961,0,0,0,0,540,37292,0,19730,0,0,326484,0,0,38024,0,123,117708,0,293,4600,0,0,44386,1032197,0,42126,0,0,16056,6441,111942,0,0,0,0,0,0,0,4027,10029,0,0,949,0,0,0,12821,0,24,0,3512,11497,68772,0,0,0,0,114264,0,0,0,0,14339,5022,220,31641,0,0,2425,2874,1978,0,68948,0,0,0,0,0,0,0,0,0,0,0,0,192449,0,0,0,0,0,0,0,12998,32939,0,12573,0,0,248,0,146364,363,0,108428,0,0,564,13195,0,0,9557,0,0,20926,0,219720,0,0,0,0,0,0,0,0,20255,1492,0,0,0,0,0,0,0,0,0,5106,4044,0,0,16726,0,840,0,0,12986,293,0,1041,0,937,9287,956,0,0,7690,18415,0,0,0,0,0,0,6545,0,0,0,0,0,4118,0,0,0,5027,110280,4124,0,510,0,0,0,0,0,4088,1014,0,8982,1742,26590,0,0,0,0,0,0,7391,0,0,0,1911,0,0,0,524,0,0,0,0,0,0,0,0,0,0,0,0,0,0,7522,0,5203,0,0,0,2003,32246,0,0,0,0,66466,396,0,334,0,0,2439,0,10483,0,0,0,0,9148,5235,0,0,0,0,0,6464,899,0,0,0,0,0,3179,0,0,0,42,0,0,0,88,0,0,0,0,15046,0,0,0,0
2014-03-01,1048,14432,0,75,0,76111,0,0,0,0,0,0,0,0,0,44075,0,0,0,6107,0,19312,0,13325,0,0,404758,3325,0,32814,0,4020,235965,0,0,40887,5671,0,39831,877190,0,19708,0,0,0,3850,3367,0,0,0,11710,23688,0,0,54383,19115,0,0,0,0,0,0,7290,0,0,0,0,27416,83688,0,0,0,0,113664,0,0,0,36640,84925,0,257,2481,0,0,2417,3729,0,0,58805,0,3100,0,0,0,0,0,0,0,0,0,0,165574,8429,0,0,0,0,0,0,10072,41243,0,14252,0,0,398,0,159450,420,0,113328,0,0,4258,16200,0,0,11917,0,0,12940,0,273741,0,0,0,0,0,0,0,0,14800,5227,0,0,0,0,0,0,0,0,0,0,9589,0,0,18696,0,0,1532,0,1656,2261,0,604,0,453,882,1150,0,0,0,3187,0,0,0,0,0,0,17593,0,0,0,0,0,0,0,0,0,0,0,0,0,9856,0,0,0,0,0,0,3589,0,6495,0,48526,0,29124,0,0,0,0,2818,0,0,0,1448,0,0,0,11313,0,9068,6368,0,0,84763,0,0,0,0,0,0,0,0,9713,0,4690,0,0,0,0,40732,0,0,0,0,66452,349,0,319,0,0,3753,0,9651,0,0,0,51,5048,5818,0,0,0,0,0,6739,922,0,0,0,0,0,1108,0,0,0,153,0,0,0,0,0,0,0,0,0,0,0,0,0
2014-04-01,1241,16277,0,9366,0,288219,0,0,0,0,0,0,0,0,0,24072,0,0,0,0,10759,45703,0,5586,0,0,527739,3219,0,24565,0,0,78126,0,1555,63734,5574,0,39517,706446,0,0,0,0,0,22543,0,0,5101,0,2285,0,0,0,0,13041,0,0,2844,0,0,0,8698,11272,0,0,1527,12430,35761,0,0,0,0,25355,0,0,10749,0,0,3636,0,15961,0,0,0,2642,717,0,81156,0,0,0,0,0,0,0,0,0,0,0,0,194567,0,10109,422,7029,0,0,0,17611,39661,0,13339,0,0,623,0,186762,685,0,110964,0,0,298,15177,0,0,10493,0,0,29854,0,507923,0,0,0,0,0,0,0,0,18809,6799,0,0,0,0,0,381,0,197,38803,0,7132,0,0,18058,0,0,0,0,1451,196,0,5821,0,315,12981,897,0,0,6947,23460,0,0,0,0,0,0,4677,0,0,0,0,0,0,0,0,0,0,46372,5217,0,3710,0,0,0,0,0,1520,4064,0,8313,2726,25456,0,47265,0,0,0,0,5610,121256,0,0,2658,0,0,0,2570,0,0,12844,0,8532,0,0,0,1124,0,0,0,0,0,7242,827,7209,0,0,0,0,27518,0,0,0,173,78686,415,397,1332,34,0,2290,0,9087,0,0,0,0,10019,10152,0,0,0,0,85,6256,1441,0,0,0,0,0,1524,965,0,0,101,0,0,0,0,0,0,0,0,0,0,0,0,0
2014-05-01,0,0,0,1507,0,33275,0,0,0,0,0,0,0,6946,0,42436,0,0,0,2374,2483,21896,0,1491,0,0,466144,0,0,36218,0,11044,5290,0,1357,47862,0,0,56964,790712,0,0,0,0,0,4359,102455,0,0,0,5064,0,0,0,0,36945,0,0,0,0,7756,0,29579,7769,0,0,0,9866,42469,0,0,0,0,17470,0,0,0,0,117621,0,5528,2415,0,0,0,3422,1424,0,58944,0,0,0,0,0,0,0,39262,0,0,0,0,132137,0,2109,0,0,0,0,72,12314,28048,0,14516,0,0,227,0,189975,395,0,98227,0,0,865,16701,0,0,10399,0,0,35768,0,314562,0,0,0,0,0,0,0,0,29127,9363,0,0,0,0,0,674,0,378,0,10812,2589,0,0,12755,0,0,932,0,2942,247,0,1051,0,634,2454,701,322,3256,669,24237,0,0,0,0,0,0,0,0,0,0,0,0,0,806,0,0,762,0,445,0,2480,0,0,0,2417,0,4696,3552,0,2436,0,6782,0,19252,0,0,0,0,3065,138085,0,221,2489,0,0,0,0,0,0,0,0,0,0,0,0,1650,0,0,0,0,0,3595,0,4072,0,0,0,0,12988,0,0,236,2545,75430,78,0,1311,0,0,2439,0,5392,0,0,0,0,7749,10168,0,0,0,0,0,5550,2135,0,0,0,0,0,1364,0,0,1101,39,0,0,0,0,0,0,0,0,0,0,0,0,0
2014-06-01,2677,0,0,7623,0,109505,0,0,0,0,0,0,0,0,0,25480,0,2325,0,0,11563,44653,0,21793,0,0,483532,0,0,41542,0,5075,147139,0,0,72531,4001,0,43259,751130,0,41161,5529,0,0,63078,75983,0,9850,0,5381,0,0,0,0,1873,0,0,28454,0,168,0,18869,0,0,0,0,12909,47869,0,0,0,0,19019,3506,0,0,0,134663,0,698,2937,0,0,0,3768,0,0,51376,0,0,0,0,0,0,0,0,5565,0,0,0,145012,0,3796,0,0,18375,0,0,11415,26141,0,14714,0,0,1372,0,197911,137,0,107204,0,0,4245,40209,0,0,10476,0,0,18316,0,219988,0,0,5193,0,0,0,95,24372,15388,2192,0,0,0,0,0,0,0,348,0,4193,0,0,0,16046,0,0,0,0,0,178,0,386,0,1524,0,673,0,0,5334,23180,0,98,0,0,0,0,3156,0,0,0,0,0,0,0,0,0,0,64046,1913,0,0,0,0,0,0,0,2533,6547,0,5044,0,24560,0,10383,0,0,0,0,4586,68751,0,0,2203,0,0,14334,0,0,9993,12277,0,14367,0,0,0,37150,0,0,0,0,0,3399,0,6050,0,0,0,3189,10841,0,0,0,517,71772,291,1197,2679,0,0,3381,0,12939,0,0,0,0,2618,5035,0,0,0,0,0,5710,673,0,0,0,0,0,1150,0,0,0,0,0,0,0,160,16599,0,142,0,4020,0,0,0,0
2014-07-01,0,2780,0,924,0,17230,0,0,0,0,0,0,0,32903,0,27679,1561,0,0,0,447,18423,0,210,0,0,572765,0,1495,47461,0,6730,202866,5882,0,53215,4015,0,38043,1374917,0,60051,0,0,0,4898,85957,0,0,0,0,0,0,0,31416,7968,0,0,14093,0,0,0,11481,840,0,0,0,24072,35322,0,360,0,0,220922,0,0,0,0,0,0,3065,720,0,0,0,2582,16602,0,50237,0,0,0,0,0,0,0,0,0,0,0,0,130247,0,8435,0,0,0,0,0,11635,33068,0,15060,0,0,857,0,198521,358,0,103215,0,0,3962,35367,64,3202,9972,0,0,26086,0,465330,0,0,0,0,0,0,0,0,15196,1675,0,0,0,0,0,495,0,378,0,0,7972,306,0,13553,0,0,1052,0,699,0,0,3231,0,1097,0,532,3500,0,680,0,0,0,0,0,0,0,17639,0,0,0,0,0,0,0,0,0,0,0,0,0,2503,0,0,0,0,0,0,4977,0,13839,0,34129,0,17655,0,0,0,0,9485,106357,0,0,3177,0,0,0,839,0,505,11886,0,0,0,0,0,2744,0,0,0,0,0,4250,0,1404,0,0,0,7318,20679,0,0,0,2253,64313,500,0,1145,0,0,2816,0,7889,0,0,2396,0,9388,8450,0,0,0,0,0,7579,716,0,0,0,0,0,2356,0,0,0,92,0,0,0,0,0,0,0,0,0,0,0,0,0
2014-08-01,0,0,0,5121,5423,121760,0,0,738,0,0,0,0,8172,0,89866,833,0,0,2816,9147,66828,0,10172,0,0,477210,4599,0,20653,0,18153,46908,0,0,41420,5316,0,43809,996091,0,33635,0,0,0,40642,0,0,0,0,0,0,0,0,95592,3538,0,0,0,504,0,0,23372,0,0,0,0,12778,90517,0,0,0,0,44344,0,0,0,0,7214,3604,0,1934,0,0,0,3735,358,0,45223,0,0,0,0,0,0,0,6218,0,0,0,0,160411,0,5061,0,7029,0,0,0,10303,38814,0,17529,0,0,230,0,197816,331,0,83786,0,0,148,15503,125,3294,10038,0,0,18488,0,233137,0,0,8943,0,0,0,0,0,12370,5620,0,0,0,0,0,0,0,0,0,0,0,0,538,21950,0,0,0,0,2746,81,0,992,0,514,0,934,0,0,143,43647,0,0,0,0,0,0,0,0,0,0,0,0,0,403,0,0,50,66112,5315,0,2516,0,0,0,0,0,741,9232,0,1055,0,17756,0,32692,0,0,0,0,5926,1120,0,662,4469,0,0,0,419,0,10173,31310,319,0,15212,0,0,7359,0,0,0,0,0,11215,7710,3606,0,0,0,3251,9158,0,0,0,458,75011,0,0,749,0,0,2957,0,9123,0,0,0,0,6198,4919,0,0,0,0,0,4806,3313,0,0,0,0,0,5016,0,0,0,33,0,0,0,186,0,0,0,0,4701,0,0,0,0
2014-09-01,0,2629,0,3225,0,124176,1790,0,0,0,0,0,12146,2761,1799,238068,0,0,0,0,2702,54907,0,13082,0,0,584278,11621,0,42694,0,6771,203643,0,1316,3700,112,0,56699,894789,0,22300,0,0,0,10696,0,0,0,0,7620,2486,0,0,0,17660,0,0,92277,0,7902,0,14329,2175,596,0,0,20416,70904,0,0,0,0,251168,0,0,0,0,5746,1973,3122,24507,0,0,0,3036,8943,0,76475,0,0,1140,0,0,0,0,0,0,0,0,0,364512,0,1687,0,0,0,0,170,12810,50413,0,15845,0,0,1673,0,229147,992,0,115426,0,0,485,25628,0,557,13745,0,0,26847,0,634179,0,0,5917,0,0,0,0,0,21322,5049,0,0,0,0,0,237,0,0,0,2669,4398,0,0,37547,0,0,1532,0,9679,215,0,1319,0,91,0,2048,0,0,5629,33454,0,0,0,0,0,0,2820,0,0,402,0,0,0,997,0,0,0,0,3967,0,25369,0,0,0,16145,0,2014,8205,0,7442,0,11067,0,36112,0,0,0,9322,6967,252551,0,0,1978,0,0,0,11523,0,0,9855,637,0,0,0,0,2229,0,0,0,0,0,6935,2304,6514,0,0,0,0,27276,0,0,236,307,112282,228,1025,1265,36,0,4082,0,5041,0,0,0,0,10169,6662,0,0,0,0,0,7868,865,0,0,0,0,0,5801,0,0,0,114,0,0,0,308,0,0,0,0,0,0,0,0,0
2014-10-01,0,0,0,7117,0,3217573,0,0,2859,0,4640,0,0,85583,0,288428,0,0,3743,9996,6276,54350,0,23353,0,0,646718,0,0,51837,0,7808,255898,6416,1393,0,13998,0,61235,1353527,0,23514,0,0,0,88817,0,0,0,2000,0,0,1464,0,68235,39017,0,0,73616,800,0,0,7794,0,565,0,7177,30694,176315,0,0,688,0,194749,0,0,0,0,111709,3419,7010,90478,0,0,0,2836,1625,0,93116,0,36521,0,0,0,0,0,0,48794,0,0,0,349588,0,0,0,0,0,0,170,14600,69521,0,25215,0,0,1812,0,238015,1441,0,127287,0,0,5273,33666,0,0,10017,0,0,23263,0,301466,0,0,0,0,0,0,0,1390,27737,4452,0,0,0,0,0,0,17942,0,0,0,15157,0,0,28709,0,79,0,0,95487,4610,0,1832,0,83,0,2478,0,0,5443,0,0,0,0,1863,0,0,2849,0,0,0,0,0,0,0,0,0,0,93141,4482,0,2349,0,0,0,0,0,2240,13025,0,18770,1711,37108,0,22241,0,0,0,6692,4843,158144,0,0,1459,0,0,0,4088,0,11132,2300,0,0,51760,0,0,1234,0,0,0,0,0,12202,824,6926,0,0,0,0,54841,0,84,236,289,118500,38,1025,1707,0,0,3456,0,18797,0,0,0,0,7729,7218,0,0,0,0,0,9947,806,0,0,0,0,0,6318,0,510,0,21,0,0,0,584,0,0,0,0,0,0,0,0,0
2014-11-01,0,3316,0,7986,0,159583,1274,0,1177,0,0,0,0,116122,0,243445,25669,0,0,6267,8161,59020,0,24038,0,0,514516,0,3186,57134,0,8150,183701,0,931,66831,4595,0,125555,729384,0,37669,0,392,0,120042,6647,0,10159,0,14680,0,0,0,0,14724,0,0,0,459,0,0,39176,0,1284,0,0,20943,43053,0,0,0,0,176498,0,0,1332,20390,4828,6705,713,21419,0,0,2084,3404,846,0,229258,0,0,0,2388,995,0,0,0,0,13873,0,0,680687,0,0,0,0,0,0,267,14967,72326,0,26778,0,0,1811,9181,231472,940,0,163475,0,0,1437,21097,123,0,14641,0,0,35055,0,301470,0,0,5625,0,0,0,241,164,85824,12011,0,0,0,0,0,0,10347,0,87715,0,14867,0,0,28047,15,0,32315,0,1327,3324,0,1601,1601,427,0,1276,0,0,3850,41734,0,125,0,0,0,0,1444,0,0,198,0,0,0,0,0,0,0,73661,655,0,0,0,0,0,2516,0,1256,6817,0,21602,1241,29042,0,34803,0,0,0,2259,8739,0,0,5285,1730,0,0,0,0,0,0,0,0,0,0,0,0,70551,0,0,0,0,0,13415,0,28649,0,0,0,0,52605,0,0,656,2600,139690,26,609,3512,0,0,3809,2248,53902,0,191,0,0,21134,9486,0,0,0,0,0,21893,2292,0,0,0,0,0,2962,0,0,3722,0,960,0,0,76,0,0,137,0,0,0,0,0,0
2014-12-01,7836,19839,0,1024,0,121193,0,0,2211,0,0,0,0,9281,0,183289,0,0,0,0,4716,51867,0,14991,0,120,729003,5421,0,63301,0,9220,130858,0,1308,62977,7174,0,193607,272688,0,52037,0,0,129,127425,0,0,0,0,8810,24775,0,0,32531,16969,0,0,0,0,0,0,22858,0,653,0,751,39505,58051,0,0,0,0,31205,0,0,0,0,123536,3431,5388,92996,0,0,3097,13145,1469,0,861777,0,0,0,0,1188,40,0,0,0,0,2375,1214,1493873,13030,0,0,0,0,0,366,24743,114955,544,34475,0,4444,1018,0,459842,956,0,213684,0,0,7474,46669,1651,10519,18251,0,0,38477,0,643881,0,0,6166,0,0,0,1420,356,131970,4085,566,0,0,0,0,0,0,0,180,0,0,1467,0,70495,0,0,0,0,24089,2277,0,2413,0,46,0,2467,0,0,875,36193,0,0,912,1933,0,0,11583,9700,0,0,0,0,44,0,0,0,2275,0,2003,0,3284,0,0,0,0,0,3146,8038,0,7875,0,19983,0,16482,0,0,0,1943,28623,51278,0,462,4093,0,0,0,1173,0,6210,0,0,0,0,0,0,13671,0,0,0,0,0,35229,0,43945,0,679,456,0,152520,0,0,560,0,285148,265,351,7116,173,0,4956,563,15424,0,1841,0,118,20889,18172,1223,575,0,0,85,69626,1361,0,0,0,1522,0,15528,0,0,0,683,0,0,0,332,0,0,142,0,176,0,0,0,0
2015-01-01,10782,1172,0,13718,0,40444,0,163,1263,0,1334,0,19128,14530,0,25213,0,0,0,2266,7796,28216,0,16282,0,0,217531,0,0,51347,0,11248,6213,3200,0,10251,0,0,46818,27669,0,45151,0,0,0,11895,0,0,0,0,9750,0,0,0,19655,4930,0,0,1737,0,0,0,13190,0,315,0,0,5255,26319,0,0,0,0,8521,0,0,0,0,0,1925,0,5551,0,0,2027,1856,4320,0,55178,0,0,0,0,0,0,0,0,0,0,0,0,126254,0,0,0,923,0,0,0,7333,30323,0,21776,0,0,736,0,122713,838,0,88195,0,0,3310,56341,0,0,8395,0,0,18747,0,230885,0,0,35903,0,0,0,0,0,16089,1438,0,0,0,0,0,0,0,0,0,0,6215,0,0,24069,0,1,0,0,151,3009,0,475,0,0,0,1272,0,0,3416,17737,0,0,0,0,0,0,1986,0,0,0,0,0,65,0,0,0,0,18509,4412,0,3279,0,0,0,0,0,1689,5874,0,26229,4402,35785,0,0,0,0,0,0,1751,162886,0,0,0,0,0,0,0,0,0,6776,0,0,0,0,0,0,0,0,0,0,0,6953,0,3047,0,0,0,0,12558,0,0,0,140,71316,70,0,1540,0,0,2081,0,9694,0,0,0,0,11938,5677,0,0,0,0,0,4132,776,0,0,0,0,0,3982,0,0,0,77,0,0,0,95,0,0,0,0,357,0,0,0,0
2015-09-01,2032,109197,0,13185,0,152062,0,0,2039,0,0,0,0,95345,0,306073,0,0,0,0,6698,46264,1969,19173,0,0,629543,0,0,45792,0,6112,406113,875,653,0,1365,5261,66133,1027071,0,21479,0,0,0,8531,0,0,0,0,15483,0,2985,184,0,827,29099,0,0,8512,17330,0,28132,0,1417,0,7949,28508,104624,0,0,0,0,332445,0,590,0,0,6723,0,484,5040,0,0,0,4624,0,0,72856,0,0,0,0,0,0,0,0,6358,0,0,0,317658,0,0,0,1141,97,0,170,13572,48534,0,11713,0,0,140,0,232796,667,0,109316,0,0,3442,50248,19384,0,11765,125,0,28130,0,390454,0,0,21550,0,0,0,0,0,16954,6318,0,0,0,0,0,979,0,0,0,0,50990,0,0,25415,0,0,0,0,29654,1089,0,9624,0,0,0,2378,0,0,663,13758,0,0,0,0,0,0,9267,0,0,27514,0,0,0,0,0,0,0,0,0,0,2791,0,0,16625,1438,0,3172,19746,0,10810,3335,23588,0,12252,0,0,0,8560,11730,284231,0,0,7965,0,0,0,0,0,0,0,0,0,0,0,452,1530,8013,0,0,0,0,6033,0,2257,0,0,0,4408,35590,0,0,236,0,92120,117,0,912,0,0,2982,233,7607,0,0,0,0,10242,7511,0,0,0,0,0,7033,957,0,0,0,0,0,665,0,0,0,120,0,0,0,264,0,0,0,0,0,0,0,0,0
2015-10-01,1372,10590,0,4244,0,96623,0,0,2766,0,0,0,0,10564,1861,397726,12386,0,0,0,0,61176,0,20681,0,0,602242,10058,0,38729,0,4541,332974,3883,946,0,9440,0,59645,1154017,0,22605,0,735,0,65799,0,0,0,0,55016,0,0,0,87892,47888,0,0,33402,0,0,0,47169,0,546,0,0,21741,138207,0,0,0,0,262128,0,101710,0,0,128160,8073,0,18429,0,0,0,3704,0,0,92884,0,0,0,0,0,0,0,0,2216,0,0,270,278296,0,0,0,0,0,0,599,9946,74527,0,16489,1492,0,270,0,179505,1237,0,114263,0,0,2019,48971,0,40760,10475,0,0,34036,0,307318,0,0,0,0,0,0,0,0,54573,1391,0,0,0,0,0,0,12191,0,4630,0,32554,0,0,18799,0,0,1132,0,25863,949,0,2102,0,366,0,4510,0,0,6179,4257,0,0,0,0,0,0,31515,0,0,37714,0,0,0,0,0,0,0,0,8533,0,1946,0,0,0,0,0,3053,7937,0,1981,0,34806,0,44561,0,0,0,9539,8460,0,0,0,0,0,3919,211908,3779,0,13958,22621,0,0,32649,0,0,0,9333,0,0,0,0,4403,0,3444,0,0,0,0,30643,0,0,236,265,99922,98,173,1651,0,0,3126,0,4381,0,191,0,0,6326,10148,0,0,0,0,0,9196,1049,0,0,0,0,0,1134,0,0,0,0,0,0,33,221,0,0,0,0,0,0,0,0,0
2015-11-01,0,98822,0,13022,43371,196448,0,0,0,0,0,0,0,10167,0,459557,0,0,0,4613,23403,51864,8391,0,0,0,901535,0,5319,46763,0,5691,215940,0,0,0,1134,0,181489,338410,0,27432,0,146,0,228664,0,9344,0,2250,27743,0,0,754,0,22185,0,0,0,84,4050,0,16987,0,646,0,0,29742,180806,0,0,0,0,167106,0,11025,0,0,43646,0,0,31761,0,0,0,6865,2088,0,203770,2640,0,0,0,7392,0,0,0,0,0,0,0,836315,0,0,0,0,0,0,72,9057,66948,0,18749,0,0,135,0,240045,455,0,140111,0,0,4345,21357,153,26217,15642,0,0,49590,0,209488,0,0,7536,0,0,0,0,0,88284,2137,1664,0,0,0,0,119,0,1190,0,0,0,0,0,22148,0,0,17823,0,25465,4146,0,1514,0,0,0,1071,0,0,132,434,0,419,0,1805,0,0,5132,0,0,6472,0,0,0,0,0,0,1375,0,0,0,22883,0,4953,0,17215,0,3849,18276,0,10690,0,27350,0,42066,0,0,0,2806,25248,0,0,0,8401,0,0,0,833,0,12556,0,0,0,37207,0,0,0,0,0,0,0,0,10128,0,15199,0,0,0,0,53930,0,0,0,2577,164335,179,173,689,0,0,4122,0,785,0,1716,0,0,19068,9988,0,0,0,0,0,27414,471,0,198,0,0,0,2973,0,0,0,14,0,0,0,35,14673,0,845,0,7583,396,19847,0,0
2015-12-01,0,34737,0,2006,0,128732,0,0,1676,0,0,0,0,0,0,387171,0,0,0,0,2715,50513,1160,7734,0,0,622945,0,0,62566,0,18427,154061,0,19177,14320,891,0,107453,1130070,0,0,0,6511,0,55054,0,0,0,3750,87343,0,0,0,0,108007,0,0,1300,0,0,0,9817,0,636,0,0,14870,101075,0,0,0,0,2360,0,0,0,0,0,0,0,3511,0,0,728,14807,48,0,652169,2739,0,0,0,0,0,0,1102,5320,0,0,0,1389198,7611,0,0,0,0,0,583,14775,117310,0,42148,0,6276,0,0,412135,2143,2504,195026,0,0,4860,24280,408,17054,17023,0,0,46707,0,6486,0,0,0,0,0,0,0,470,115460,2805,840,396,0,0,0,0,0,0,0,0,1850,0,0,40199,0,0,16328,0,4688,273,0,1563,6669,0,0,2229,0,0,6598,1255,372,0,2078,7828,0,0,1790,0,0,0,0,0,0,0,80,0,0,5088,2565,0,4420,1495,0,0,1161,0,0,12311,0,2400,0,39130,0,30903,0,3200,0,6777,11365,0,0,0,3297,0,0,0,45742,0,0,0,0,0,43587,0,0,0,0,0,0,0,0,24864,0,24494,0,0,0,0,134882,0,0,283,0,275439,284,0,4853,53,0,4809,233,380,0,191,0,0,18865,0,0,0,0,0,309,67311,1132,0,0,0,0,0,4334,0,0,0,27,0,0,0,0,0,0,0,0,0,0,0,947,0
2016-01-01,0,55536,0,6431,0,68404,0,0,0,0,5061,0,0,4481,0,54721,0,0,0,0,7533,24624,0,26509,0,0,270590,6576,0,17608,0,1371,120902,3948,1228,0,2741,0,80890,1009612,0,0,0,0,0,15010,0,0,0,0,0,6015,0,0,75709,162046,0,0,7680,0,12338,0,25029,0,671,0,0,12130,29871,0,0,0,0,8816,0,0,0,0,120390,0,0,2775,0,0,0,3122,0,0,61521,0,0,0,0,0,0,0,0,0,0,0,0,157025,0,0,0,0,1056,0,0,4900,26170,0,11332,0,0,270,0,107073,641,0,85716,0,0,8180,6680,0,0,8906,0,0,23431,0,15484,0,0,0,0,0,0,0,40,13139,3387,0,0,0,0,0,0,0,0,0,0,0,0,0,18530,0,0,0,0,1320,145,0,427,0,0,0,2135,0,0,344,2900,0,0,0,0,0,0,1056,0,0,0,0,0,0,0,0,0,0,1951,8795,0,11160,0,0,0,0,0,754,6732,0,9505,2672,19726,0,112766,0,0,0,0,15430,0,0,0,0,0,0,0,0,0,0,0,0,0,0,0,0,3532,0,0,0,0,0,5421,0,2036,0,0,0,0,6437,0,0,0,130,52815,0,174,742,26,0,1236,233,0,0,0,0,0,13630,0,0,0,0,0,0,2261,712,0,0,0,0,0,834,0,0,0,44,0,0,0,0,0,0,0,0,0,0,0,0,0
2016-02-01,0,26687,0,5545,0,67164,0,0,3039,0,3447,0,0,0,0,204647,24928,0,0,0,18873,29101,0,1218,0,0,551441,0,1975,50640,0,26118,68742,0,0,99914,9043,0,51197,361047,0,0,0,0,0,63496,0,0,0,0,0,0,0,0,0,140137,0,0,0,112959,0,0,7820,0,103,0,0,23526,133572,0,0,0,0,73036,0,0,0,0,0,0,0,1852,0,0,0,3289,0,0,58752,0,0,0,0,0,0,0,0,45,0,0,0,161361,0,0,1778,0,0,0,269,6397,32287,0,11374,0,0,0,0,202357,365,0,111072,0,0,330,6904,123,2656,9356,0,0,24664,0,0,0,0,0,0,0,0,449,30,27854,1625,0,0,0,25352,0,425,0,0,0,0,3392,0,0,17552,0,0,0,0,3826,2355,0,865,0,41,0,3440,0,0,4783,812,0,0,0,485,0,0,0,0,0,0,0,0,0,0,0,0,764,0,410,0,3959,0,0,0,0,0,1798,3231,0,1393,0,94366,0,17909,0,0,0,4901,6272,0,0,0,9054,0,0,0,0,0,2234,0,0,0,0,0,0,0,0,0,0,0,0,9208,0,5319,251,0,0,1102,9065,0,0,457,0,77722,2308,0,3037,97,0,1515,0,0,0,0,0,0,9224,0,0,0,0,0,0,3673,802,0,0,0,0,0,408,0,0,0,0,0,0,0,597,0,0,0,0,0,0,0,0,0
2016-03-01,0,96082,0,0,0,136763,0,0,1179,0,0,0,0,0,0,135893,0,0,0,1200,1147,46210,3066,232,0,0,419736,10448,0,71692,0,9310,358163,0,1856,5370,2753,5464,73244,277093,0,0,10213,50,0,78101,0,0,0,0,0,15163,0,0,0,79340,0,0,0,39381,38831,0,16736,0,315,0,0,13930,184195,33,0,0,0,0,0,0,0,0,0,0,0,18361,0,0,0,5124,0,0,53589,0,0,0,0,0,0,0,0,0,0,0,0,155384,343,0,0,0,0,0,0,5952,38013,0,16194,0,0,0,0,158228,482,0,105261,0,0,331,9226,0,3677,11086,0,0,28109,0,4389,0,0,0,0,0,0,0,0,18485,1154,0,0,0,0,0,461,0,0,0,0,4526,0,0,18435,0,0,0,0,41117,549,0,520,0,0,0,2398,0,0,239,10,0,0,0,0,0,0,0,0,0,0,0,0,0,0,0,0,0,1566,0,0,9916,0,0,64990,0,0,535,3217,0,3034,3915,23664,0,20539,0,0,0,7467,10001,0,0,0,8184,0,3041,0,0,0,0,0,0,0,0,3556,0,0,0,0,0,0,0,4721,0,2465,0,0,0,0,14872,0,0,1133,86,87374,2433,0,251,0,0,989,0,0,2418,0,0,0,6063,0,0,0,0,0,0,8343,620,0,0,0,0,0,231,0,0,0,0,0,0,0,347,0,0,0,0,0,0,16425,0,0
2016-04-01,0,62019,0,12175,0,126585,0,481,1227,0,0,0,0,0,0,129222,0,0,0,1349,2915,43197,0,1948,0,0,392513,0,0,24888,0,4240,0,4717,1859,95256,0,0,71345,52815,0,0,5952,0,0,21620,428,0,0,0,0,19511,0,0,0,112970,0,0,0,13395,0,0,24400,0,1015,0,0,18281,44305,0,0,0,0,0,0,0,0,0,189186,0,0,28930,0,0,0,3224,0,0,40800,0,0,0,0,0,0,0,0,0,0,0,0,233414,0,1499,0,0,0,0,0,7408,38716,0,13700,0,0,0,0,139801,343,0,85054,0,0,2260,13328,153,2100,9529,0,0,22681,0,9778,0,0,0,0,0,0,0,0,14070,935,0,0,0,0,0,0,0,0,0,0,0,0,0,14364,0,0,0,0,0,0,0,1213,0,0,0,877,0,0,1149,20786,0,0,0,684,0,120,0,0,0,0,0,0,0,491,0,0,873,0,0,0,10227,0,0,0,14800,0,0,1428,0,5955,2176,70661,0,0,0,0,0,0,1695,0,0,0,7490,0,0,0,0,0,0,0,0,0,27809,0,0,0,0,0,0,0,0,3922,0,2358,0,0,0,0,4666,0,0,36,2719,57757,858,0,883,0,0,759,2661,0,0,0,0,0,9091,0,0,0,0,0,0,2596,158,0,0,0,0,0,0,0,0,0,152,0,0,0,0,0,0,0,0,0,0,0,0,0
2016-05-01,0,13221,0,497,6314,45089,0,0,0,0,0,0,0,0,0,83809,0,0,0,9317,1920,28080,0,9846,0,0,487945,6613,0,42041,0,6775,101631,4086,45534,2625,5756,0,55689,0,0,0,0,0,0,20328,0,0,0,0,0,882,0,0,10001,327104,0,0,0,3440,8289,0,19381,0,490,0,2995,19631,25355,0,0,0,0,0,0,0,0,0,0,0,0,11954,0,0,0,1355,0,67,42182,0,0,0,0,0,0,0,0,0,0,0,992,122476,0,0,0,0,627,0,0,6631,36596,0,12483,0,0,270,0,150927,327,0,108775,0,0,4396,31968,0,0,9719,0,0,12769,0,25843,0,0,0,0,0,0,0,665,12500,928,0,0,0,0,0,0,0,0,0,3869,0,0,0,15198,0,0,0,0,7237,353,0,822,0,0,0,1983,0,0,124,9852,0,0,0,0,0,0,0,0,0,0,0,0,0,0,0,0,0,0,450,0,49668,0,0,0,0,0,0,990,0,12666,0,20002,0,0,0,0,0,7996,3488,0,0,0,0,0,0,0,4641,0,0,13532,0,0,70357,8595,0,0,0,0,0,0,0,2766,0,1581,0,0,0,0,14729,0,0,0,0,67893,26,174,827,0,2278,1080,747,14569,0,0,0,0,5042,0,0,0,0,0,0,5500,352,0,0,0,0,0,192,0,0,0,14,0,0,0,0,0,0,0,0,0,0,0,0,0
2016-06-01,0,28152,0,119,0,26426,0,34869,0,0,0,0,0,95579,0,81470,0,0,0,0,17401,29879,0,19089,8860,0,422775,0,0,27663,0,4266,147935,2701,0,96259,4596,0,51581,91030,59058,0,0,0,0,8809,0,0,0,3700,0,0,0,0,35962,234716,0,0,0,0,9262,0,14784,0,621,0,0,8459,36816,0,0,0,0,0,0,0,0,0,0,0,0,1036,0,0,0,2945,0,0,37400,0,0,0,0,0,0,0,0,0,0,0,0,131831,0,5731,0,0,0,0,0,6834,34096,0,11378,0,0,0,0,115525,30,0,97070,0,0,3032,9981,0,3186,8625,0,0,23688,0,5492,0,0,5857,0,0,0,0,0,12671,370,0,0,0,94,0,0,0,0,0,5765,0,0,0,14104,0,0,0,0,23347,214,0,1390,0,747,0,1434,0,0,146,129,184,738,0,0,335,0,0,0,0,0,0,0,0,0,0,0,0,0,0,0,15450,0,0,0,0,0,1788,2661,0,409,0,618,0,6463,0,0,8758,3245,852,0,0,0,11612,0,0,0,5499,0,0,0,0,0,0,0,0,0,0,0,0,0,0,3971,0,1485,0,0,0,0,10181,0,0,0,0,74066,30,0,517,0,0,4099,0,0,0,191,0,0,7175,0,0,0,0,0,0,2875,420,0,0,0,0,0,0,0,0,0,0,0,0,0,168,0,0,0,0,0,0,0,0,0
2016-07-01,0,31471,0,6644,0,21831,0,0,2631,0,0,0,0,0,0,76932,0,0,0,0,1402,16893,0,6882,0,0,431089,3416,0,43567,0,3451,125863,7586,2156,65672,390,0,82952,0,25307,0,0,0,0,49872,0,0,0,0,0,0,2915,0,0,150844,0,0,0,0,0,0,41946,0,713,0,0,6484,65848,0,0,0,0,0,0,0,0,0,82247,0,0,1040,0,0,0,1584,0,0,21802,0,0,0,0,0,0,0,0,4095,0,0,0,86346,0,0,0,0,0,0,0,5577,29200,0,9380,0,0,0,0,120319,0,0,98233,0,0,2476,14163,0,0,7988,0,0,18831,0,962,0,0,0,0,0,0,0,0,8618,419,0,0,0,0,0,0,0,0,0,0,0,0,0,11594,0,0,0,0,0,0,0,1608,0,0,0,3559,0,0,2645,19714,369,1199,0,0,0,0,17090,0,0,0,0,0,0,0,0,0,0,0,0,0,12478,0,0,57100,0,0,0,2134,27215,13360,0,0,0,0,0,0,0,5516,3421,0,0,0,4567,0,0,0,3950,0,0,0,0,0,53020,0,0,0,0,0,0,123443,0,5813,0,518,0,0,0,0,7172,0,0,0,2568,50140,0,0,198,0,0,3529,0,144,0,0,0,0,5763,0,0,0,0,0,0,2311,387,0,0,0,0,0,104,0,0,0,0,0,0,0,0,0,0,0,0,0,0,0,0,0
2016-08-01,0,0,0,95,0,53701,0,8576,0,0,0,0,0,0,0,16019,0,0,0,5064,6212,24891,0,2174,0,0,536773,0,0,29453,0,3440,12506,43314,1848,0,11469,0,69348,17946,0,0,0,0,0,7356,0,0,0,0,0,0,6254,0,16103,101274,7924,0,0,0,2810,0,12627,0,0,0,0,7964,13043,0,0,0,0,0,0,0,0,0,0,0,0,85144,0,0,0,2893,0,0,25695,0,0,0,0,0,0,0,0,0,0,0,0,143777,0,0,0,0,0,0,0,2823,36910,0,15909,0,0,0,0,124425,47,0,77285,0,0,891,10427,0,0,5005,0,0,13764,0,0,0,0,20587,0,0,0,0,0,12601,1065,600,0,0,0,0,0,0,0,0,0,0,0,0,15590,0,0,0,0,23653,571,0,0,0,0,0,1358,0,0,2252,0,369,1199,0,861,0,0,0,0,0,0,0,0,0,0,0,0,0,0,0,0,0,0,0,0,0,0,0,2661,13714,15001,1465,11123,0,0,0,0,0,6399,1400,0,0,0,7288,0,0,0,0,0,11241,17648,0,0,0,0,0,0,0,0,0,0,0,7911,0,844,0,0,0,0,22592,0,0,0,0,55527,203,0,447,0,0,1345,0,0,0,0,0,0,11286,0,0,0,0,0,0,2311,482,0,0,0,0,0,396,0,0,0,0,0,0,0,63,0,0,0,0,0,0,0,0,0
2016-09-01,0,0,0,8533,27442,89537,0,0,0,0,14868,0,0,79885,0,265966,0,0,0,0,37504,51180,0,13800,0,0,597446,0,0,65279,0,13558,339052,1608,2302,90100,10200,0,82247,60887,0,0,2299,0,0,41278,0,0,0,0,0,0,0,0,0,528368,38224,0,0,0,0,0,18056,0,407,0,0,14064,74157,0,0,0,0,0,0,0,0,0,164183,0,0,21339,0,0,0,5924,3022,0,38536,0,0,0,0,0,0,0,238,1800,0,0,0,221081,0,0,0,0,0,0,0,2715,33322,517,22250,0,0,0,0,285095,300,0,84255,0,0,849,77416,0,3824,5350,0,0,27571,0,0,0,0,0,0,0,0,0,0,17016,1235,0,0,0,0,0,0,0,0,0,463,0,0,0,15608,0,0,0,0,176,1459,0,676,0,0,0,2241,0,0,99,0,0,0,0,0,0,0,0,0,0,0,0,0,0,0,0,0,0,0,1319,0,0,0,0,0,3117,0,764,1514,26773,23510,0,7351,0,0,0,0,0,4607,3975,0,0,0,7737,0,0,0,1390,0,0,0,0,0,0,0,0,0,0,0,0,391,0,12061,0,2252,0,0,0,0,15974,0,0,0,130,89806,198,0,0,0,0,4430,0,0,0,0,0,0,8454,0,0,0,0,0,0,4686,1082,0,0,0,0,0,295,0,0,0,0,0,0,0,0,0,0,0,0,0,0,0,0,0
