Month,ALSACE_BLANC_BE,ALSACE_BLANC_CA,ALSACE_BLANC_CH,ALSACE_BLANC_CN,ALSACE_BLANC_DE,ALSACE_BLANC_GB,ALSACE_BLANC_HK,ALSACE_BLANC_JP,ALSACE_BLANC_NL,ALSACE_BLANC_OTHER,ALSACE_BLANC_US,BEAUJOLAIS_ROUGE_BE,BEAUJOLAIS_ROUGE_CA,BEAUJOLAIS_ROUGE_CH,BEAUJOLAIS_ROUGE_CN,BEAUJOLAIS_ROUGE_DE,BEAUJOLAIS_ROUGE_GB,BEAUJOLAIS_ROUGE_HK,BEAUJOLAIS_ROUGE_JP,BEAUJOLAIS_ROUGE_NL,BEAUJOLAIS_ROUGE_OTHER,BEAUJOLAIS_ROUGE_US,BORDEAUX_BLANC_BE,BORDEAUX_BLANC_CA,BORDEAUX_BLANC_CH,BORDEAUX_BLANC_CN,BORDEAUX_BLANC_DE,BORDEAUX_BLANC_GB,BORDEAUX_BLANC_HK,BORDEAUX_BLANC_JP,BORDEAUX_BLANC_NL,BORDEAUX_BLANC_OTHER,BORDEAUX_BLANC_US,BORDEAUX_ROUGE_BE,BORDEAUX_ROUGE_CA,BORDEAUX_ROUGE_CH,BORDEAUX_ROUGE_CN,BORDEAUX_ROUGE_DE,BORDEAUX_ROUGE_GB,BORDEAUX_ROUGE_HK,BORDEAUX_ROUGE_JP,BORDEAUX_ROUGE_NL,BORDEAUX_ROUGE_OTHER,BORDEAUX_ROUGE_US,BOURGOGNE_BLANC_BE,BOURGOGNE_BLANC_CA,BOURGOGNE_BLANC_CH,BOURGOGNE_BLANC_CN,BOURGOGNE_BLANC_DE,BOURGOGNE_BLANC_GB,BOURGOGNE_BLANC_HK,BOURGOGNE_BLANC_JP,BOURGOGNE_BLANC_NL,BOURGOGNE_BLANC_OTHER,BOURGOGNE_BLANC_US,BOURGOGNE_ROUGE_BE,BOURGOGNE_ROUGE_CA,BOURGOGNE_ROUGE_CH,BOURGOGNE_ROUGE_CN,BOURGOGNE_ROUGE_DE,BOURGOGNE_ROUGE_GB,BOURGOGNE_ROUGE_HK,BOURGOGNE_ROUGE_JP,BOURGOGNE_ROUGE_NL,BOURGOGNE_ROUGE_OTHER,BOURGOGNE_ROUGE_US,CHAMPAGNE_MOUSSEUX_BE,CHAMPAGNE_MOUSSEUX_CA,CHAMPAGNE_MOUSSEUX_CH,CHAMPAGNE_MOUSSEUX_CN,CHAMPAGNE_MOUSSEUX_DE,CHAMPAGNE_MOUSSEUX_GB,CHAMPAGNE_MOUSSEUX_HK,CHAMPAGNE_MOUSSEUX_JP,CHAMPAGNE_MOUSSEUX_NL,CHAMPAGNE_MOUSSEUX_OTHER,CHAMPAGNE_MOUSSEUX_US,EUROPE_ROUGE_BE,EUROPE_ROUGE_CA,EUROPE_ROUGE_CH,EUROPE_ROUGE_CN,EUROPE_ROUGE_DE,EUROPE_ROUGE_GB,EUROPE_ROUGE_HK,EUROPE_ROUGE_JP,EUROPE_ROUGE_NL,EUROPE_ROUGE_OTHER,EUROPE_ROUGE_US,FRANCE_BLANC_BE,FRANCE_BLANC_CA,FRANCE_BLANC_CH,FRANCE_BLANC_CN,FRANCE_BLANC_DE,FRANCE_BLANC_GB,FRANCE_BLANC_HK,FRANCE_BLANC_JP,FRANCE_BLANC_NL,FRANCE_BLANC_OTHER,FRANCE_BLANC_US,FRANCE_MOUSSEUX_BE,FRANCE_MOUSSEUX_CA,FRANCE_MOUSSEUX_CH,FRANCE_MOUSSEUX_CN,FRANCE_MOUSSEUX_DE,FRANCE_MOUSSEUX_GB,FRANCE_MOUSSEUX_HK,FRANCE_MOUSSEUX_JP,FRANCE_MOUSSEUX_NL,FRANCE_MOUSSEUX_OTHER,FRANCE_MOUSSEUX_US,FRANCE_ROUGE_BE,FRANCE_ROUGE_CA,FRANCE_ROUGE_CH,FRANCE_ROUGE_CN,FRANCE_ROUGE_DE,FRANCE_ROUGE_GB,FRANCE_ROUGE_HK,FRANCE_ROUGE_JP,FRANCE_ROUGE_NL,FRANCE_ROUGE_OTHER,FRANCE_ROUGE_US,LANGUEDOC_ROUGE_BE,LANGUEDOC_ROUGE_CA,LANGUEDOC_ROUGE_CH,LANGUEDOC_ROUGE_CN,LANGUEDOC_ROUGE_DE,LANGUEDOC_ROUGE_GB,LANGUEDOC_ROUGE_HK,LANGUEDOC_ROUGE_JP,LANGUEDOC_ROUGE_NL,LANGUEDOC_ROUGE_OTHER,LANGUEDOC_ROUGE_US,LOIRE_BLANC_BE,LOIRE_BLANC_CA,LOIRE_BLANC_CH,LOIRE_BLANC_CN,LOIRE_BLANC_DE,LOIRE_BLANC_GB,LOIRE_BLANC_HK,LOIRE_BLANC_JP,LOIRE_BLANC_NL,LOIRE_BLANC_OTHER,LOIRE_BLANC_US,LOIRE_ROUGE_BE,LOIRE_ROUGE_CA,LOIRE_ROUGE_CH,LOIRE_ROUGE_CN,LOIRE_ROUGE_DE,LOIRE_ROUGE_GB,LOIRE_ROUGE_HK,LOIRE_ROUGE_JP,LOIRE_ROUGE_NL,LOIRE_ROUGE_OTHER,LOIRE_ROUGE_US,OTHER_ROUGE_BE,OTHER_ROUGE_CA,OTHER_ROUGE_CH,OTHER_ROUGE_CN,OTHER_ROUGE_DE,OTHER_ROUGE_GB,OTHER_ROUGE_HK,OTHER_ROUGE_JP,OTHER_ROUGE_NL,OTHER_ROUGE_OTHER,OTHER_ROUGE_US,RHÔNE_ROUGE_BE,RHÔNE_ROUGE_CA,RHÔNE_ROUGE_CH,RHÔNE_ROUGE_CN,RHÔNE_ROUGE_DE,RHÔNE_ROUGE_GB,RHÔNE_ROUGE_HK,RHÔNE_ROUGE_JP,RHÔNE_ROUGE_NL,RHÔNE_ROUGE_OTHER,RHÔNE_ROUGE_US
2012-01-01,326211,100463,48619,20880,94546,60813,6349,41345,165987,7577.574074074074,90735,52690.0,99349,75102.0,18126.0,54570.0,88638,1970.0,65678.0,79736.0,2215.785714285714,272225,99054,74507.0,25822.5,75064.5,73616,63459,14758.0,144239.0,106691.0,3127.2125,60268,977520,131082,247224,1619332,787150,787358,233490,451559,167754,17678.823529411766,448794,155762,143456,19209.0,12906.0,78220,368832,15275.0,120282,80352.5,5387.609195402299,170252,39597.5,52900.5,58195.0,17436.0,19685.0,76489.0,18342.0,104976,23594.5,2258.253164556962,96622,391205,46180.5,120236,40740.0,490718,977217,21926.0,130748,73222.5,14310.931034482759,470741,288036,190403,118954,304544,835508,352623,24775.6,111118,358473,13275.898638426626,96070,2388.1428571428573,0.0,154.5,0.0,2383.0,1666.0,187.5,252.0,95.75,246.6,6892.666666666667,41418.666666666664,11826.0,1126.0,7309.0,98445,76207.5,4612.0,58958,2806.0,8655.3,75945,8851.9375,2770.0,3537.2727272727275,18.25,3751.4444444444443,1632.076923076923,669.0,942.3,21728.428571428572,798.4710144927536,7530.428571428572,262582,249940,113836.5,491848,359158,554686,27335.0,117182.5,172900,3490.3015873015875,186044,94837,101413.0,20982.0,2279.0,136543,145362,7776.0,46822.0,90233.0,2591.0266666666666,283597,68820,10147.0,993.5,37256.0,9953.0,57570.0,558.0,18209.0,62398.0,1433.0806451612902,74810.0,4486.636363636364,1757.5,12333.625,397.0,29438.0,68016.0,1170.6666666666667,2393.2,56594.875,2767.6881720430106,11766.5,349966,114610,193846,189467.0,238094,475926,11823.5,96326.0,115330,8198.894736842105,170386
2012-02-01,236941,97031,34090,18103,137864,69104,11524,42207,241236,5580.44776119403,120457,41879.0,179469,78154.0,21479.0,34052.0,208484,1102.0,99190.0,55944.0,4005.121212121212,123979,124194,84035.0,44378.5,35303.0,101015,107046,16049.0,74154.5,109047.0,3757.3882352941177,116883,1011439,266103,243730,1532734,981485,752342,266942,623813,221780,19474.071942446044,618934,146986,173600,27944.0,24894.0,81193,429172,19068.0,165072,108687.0,7150.034090909091,233258,26260.5,112292.0,46750.5,33210.5,8396.0,57701.5,6623.0,98850,83228.0,3581.371794871795,158214,316410,54298.0,156316,123369.5,745530,860630,28017.5,196396,80531.5,14272.462365591398,641282,296484,144464,132846,283471,838266,340932,26702.6,115688,324226,14007.346206896551,174402,2894.0,0.0,284.0,8257.0,3215.3333333333335,4338.0,135.0,24280.0,115.0,1663.5217391304348,4182.222222222223,38677.666666666664,12140.0,1970.5,19296.0,179688,25667.666666666668,890.0,144426,1654.6666666666667,8577.810526315789,104958,10015.9375,114.0,3984.3636363636365,382.0,3058.6666666666665,13265.42857142857,169.4,1911.8333333333333,37872.857142857145,617.6092715231788,8561.0,298568,142304,110003.5,189394,371382,386728,39461.0,55439.5,209396,5316.042857142857,139732,98986,59958.5,22134.0,3564.0,92994,382811,5270.0,29211.0,74008.0,2848.5616438356165,186746,124594,10423.0,4323.5,13483.0,22393.5,68064.0,855.0,12510.5,107369.0,1523.6,38871.0,9190.0,9864.0,5855.5,4495.8,35705.0,64003.375,1651.0,1969.4,37949.375,4424.56914893617,4595.75,423852,112487,259560,39682.0,236338,390551,18341.0,54432.5,203917,7649.393939393939,344472
2012-03-01,406644,135831,140339,16219,162783,70097,12295,45863,316750,8633.25,107387,23730.5,194110,104729.0,28623.0,70504.0,166236,3605.0,47353.0,87576.0,2481.9756097560976,262095,132322,72028.0,34783.5,65437.0,177369,160118,10478.5,105894.5,131795.0,3788.019801980198,185570,1092396,225750,357380,1919979,1186296,1210358,365060,767450,223215,20184.595890410958,618542,246622,212907,25313.5,25839.0,90519,790092,15274.5,387467,265051.0,7172.0,295656,46500.5,52332.5,33326.0,17845.5,15461.5,82945.0,18335.5,146138,70977.0,3731.593023255814,151748,366088,35354.0,151236,27030.0,781759,1042872,24037.5,175863,96056.0,16391.958115183246,508421,320440,172115,128986,429698,879878,515544,32991.692307692305,137861,393482,18694.859872611465,333164,3577.0,0.0,76.5,720.0,3696.5,1582.142857142857,81.0,626.5,154.0,651.9032258064516,6921.333333333333,35130.333333333336,3896.6666666666665,3711.3333333333335,15576.0,204218,42994.333333333336,8098.5,116887,6213.0,10563.322580645161,159119,11570.444444444445,1414.8,2054.6666666666665,1286.0,3777.222222222222,8177.75,339.5,2213.6666666666665,40914.57142857143,715.5157232704403,6970.125,361920,165970,87333.0,332128,350250,381219,34204.0,63328.5,205978,6312.7945205479455,177178,166162,94234.0,47726.0,5888.0,50468,541014,5983.0,28340.0,127697.0,3272.494117647059,293330,132906,16481.0,15879.0,6390.5,20677.0,74571.0,18766.0,29235.0,84620.5,1979.592105263158,192917.0,8506.9,4777.0,4578.666666666667,6646.0,33948.8,70776.77777777778,3756.2,1011.6,69347.625,3652.163043478261,5235.0,487664,132651,381012,202319.0,166220,689370,11917.5,112368.0,150895,8278.339130434782,485784
2012-04-01,246919,151897,104808,25689,139733,66351,6824,34356,254662,7418.307692307692,119305,37396.5,262059,60608.5,18036.0,46115.0,133347,4145.0,28839.0,39500.0,3179.0,157997,187391,72757.0,8136.5,316961.0,57578,142002,19851.0,100606.0,63630.0,3835.125,111422,945286,310534,242756,2122206,909998,1011924,384690,733022,243714,21829.558620689655,534248,153435,106232,35792.5,19233.0,102160,438114,20664.5,160005,70537.0,7869.656862745098,281367,23041.5,76401.5,93330.0,60438.0,23172.0,98924.5,14898.0,138934,17261.0,2932.6516853932585,125800,331548,60805.0,101178,65908.5,616694,1178386,23997.5,144107,63544.5,15811.69587628866,604314,334470,186659,93499,432591,777857,470146,26731.909090909092,161757,492391,15725.905263157894,326151,2646.1428571428573,243.0,155.33333333333334,2012.0,3001.6,2722.4285714285716,278.0,1155.0,4670.0,598.0714285714286,4829.166666666667,69807.66666666667,25605.0,951.5,14812.0,180407,43283.666666666664,1564.5,124740,6156.5,9478.485436893205,93583,10839.875,1631.5,2269.25,542.2857142857143,3890.1428571428573,7404.333333333333,78.66666666666667,6435.6,24843.14285714286,1059.554054054054,9896.875,374217,173880,83347.5,364384,267434,288558,41003.0,75977.0,176668,6116.28,178412,115926,108084.0,17090.0,3895.0,77606,584851,3825.0,129495.0,181862.0,4021.0123456790125,248750,203728,29102.0,5812.0,5615.0,22974.0,51624.0,1747.0,38045.0,214758.5,2335.8048780487807,74857.0,7507.818181818182,1149.4,9735.0,777.5714285714286,36429.444444444445,52608.875,1032.4,1319.6,61446.0,4288.188481675393,16296.75,431242,120190,270500,85971.5,193040,619134,10575.0,69274.5,115544,9827.252336448599,409746
2012-05-01,287974,142624,124574,13991,191560,116412,9050,82628,265809,10097.870967741936,146012,14115.5,101996,97220.5,13901.0,28770.0,182541,1850.0,78594.0,39818.0,3081.0882352941176,170532,196458,49216.0,53610.5,137863.0,65198,220756,34623.0,196291.0,81886.0,4782.421052631579,129435,881521,223209,194516,2028620,910202,992876,648060,606344,226624,21647.676056338027,551304,185368,130786,23902.0,11739.0,106406,454916,15832.5,198212,241774.0,7381.971428571429,619225,43894.0,166126.0,54958.0,19876.0,14315.0,94108.5,15455.0,169044,17024.0,3113.5862068965516,157012,445509,64212.0,132716,69190.5,564402,1622418,24750.5,211374,108103.5,24834.647398843932,466836,331302,198406,141628,374553,741863,523746,49012.333333333336,159654,457426,15289.39670468948,177687,3106.625,180.0,0.0,0.0,3828.75,2766.285714285714,549.0,457.0,9764.333333333334,711.9666666666667,6586.6,62566.0,3123.0,1365.3333333333333,27157.333333333332,193834,67165.66666666667,5906.0,100369,17630.0,10080.854166666666,107872,9148.526315789473,1572.3333333333333,1486.9,2344.875,4863.555555555556,4702.428571428572,293.25,1456.75,45476.833333333336,738.8618421052631,5186.090909090909,385660,243138,184228.0,323036,307433,309336,52755.0,68987.0,165844,6052.835616438356,140841,138664,82407.0,13966.0,3308.0,167408,304281,3267.0,52426.5,133095.0,3714.9638554216867,316857,184359,32592.0,2224.5,27439.5,37140.5,110724.0,1343.0,38284.0,212384.0,2658.2,41122.0,13967.636363636364,1252.0,4012.5714285714284,3604.25,41362.444444444445,84857.3,440.8,1689.5,71788.375,3371.497607655502,7507.2,338340,268206,184512,89114.5,235996,653778,12052.0,42831.0,95468,8785.372881355932,405888
2012-06-01,385506,178512,64752,58234,138987,40327,7705,67836,227086,9355.285714285714,140888,48398.0,363134,89612.5,23580.0,39767.0,231864,5141.0,35317.0,54274.0,3365.4166666666665,165422,134326,41551.5,28785.0,67867.5,97423,185346,15696.5,197862.0,55021.0,5061.051020408163,151365,818368,325542,197588,2652880,737871,765328,551640,569286,221998,21837.34193548387,611254,160740,258214,26994.0,35572.0,99100,437163,19922.0,185080,121487.5,7704.051020408163,371530,43465.5,66975.5,38934.5,38230.5,12682.5,93730.5,15207.0,132004,25642.5,3782.448275862069,153900,557158,60847.0,137932,45045.0,647384,1233182,24241.5,242670,75123.5,20582.328358208953,531220,351566,172921,107798,367614,906522,561764,43743.25,140731,383239,24445.360892388453,190234,2924.1428571428573,0.0,152.5,4500.0,4346.0,1521.375,431.5,9880.0,4786.666666666667,556.8275862068965,7896.5,75637.66666666667,35966.0,5297.0,11867.0,173950,61278.0,10996.5,152659,62917.0,12256.494949494949,128167,8944.42857142857,1849.0,1771.2,4860.857142857143,2740.1111111111113,6694.0,369.2857142857143,4195.666666666667,26596.666666666668,929.8040540540541,5178.833333333333,374648,203658,92105.0,567688,255338,421440,61918.0,163038.0,362979,7619.553846153846,142051,157808,165669.0,11011.0,15924.0,102470,728762,3330.5,111807.0,74535.0,3844.051282051282,266500,185797,22456.0,45262.5,13207.5,27843.0,61142.0,20994.0,38966.0,125038.5,4459.030303030303,50386.5,9978.727272727272,3735.25,3428.1428571428573,7633.25,39997.77777777778,64690.8,786.4,4461.75,47819.875,4474.161458333333,13285.6,338724,167100,257804,171285.5,178312,616443,13623.5,147785.0,143492,9876.650943396226,379255
2012-07-01,237848,107187,91547,43603,154632,76314,19362,47569,176498,9266.116666666667,112165,31425.0,293082,5064.5,26028.0,39689.0,257252,1729.0,68390.0,69244.0,4922.9375,195947,102810,94286.0,31087.0,98462.0,133980,192530,50458.0,98871.0,53497.5,4436.488888888889,272376,818312,385754,191106,2716444,854254,716010,533745,702699,142137,22464.187969924813,638826,190008,125624,29764.0,24164.0,79083,520394,21797.5,180331,81590.0,11100.307692307691,347859,25522.0,100567.0,26310.0,85555.0,17933.5,111536.5,16420.5,351341,42449.0,4055.3623188405795,142007,401780,112112.5,132504,165936.5,666248,1307162,63797.5,221272,139246.0,27018.782608695652,1076712,281707,180690,117476,508791,722629,498973,36662.92307692308,146027,427629,16336.721691678036,283018,3307.8333333333335,900.0,66.0,642.0,10706.0,1735.5,60.0,45.0,92.66666666666667,615.64,4404.6,27609.0,14991.0,1443.0,25522.5,234050,54455.0,8862.5,81084,9714.0,11316.429906542056,97202,10812.8,6442.5,1747.6666666666667,1497.0,2962.5,3333.3076923076924,132.375,9099.0,57513.5,875.9235668789809,3140.5,379894,211806,52338.0,838434,280430,388967,132499.0,220057.0,137504,8849.147540983606,112777,129558,87149.5,23739.0,9032.5,141461,486429,17690.0,73786.0,106914.0,3730.7051282051284,264795,202355,16256.5,5421.0,47379.0,33277.5,112736.0,1667.0,29788.0,248861.0,3132.2,37321.0,22248.545454545456,533.3333333333334,4773.666666666667,537.2,28090.7,74612.25,738.5,296.0,61003.75,3058.2442396313363,6496.5,431858,445729,161500,119158.5,154930,811489,15971.0,76407.0,81366,9830.365384615385,330906
2012-08-01,362537,134792,52148,38528,85727,75905,12976,30243,209961,8044.96875,61992,18212.5,149654,66494.5,25485.0,5801.5,155994,2305.0,35256.0,33835.0,2469.8928571428573,106917,181886,64178.0,87484.0,59271.0,55028,117404,48119.0,252941.0,110597.0,4254.781609195402,197019,965759,267284,137400,2229084,755124,732754,326493,1129246,338901,23960.22900763359,565584,188119,203306,32819.0,23997.0,103631,505090,15635.0,375114,177506.0,7195.558139534884,254062,76986.0,93181.0,17722.5,33339.5,21988.0,49708.0,14585.5,97486,36914.0,3344.6666666666665,98733,463748,88247.5,138366,65359.0,757171,829800,32354.5,312053,116415.0,24103.36216216216,1392832,308467,171311,72177,365554,715697,433154,30633.81818181818,101191,388579,20387.36827956989,233210,2930.5,0.0,126.0,2658.0,4786.666666666667,681.8333333333334,450.0,1022.0,344.0,849.4166666666666,4391.2,27607.666666666668,6028.666666666667,1441.5,48724.0,171827,50828.666666666664,2988.0,108658,37741.0,10402.603773584906,119092,7792.470588235294,4534.0,2086.125,1372.25,4738.4,7299.833333333333,401.6,5452.0,28749.5,3677.751677852349,6267.571428571428,405278,183816,79513.0,344674,339022,187952,33271.0,100025.0,171066,6813.523809523809,92986,185271,145935.0,11627.0,17033.0,111873,732493,7190.0,57176.0,77119.0,4160.472222222223,503794,140908,42538.0,1268.0,21342.0,55137.0,112298.0,1138.0,19684.0,205172.0,2903.072463768116,59272.0,8863.272727272728,2250.0,4834.4,5669.666666666667,36042.444444444445,57494.875,570.5,9499.2,50555.375,3524.8508287292816,3204.6666666666665,533122,120910,203286,316267.0,224530,698204,22975.0,146781.0,145218,9725.191489361701,284590
2012-09-01,360975,128827,28724,23633,122997,57996,12754,50645,340682,8042.894736842105,106388,33076.0,453529,51187.5,30687.0,25171.0,472569,2075.0,97861.0,53570.0,5400.881578947368,536005,133468,91536.0,77574.0,51298.0,71008,100545,9219.5,123570.5,62756.5,6804.611111111111,268764,1610731,282606,321236,1822990,1055425,695978,314878,872458,333368,26746.71212121212,672404,333464,135798,35137.0,17770.0,279716,446722,11931.0,188810,282870.0,11233.298969072164,357464,72036.5,104903.0,47428.0,82948.0,37148.0,88799.0,18686.5,172026,46057.0,4198.306818181818,215782,434178,136209.0,165530,126686.5,971324,1112248,40306.5,296923,142005.5,23301.95108695652,1094078,301116,196347,83646,314687,863158,465800,37832.8,156859,348619,14653.986824769434,195069,3789.375,387.0,41.8,1795.0,4094.0,466.7142857142857,161.5,27.0,250.5,849.3,11133.0,39076.333333333336,57404.0,910.5,24899.5,112132,49073.333333333336,6199.0,190589,6888.5,11279.6,126883,11110.125,2544.3333333333335,1050.4545454545455,2226.6,3651.5,7076.538461538462,335.1666666666667,9766.09090909091,51775.0,4040.5073529411766,8162.625,324698,191766,58272.0,228677,411042,304871,13818.5,71910.0,187720,7740.3387096774195,158596,137978,71301.5,45496.0,6586.0,346953,537027,4389.0,36216.0,173199.0,4410.3125,291151,161102,15141.0,7269.5,11248.0,18873.0,31850.0,4272.0,30693.0,220375.0,3571.943661971831,40381.0,9908.0,4563.666666666667,3005.3333333333335,7642.0,32313.625,57267.0,541.0,1060.4,42787.5,3321.427135678392,6498.2,535766,299299,168888,186457.0,293443,619749,12199.5,147452.0,201106,12987.625,387804
2012-10-01,295671,145157,87466,17430,133799,110666,14184,61779,126394,8305.28205128205,119653,83476.5,464094,28573.5,76553.0,105886.5,311793,9243.5,2500648.0,137262.0,12229.0625,1015841,96379,60131.0,49988.0,61029.5,65662,116328,23122.5,116019.0,107718.0,5868.620689655172,263786,947476,388860,245310,2760994,1438226,1003004,469316,811574,455328,32523.98113207547,795710,232030,265208,40963.0,20776.0,143036,897534,17848.5,551457,342654.0,8954.566371681416,403818,30330.5,74959.0,41768.5,40021.0,21670.0,144753.5,68828.5,114508,56273.0,3791.45,206543,801174,181369.0,656344,80113.5,1241658,3401036,45927.0,242276,212638.0,26434.586666666666,1164872,301714,231346,75644,418121,1089775,627950,35826.72727272727,140704,412157,17115.96238938053,192707,3403.6666666666665,336.0,12.0,180.0,3893.0,492.5,70.0,1363.5,456.0,908.5357142857143,7852.666666666667,65627.0,14008.0,4442.666666666667,46451.0,247905,81441.5,6687.333333333333,132988,22504.0,16922.928,218034,15024.35294117647,1305.8,3271.6923076923076,1381.25,2504.0833333333335,6067.0,1146.0,5919.333333333333,57861.71428571428,2589.814655172414,9634.181818181818,404406,174992,84355.5,366526,444356,806864,47318.0,80004.5,173704,5862.80459770115,136902,197121,120929.0,28624.0,8872.0,111764,797287,5762.0,42850.5,105366.0,3586.7708333333335,263520,155338,32670.0,7637.0,42741.0,15350.5,88064.0,1248.0,24552.0,26421.0,2531.811111111111,94963.0,6885.7,1814.5,5370.142857142857,2272.5,38886.11111111111,60205.625,1180.8,6180.833333333333,66442.0,2454.1991525423728,823.8333333333334,344092,204096,180160,119994.0,286250,1024321,23740.0,65450.0,196512,13442.28125,453000
2012-11-01,417554,146229,59921,8147,155802,77430,19126,30750,241996,8218.130434782608,67204,107339.5,185097,84968.5,42322.0,295108.5,642017,4845.5,810991.0,176335.0,6068.319672131148,284192,169955,75555.0,42278.0,175592.0,111238,121112,30657.0,45356.5,136010.0,5423.518867924528,123858,1153530,313480,314600,2943098,1776026,1106181,471128,611038,476445,25837.487012987014,705213,289058,109419,91007.0,10708.0,101855,1376316,40434.0,123014,241904.5,9868.862745098038,297263,77266.5,118425.0,47807.5,116157.0,35758.5,122931.5,14595.0,80336,55308.0,3662.7659574468084,151170,1104028,106990.0,472470,38514.0,1437162,3005808,48050.0,162736,378469.5,28588.223255813955,813000,282217,143604,80111,612354,916986,570451,20469.833333333332,91375,475073,18184.514598540147,149058,3977.4285714285716,0.0,267.3333333333333,396.0,6509.0,741.5,220.0,660.0,155.0,611.625,7906.666666666667,64770.0,20037.5,1628.3333333333333,18747.0,364650,57686.666666666664,9175.0,59908,22176.0,16284.495575221239,152398,12229.722222222223,989.4,5145.333333333333,533.8333333333334,4813.1,6577.714285714285,2827.375,4122.555555555556,36437.25,994.3689320388349,4517.9,387356,195388,96928.0,1136355,543024,727564,47688.0,32821.5,168580,5949.831325301205,256989,162523,51141.5,19787.0,11349.0,145175,867541,9485.0,24538.5,161424.0,3638.4942528735633,176854,125902,12612.5,15306.0,49560.0,24065.0,84889.0,2464.0,7555.5,48674.0,1911.4146341463415,58590.0,7157.6,3901.0,4779.375,5261.25,44079.28571428572,64494.22222222222,3318.4,3269.8333333333335,81671.875,2659.634782608696,5249.5,583875,188514,187928,145677.0,509502,1162349,7423.5,30419.5,282619,12789.0,373780
2012-12-01,371228,120628,30410,23005,125685,42338,15986,48944,132988,3803.015625,87619,19632.0,102295,9010.0,39642.0,35687.0,281143,9576.0,21492.0,27909.0,3107.7936507936506,155878,133992,33751.0,19143.5,130392.0,72481,129385,27483.0,44884.5,148753.0,3610.3956043956046,124856,1068710,178304,219988,2594498,1215880,817520,449656,523322,237569,19529.63120567376,583368,228200,66624,24048.5,38019.0,53148,616426,17687.0,268875,110092.0,6702.791208791209,267350,49204.0,81726.0,19654.0,71540.0,13928.5,73313.0,22091.0,96371,41819.5,3994.741176470588,119873,841168,70852.5,232030,54329.0,1074562,1202710,53023.0,142516,169884.0,18837.827027027026,487212,266602,126927,70775,462389,757544,443089,41066.642857142855,123219,423697,13899.89423076923,149796,4401.714285714285,2052.0,175.75,0.0,4324.0,6398.2,507.0,0.0,232.0,848.1111111111111,1804.25,61121.666666666664,3174.5,2474.3333333333335,20442.666666666668,224026,42456.5,13020.5,114496,27323.5,17643.546391752578,168102,15327.0,2900.0,4920.25,165.8,6187.375,6168.8,524.5714285714286,6817.444444444444,27526.0,1348.6052631578948,5143.818181818182,381578,135874,63925.5,410248,366288,474603,66040.0,62133.5,280417,4782.64705882353,87852,170978,51615.5,38089.0,6151.0,108532,573213,2418.5,24336.5,33170.5,2242.8026315789475,211725,68630,17600.0,1674.5,14171.0,8423.0,55193.0,31161.0,15074.0,22075.5,2220.5238095238096,50066.0,11599.1,1401.3333333333333,3712.5,4593.0,30587.333333333332,45043.1,1399.5,1417.6666666666667,128086.11111111111,1871.8324873096446,4748.0,336288,134200,108962,165326.0,172482,955128,16221.0,96463.0,209376,9529.17,405928
2013-01-01,374848,139653,104664,25281,123265,66257,3968,28750,251494,7259.169491525424,54970,58338.0,154261,25957.5,8803.0,11275.5,150596,3206.0,4513.0,46361.0,5894.451612903225,110332,128649,51904.0,10189.5,114419.0,65966,131775,23834.0,149016.0,195872.0,3393.7294117647057,145039,882454,239342,236222,1619604,1228792,942578,283530,517082,246851,17771.634920634922,528432,165244,178822,11394.5,16787.0,61870,411401,25241.0,106904,240827.0,6984.644444444444,211842,34743.0,111686.0,25037.5,64129.0,17775.0,109440.0,16557.0,87366,56924.0,3168.5584415584417,92064,385215,61558.5,121802,33690.5,637394,1264675,30817.5,172148,51738.0,15527.940476190477,521838,301675,169842,80683,321463,964900,440275,15430.538461538461,124011,372727,15254.662807525325,123908,2934.8571428571427,900.0,74.5,300.0,5986.666666666667,5393.6,309.0,1003.5,367.0,466.88235294117646,2115.4,35302.666666666664,13990.0,1924.5,15865.5,150043,56249.0,2501.5,72358,12336.0,11315.154761904761,148455,11438.92857142857,2787.0,3709.4545454545455,169.4,1818.0,2139.4285714285716,2129.714285714286,400.0,25922.8,860.2013888888889,2438.5833333333335,359145,113226,55994.5,289336,432888,431855,57301.0,42052.0,150809,5203.557142857143,122166,125706,52638.0,34790.0,7229.0,113000,440407,4259.0,22405.5,69488.0,3004.306666666667,158641,84234,21025.0,1162.0,24682.0,7511.5,64315.0,1829.0,20176.0,93194.0,2001.15,23587.5,6024.181818181818,630.0,3334.714285714286,1529.8,30291.625,51992.5,1657.25,482.6,54329.375,3027.34375,3326.8,449273,199200,197154,118580.0,230000,614131,19372.5,77048.0,163439,10023.510416666666,327931
2013-02-01,375498,156777,92152,5749,120375,52371,4358,36012,204263,7685.767857142857,125223,41135.0,84318,111029.0,9739.0,22087.0,148702,1026.0,38184.0,32478.0,3405.5,131666,136926,40833.0,41242.0,120763.0,84762,99464,8605.5,79456.5,107623.0,3634.6516853932585,139938,984166,217702,308894,1383104,1053252,721918,267746,1298036,259317,19158.125,491770,244931,153648,32002.0,9263.0,216745,754479,43801.0,290892,196718.0,6987.733333333334,276902,53708.0,140019.0,19963.0,44596.0,19882.0,68711.5,31431.0,91506,30284.5,2685.4556962025317,124190,313558,45971.5,132612,34392.0,481916,771421,30673.0,150500,48355.5,13140.994845360825,597520,249617,136491,84317,363635,979814,405933,37372.0,113105,330515,13619.035809018567,188818,3062.8333333333335,0.0,443.5,0.0,2944.0,4759.0,0.0,533.5,27.0,1003.3529411764706,6243.0,14700.0,16197.0,2112.3333333333335,20822.666666666668,99404,37687.0,5469.5,84758,3836.0,8129.623762376237,154847,9399.823529411764,2262.0,2223.5454545454545,2401.285714285714,1905.076923076923,3933.181818181818,3891.1428571428573,4726.0,25410.75,576.0784313725491,7544.2,403735,123710,120031.0,299820,327493,188072,43395.0,58863.5,167832,4414.811594202899,173544,66414,92484.0,23148.0,2880.0,108624,226384,3309.0,26919.5,112984.0,3544.2051282051284,236807,257666,23513.0,16112.0,21839.0,26149.0,67304.0,1790.0,10415.0,113023.0,1983.4864864864865,62101.5,9248.272727272728,1173.25,1362.0,1381.75,19242.777777777777,34216.11111111111,873.25,4942.0,32860.125,1770.3333333333333,4421.0,489640,150854,242904,86987.0,221272,506929,12905.0,78940.0,235036,10197.703703703704,516977
2013-03-01,278874,162319,108159,5925,106942,57142,6658,39154,385067,8073.532258064516,88557,27379.5,131040,88631.0,12775.0,23496.0,311022,5583.0,17149.0,35741.0,2178.4285714285716,460284,133032,48031.0,35274.5,65447.0,80055,274640,26220.0,196870.0,62224.5,4667.684210526316,147980,900786,227836,312252,1780500,1136713,1270400,282762,564320,209512,20349.780821917808,764476,152038,117814,30992.0,24632.0,138837,619192,20680.5,336872,184818.0,7036.132075471698,318739,27137.0,54643.0,25082.5,49412.0,17211.0,62361.0,14951.5,116744,43503.5,3645.4805194805194,161458,312758,63903.5,96214,15141.5,582613,847474,36511.0,163695,63240.0,14312.670157068063,474014,317028,175888,93519,463223,975063,503212,26645.81818181818,114490,369057,14412.896373056994,277398,3211.1666666666665,0.0,199.5,0.0,21731.5,4643.714285714285,91.0,0.0,8381.5,363.1,11878.5,48549.666666666664,7439.0,10719.5,58743.5,200691,23652.666666666668,6664.5,130258,22601.0,10156.67857142857,154503,10491.117647058823,1647.5,4136.916666666667,1088.5714285714287,1748.125,7129.571428571428,1269.857142857143,255.125,29106.333333333332,1094.7266666666667,8350.75,422862,149046,64963.5,442045,412206,317522,34803.0,108331.0,113550,5626.013888888889,212278,133505,76976.5,15429.0,5630.0,138402,442225,5777.5,37094.0,110319.0,3815.375,241122,142626,15577.5,3670.0,43982.0,30933.0,74067.0,9503.0,8006.0,67767.5,2260.101694915254,156702.0,8605.181818181818,11291.5,4432.285714285715,4083.6666666666665,33220.75,43854.142857142855,388.0,4725.0,66325.88888888889,3572.3444444444444,479.6,362552,293703,262432,43427.0,214840,853183,11252.0,131614.0,141690,14103.853211009175,423919
2013-04-01,280638,148714,87006,23454,189664,118728,7612,45464,355312,8741.633333333333,109914,27411.5,236769,31073.5,24112.0,33660.0,374110,10189.0,38156.0,42372.0,3904.4285714285716,318296,130739,68977.0,37490.5,64589.0,91676,175846,7298.0,70825.5,48519.5,4452.815533980583,138196,894746,306163,260933,1832420,1002722,929648,348688,811271,221066,20989.43624161074,676228,249152,108884,29256.0,19234.0,95467,414456,38615.0,368820,191115.0,9415.48,393420,63670.0,46326.0,32169.5,41212.5,26663.5,74614.0,61588.5,124779,51123.0,3037.458823529412,171663,291088,71895.0,135378,22002.5,499558,803530,30644.5,222682,52922.0,18298.902564102566,492854,317787,219982,99101,377213,913847,567035,39478.5,136041,467051,13512.201834862386,232264,3969.1666666666665,0.0,231.66666666666666,240.0,14907.666666666666,5052.5,14.0,300.0,14281.0,1108.2592592592594,10885.0,38653.0,15897.0,4545.333333333333,38856.333333333336,170149,28635.333333333332,11171.0,73285,26427.0,8491.07142857143,135179,8555.842105263158,7180.0,5264.909090909091,982.8,3722.0,5192.5,1618.2,305.5,50650.5,1164.7398843930637,8749.42857142857,397476,230194,184199.0,341861,330165,316426,38412.0,55438.5,185102,6382.236842105263,298374,127654,92644.5,40412.0,8569.0,303550,552783,5016.0,57410.0,169333.0,4041.5227272727275,314947,258277,17523.0,5480.5,43240.0,65700.0,31953.5,1493.0,17943.0,139361.0,2863.4675324675327,98579.5,19749.454545454544,4321.2,4344.5,978.1666666666666,28512.5,54904.71428571428,2000.3333333333333,3969.25,54575.11111111111,3097.518134715026,755.8333333333334,499092,160238,325028,129987.0,298232,806184,9380.0,95421.0,177760,11296.11304347826,487566
2013-05-01,352658,134997,36422,23963,152506,80391,10542,57421,215243,9377.924242424242,131903,46360.5,217764,87892.5,17635.0,12277.0,235676,7832.0,34294.0,7345.0,2571.3623188405795,144120,187868,68450.0,22515.5,118390.0,78308,214254,22997.0,139530.0,118649.0,5944.75,148347,832578,223978,181592,2215184,1247706,831972,325808,579928,213028,21688.189393939392,549726,226119,144173,23204.5,26341.0,123458,463136,9758.5,357328,189668.0,9476.316831683169,364265,60588.0,68410.0,38830.5,56187.5,10842.0,88564.0,13293.0,126304,18940.5,2954.5119047619046,135956,306772,45442.5,109999,29255.0,580692,935452,21539.5,204136,56969.5,18289.494623655915,424714,312666,194617,108583,322294,803479,542489,43120.583333333336,125934,476945,15371.249681528663,231107,4258.8,1236.0,285.3333333333333,445.0,5472.5,2463.625,139.0,135.0,6061.5,947.1481481481482,3178.8,50236.333333333336,5844.0,3059.0,16232.0,168056,43657.333333333336,3676.0,114114,27571.0,7519.61052631579,149241,10353.29411764706,504.0,1959.2727272727273,661.4,2711.909090909091,1994.3076923076924,603.875,1321.4444444444443,64642.0,1128.095541401274,4346.75,476834,122502,156865.0,464515,440944,270796,106961.0,54065.0,173584,4973.077922077922,191074,114095,58521.5,30360.0,10348.0,184736,671393,1956.0,35805.0,124507.0,3084.1666666666665,334577,138880,14886.5,46428.5,24797.0,25989.5,47148.0,2039.0,29095.0,257526.0,2659.24,77983.0,21362.090909090908,2534.0,2865.3333333333335,1483.6666666666667,35457.666666666664,47259.555555555555,716.75,2361.6666666666665,58188.8,4250.00518134715,1229.4,433015,281500,139162,185940.0,176305,672659,38437.0,104762.0,158729,12812.646464646465,359595
2013-06-01,329753,119353,141596,50544,125171,78102,10481,53580,157039,8047.885714285714,83060,30344.5,208731,31234.0,18318.0,14124.0,154024,8947.0,79888.0,28934.0,3159.257575757576,138572,99278,36614.5,11403.0,103460.5,83599,236024,19107.0,92292.5,66179.0,4903.539325842697,281957,619398,231618,190326,2441756,780146,886611,330038,664574,130340,20078.68275862069,543418,174700,91246,24495.0,27168.0,135373,478818,36413.0,154979,122909.5,9259.083333333334,375508,32995.5,71723.5,21328.5,53216.0,21015.0,69447.0,11266.5,110070,18268.0,3884.4675324675327,152942,438002,61344.0,145470,53220.5,516349,882194,36773.0,198444,62641.5,21930.177142857145,615269,271186,191875,110614,365960,1078185,559887,37031.25,121750,434541,15589.1608040201,196868,3288.6666666666665,0.0,320.6666666666667,450.0,10670.5,2130.0,6602.0,0.0,28428.0,597.8333333333334,5082.6,42171.666666666664,12910.0,1371.0,49148.0,107322,37708.666666666664,7349.0,103546,15907.0,11628.816326530612,118432,8381.785714285714,514.0,2573.1,5248.875,2730.8,1768.0833333333333,1115.857142857143,539.1111111111111,32471.0,1232.77304964539,4493.5,418956,297023,147134.0,760471,210307,299152,73569.0,44508.5,154822,4104.675,180370,130240,104332.0,33399.0,10465.0,147316,692078,3602.0,57173.5,102191.0,4020.269230769231,318083,234262,26832.0,1815.0,32946.0,32746.0,150879.0,1020.0,33068.0,171524.0,3207.030303030303,99309.0,7972.727272727273,3381.0,2036.0,6952.5,30702.25,39196.8,1839.0,698.75,51834.166666666664,3014.318181818182,1324.142857142857,416736,139543,165424,162799.0,189058,699990,20258.0,90306.0,100753,9490.254716981131,304999
2013-07-01,398228,160783,86797,26092,174974,104817,13695,57607,240448,10397.532258064517,140739,27284.0,274583,46295.5,13827.0,17234.0,182625,4676.0,41505.0,30552.0,5141.841269841269,135488,137532,46420.0,12249.0,226041.0,107138,287430,23550.5,157614.0,135224.0,6381.036585365854,377024,761860,430484,133814,2451722,1035900,934303,377862,602636,171544,23006.979020979023,682924,259310,308762,18259.5,30189.5,255447,682754,37539.0,293856,188255.0,12604.12087912088,402097,52446.5,156092.5,15442.5,129119.0,18256.0,91386.0,15689.0,110686,21861.0,4331.7468354430375,165632,382785,102500.0,160118,249144.5,667797,1195225,52816.5,243848,74798.0,23786.155080213903,1044937,364569,175322,78116,521472,881301,580829,37629.166666666664,107625,489086,17523.105263157893,228666,3342.0,0.0,478.0,600.0,19112.0,2582.0,540.0,1200.0,16069.0,640.1,6769.75,52949.666666666664,16219.5,2891.5,17394.333333333332,168106,56481.666666666664,8001.5,107630,13807.5,14079.176991150442,212316,8074.470588235294,265.25,9923.181818181818,7195.571428571428,2468.3636363636365,3246.5,1399.857142857143,2833.8333333333335,28828.8,811.7926829268292,4009.7272727272725,379718,246425,81654.0,508380,385386,251446,85945.0,68671.0,207654,7877.056338028169,140600,121410,89514.5,17603.5,6889.0,106394,911685,7488.0,42676.0,114153.0,4507.305555555556,349875,228059,35730.0,16402.0,19129.5,34379.5,82993.5,3401.0,17557.0,197411.0,2662.945205479452,73556.0,10888.272727272728,1523.0,1567.857142857143,19226.5,28539.5,68116.28571428571,2219.0,1274.5,47609.666666666664,2429.779005524862,3922.0,404214,403614,281340,126964.5,179230,767046,32237.5,76309.5,197045,12229.102803738318,377777
2013-08-01,318588,123737,55734,17305,110936,39625,12958,30554,174774,8492.967741935483,84232,30753.0,181895,21562.0,15402.0,3423.0,49455,3243.0,44483.0,21308.0,2829.5593220338983,183326,139740,59354.0,26705.5,104598.0,70330,149996,14923.0,281158.0,113438.0,5130.411764705882,162946,1181436,287702,185856,1430671,742569,597915,264470,826703,190797,21046.007092198583,505515,287067,198302,29975.0,13412.0,71610,374977,19438.0,244704,122281.0,6928.5,228394,39741.0,138754.0,22785.0,21169.5,7428.0,39211.5,11022.5,140426,21943.0,2750.6619718309857,123786,386684,97892.0,117852,46602.0,588100,845432,20058.0,178268,33276.0,20004.91712707182,1116368,252597,154345,66783,221981,776296,449552,39751.083333333336,108894,419547,14265.674293405114,167477,3370.6666666666665,4950.0,0.0,0.0,5329.666666666667,1876.4,0.0,0.0,7101.0,892.1304347826087,3832.25,45105.333333333336,21612.5,5217.5,28888.0,175674,59517.0,6876.0,76837,2470.0,9918.9793814433,204346,10722.666666666666,1620.0,4571.4,4767.0,1570.6,733.1818181818181,86.11111111111111,2366.2,14628.285714285714,1541.3559322033898,2200.75,437337,111502,109672.0,423465,281402,159567,45889.5,91545.0,141637,5561.636363636364,159945,151066,59538.5,13415.0,3925.5,105037,459832,10715.0,27919.0,92119.0,3118.74358974359,207852,250689,18261.0,1179.0,20696.5,24926.5,111728.0,861.0,24647.0,101596.0,2665.8630136986303,50747.0,6488.545454545455,1095.0,2464.3333333333335,2257.5,18118.444444444445,58838.8,1292.4,538.0,53192.833333333336,2805.295918367347,1344.75,425794,270581,112789,54632.0,153768,441828,12600.0,100930.0,228646,8821.641509433963,218549
2013-09-01,246586,127112,61726,3689,108130,74782,7521,57239,225003,7947.183098591549,106853,40566.0,134080,17269.0,17836.0,22478.0,131104,4862.0,49355.0,38857.0,3863.097222222222,232106,167104,41555.0,54731.0,46737.0,67951,201948,19739.0,150278.5,107845.0,7019.21568627451,138138,1085188,365859,260612,1576532,1436662,910458,252262,970556,306858,27808.97972972973,725463,284602,168432,91655.0,16310.0,228511,527674,26411.0,200988,177847.0,11405.5,358947,65604.5,87820.0,88660.0,35616.0,33002.0,111977.0,10017.0,185546,55567.0,4666.817073170731,171673,578330,142101.0,247100,25335.0,1121678,1470230,48422.5,312540,98745.5,24058.074866310162,1261710,248458,169590,107130,404919,777342,485425,34094.083333333336,168450,377415,14903.838179519595,193500,3604.285714285714,0.0,125.0,1067.0,5224.666666666667,3842.2,441.0,0.0,5703.0,379.7307692307692,8366.0,39827.0,31218.5,829.0,53187.0,224922,26852.0,4625.0,222414,8751.0,13033.245283018869,219025,8176.315789473684,304.5,3505.090909090909,451.75,2545.0,5677.0,620.2222222222222,315.5,32574.333333333332,1467.2083333333333,6568.636363636364,315518,233968,85330.0,279782,269200,269205,10711.0,70612.5,209802,7254.676470588235,109146,173921,66514.0,18951.0,9115.0,256573,276500,5824.0,83822.0,83993.0,3475.879120879121,266609,102126,14880.0,10629.0,17116.0,22511.5,67369.0,8641.0,19304.0,56233.0,2628.576923076923,32195.5,9985.363636363636,453.8333333333333,3188.375,10174.2,32800.375,47239.0,629.0,2256.0,41497.72727272727,3297.657894736842,4371.6,443633,188706,159210,75796.5,298422,716537,7334.0,54444.0,276112,12267.465517241379,444734
2013-10-01,310893,101279,99616,11573,137824,89699,12701,38692,188607,9335.914285714285,161532,91681.0,412631,58331.5,45742.5,39552.0,361271,10372.0,515898.0,49336.0,5313.517241379311,855151,177924,54673.0,14074.5,73105.5,117758,280714,47770.0,99569.5,121831.0,7624.805555555556,180414,913676,323348,294666,2052996,1568324,1277098,452569,789363,352587,32105.38787878788,870253,187913,261000,19680.0,19760.0,74286,613630,14735.0,334147,198785.0,8054.478632478633,474419,100977.0,84672.0,43646.5,24524.0,39904.5,122576.0,17177.0,124734,32696.0,3439.2020202020203,191891,715366,153605.0,692366,31386.0,1075211,2222514,54948.0,253044,181159.0,27621.12093023256,1147187,258096,173877,55230,445802,956677,487996,50396.555555555555,137859,429772,15306.12906724512,182867,3458.6666666666665,0.0,101.0,180.0,4260.0,3540.2,60.0,474.0,7791.0,841.3823529411765,13427.0,54534.0,19675.0,16695.5,43972.5,218330,43652.0,8570.5,165925,8345.5,14984.684615384615,242985,9944.333333333334,338.0,5369.8,509.375,3962.4545454545455,7075.133333333333,262.44444444444446,3380.222222222222,46332.6,1358.9817351598174,6846.333333333333,266667,157266,65852.0,297268,401982,264697,38948.0,54909.5,243192,4926.058823529412,229781,137032,81062.5,33677.0,11709.0,86652,335957,2532.0,85520.0,96930.0,4165.835294117647,293814,63716,16087.0,15822.5,32707.0,19142.0,83781.0,1577.0,25529.0,38100.0,2554.41975308642,42972.0,7868.818181818182,2469.4,3877.0,5732.5,26512.444444444445,37822.444444444445,2637.6,7470.8,68515.9,2855.07299270073,4966.833333333333,478952,267260,157284,93517.0,515126,1099967,30214.0,43430.0,190250,12634.063492063493,474508
2013-11-01,471702,159753,108182,49126,196035,83730,13715,57218,150003,7733.513157894737,87078,168783.0,344328,105202.0,56246.0,340207.5,265814,13386.0,2553096.5,160594.5,8687.851239669422,202411,138525,51767.0,38863.0,63413.5,90266,193084,8456.0,64823.5,106435.0,5825.324561403509,98438,905603,194026,265568,1970742,1498854,1289156,404573,511814,314766,28073.666666666668,552246,270506,228268,45715.0,18246.0,106026,869546,15631.5,144644,226356.0,8491.58878504673,255120,42074.5,121290.0,38248.0,34914.0,25896.5,94152.5,21260.0,108606,66504.0,3608.7586206896553,124168,839608,127763.5,421508,31002.5,1517623,2638630,29725.5,147276,273241.0,28051.958139534883,685462,253718,131579,70449,441510,740495,563866,31368.272727272728,82673,457264,14724.894674556213,104280,4821.833333333333,225.0,228.0,0.0,5771.333333333333,4008.0,67.5,1770.0,9863.5,1016.4375,3832.8571428571427,73468.66666666667,38439.0,2884.0,24589.0,346935,64766.333333333336,11143.0,106536,75678.0,19651.466019417476,192139,10564.764705882353,1314.0,4167.545454545455,304.2857142857143,4326.0,8377.461538461539,327.85714285714283,229.5,46159.6,706.554347826087,5051.555555555556,341764,286997,71344.0,370722,449190,393354,34441.5,30109.5,171321,4173.012195121952,192287,135546,127098.0,24534.0,6644.0,92575,784837,7642.0,59905.0,143220.0,2767.6363636363635,161220,94768,15660.0,1152.0,11447.0,16456.0,96179.0,11864.0,15043.0,40696.0,1600.0886075949368,49901.0,9023.272727272728,1998.1666666666667,2282.777777777778,5954.0,29475.444444444445,46009.5,4328.5,4224.75,68052.0,3429.2375,2257.25,541876,255449,257203,120732.0,516354,1214440,5591.0,55798.0,301156,13707.330508474577,314306
2013-12-01,336866,125017,55042,5653,96746,46545,7632,55953,244919,6804.078125,74909,44843.5,258862,9646.5,3982.0,21191.0,81922,6029.0,24430.0,24013.0,2169.285714285714,105683,137762,33418.0,24911.5,82748.0,61684,205464,9757.0,75742.5,53748.0,5144.65306122449,62980,966718,220523,190494,1776769,1017206,798192,427905,599593,277665,27188.777777777777,611206,236516,145296,16725.0,5375.5,75974,674241,38821.0,288320,158744.0,6330.255102040816,294352,58585.5,131525.0,42950.0,51761.0,12239.5,77479.5,23948.0,108885,70056.0,3635.185185185185,132036,973324,70274.0,260384,17327.5,1258682,1833236,41007.5,175259,165090.5,22053.147208121827,636996,285030,125285,79637,312081,770206,435560,36205.57142857143,129396,474254,13573.715572715573,169782,3962.5,2745.0,132.5,1497.0,5921.666666666667,10336.0,0.0,2340.0,3138.6666666666665,325.0,3899.8,66814.0,17795.0,5772.0,33217.5,323205,24455.333333333332,2957.0,67470,31761.0,12814.777777777777,146312,12357.117647058823,665.6666666666666,6610.214285714285,289.5,4203.4,6260.916666666667,605.0,1763.5454545454545,55403.0,1435.196319018405,4686.75,258552,179007,64608.0,262047,303374,257694,60602.0,54472.5,175204,3963.1617647058824,79180,154810,36746.0,29537.0,12028.0,97283,585617,6731.0,24392.0,64496.0,2631.5555555555557,177540,96382,11186.0,1292.0,14432.0,6348.5,55440.0,3251.0,9359.0,91218.0,1734.0597014925372,51918.0,8115.818181818182,2891.6666666666665,2123.1,4200.25,31283.625,43692.0,1351.8333333333333,2037.1666666666667,73493.0,4258.545893719806,4031.0,461344,121055,91577,71451.0,160778,696753,14647.0,106913.0,137907,10612.394495412844,449121
2014-01-01,289374,64167,83876,14805,116447,73036,6001,39347,205406,8058.693548387097,65035,78887.0,144315,49884.5,1602.0,14153.0,103548,5175.0,47031.0,30600.0,3578.1935483870966,137178,149240,45881.0,16169.5,58473.0,90452,133058,3114.5,57288.0,92438.5,2657.10101010101,77724,918246,181434,191787,967230,869866,600850,210030,512034,163488,15625.643356643357,461402,153722,78670,36600.0,13623.0,95580,679420,32134.0,113514,154606.0,6628.086956521739,251432,39279.0,37526.5,41990.0,39363.0,21736.0,63337.5,11614.0,84184,45125.0,3293.059523809524,96596,278565,37215.5,135635,32045.5,531927,1378224,33091.5,216842,78456.0,13893.04945054945,584676,229824,149115,90089,168731,1081797,408406,30876.18181818182,115069,408509,12848.058577405858,136210,2891.2,0.0,163.5,0.0,10548.333333333334,2208.75,9576.0,2.0,10630.0,607.8235294117648,2762.8,31863.333333333332,9262.0,2867.0,24113.5,117400,20763.666666666668,2462.6666666666665,70085,11555.5,8615.787234042553,204043,7117.222222222223,949.5,6260.2307692307695,3048.6666666666665,3347.0,3514.0,56.6,3455.125,34694.2,837.7642857142857,3259.3636363636365,324344,89420,112569.0,280552,351743,172894,23304.5,46515.0,210842,3440.0266666666666,99900,115112,85044.0,25810.0,5580.0,89546,461903,7277.0,24294.5,104315.0,2948.485294117647,160182,146904,31168.0,18440.5,13792.0,11017.5,54084.0,729.0,18870.0,125307.0,2337.1129032258063,63743.0,6757.454545454545,818.75,931.6666666666666,1381.25,23603.88888888889,29174.0,516.8333333333334,1065.2,79146.0,2397.967391304348,3244.6666666666665,402658,157816,215884,118409.0,171576,561003,15280.0,82184.0,134392,8174.942857142857,378080
2014-02-01,295416,210894,84001,11963,115621,60249,7259,29998,179274,6782.196428571428,96006,37273.0,148007,110006.5,12778.0,18180.0,108462,5530.0,13325.0,24459.0,2198.0,130504,181414,50706.0,24132.0,49868.0,380126,103179,47087.0,89312.0,112555.0,3425.2395833333335,99862,1014114,204546,193638,1275342,778028,624514,303826,589359,246708,17524.861313868612,509504,214278,156887,30043.0,15747.5,106126,254426,19678.0,224377,136785.0,6723.785714285715,234376,57274.0,74402.5,22164.5,40676.5,58880.0,49645.5,16117.0,75241,36754.0,3002.8988764044943,118502,287670,58773.0,110884,31978.0,462042,870857,35521.5,172790,56764.0,15557.97311827957,455298,262961,155347,80254,329689,871315,371126,26546.923076923078,127024,434221,12830.619289340102,191365,2758.4,0.0,97.33333333333333,12965.0,1091.25,2570.4,627.0,511.5,6780.0,1156.3846153846155,7020.75,20482.666666666668,12978.0,2603.0,50143.0,130499,40466.0,10230.5,57048,3606.0,8066.816326530612,245504,11476.066666666668,3.0,7495.909090909091,692.5,2608.230769230769,2666.4285714285716,336.8888888888889,238.875,43133.6,746.6352201257862,7785.636363636364,323348,126364,141663.5,341396,355078,220858,20232.0,58426.5,118238,4455.597402597403,163771,121878,55149.5,47930.0,11544.0,114090,262013,10158.0,21152.0,95493.0,2685.176470588235,243848,89754,10231.0,3550.0,20104.0,29018.0,45651.0,1170.0,18097.0,85261.0,2334.7611940298507,57287.0,6596.8,1484.0,1930.111111111111,12528.333333333334,16912.333333333332,26707.625,970.4,1320.6,61766.90909090909,4615.341708542714,4660.0,394711,236631,206144,35767.0,250966,498206,25162.0,48050.0,208489,8270.10924369748,484974
2014-03-01,334979,122839,117324,11572,187959,119743,6187,37699,336778,6907.594202898551,60514,38189.5,233567,62526.0,14134.0,22307.0,237478,4471.0,13344.0,33965.0,2822.453125,95204,163646,51360.0,47546.0,85154.0,81405,156260,42402.0,91560.5,81584.0,4666.4,100346,845814,188746,245110,1533174,983430,935468,390882,611407,162616,19192.666666666668,613981,180412,183900,24821.5,18936.0,84790,304692,15532.5,126580,76033.5,6773.767676767677,219682,46224.5,112516.0,28730.0,21617.0,12434.5,77948.5,7755.5,120891,22741.0,3247.746835443038,96486,278261,54784.5,107480,41554.5,670144,838628,17648.0,137720,75609.0,14739.751322751323,567021,281056,135906,97672,397907,915546,429435,33729.545454545456,137670,376549,13907.08088235294,243327,4466.6,8100.0,60.333333333333336,16439.0,13272.5,437.5,238.0,190.5,25734.0,925.0434782608696,7901.333333333333,32051.666666666668,8279.0,4956.0,28606.0,236921,34100.333333333336,6331.0,108568,6381.0,10330.733944954129,188600,10107.315789473685,523.75,3724.6,1684.8333333333333,2033.6153846153845,3013.8,263.57142857142856,1561.0,19988.75,682.6829268292682,3237.9166666666665,327396,171644,135304.5,344814,305800,290477,57911.5,48199.0,138124,5817.623376623376,172320,90110,55465.0,46604.0,4976.0,128802,640327,3309.0,40382.0,171110.0,3628.965909090909,289196,132468,22710.0,11422.0,18677.0,33942.0,95193.0,1130.0,8853.0,66303.5,4099.68115942029,102986.5,7951.727272727273,2705.4,5544.142857142857,11372.666666666666,22098.875,30937.444444444445,675.0,2098.2,62682.666666666664,3340.8230088495575,1657.8333333333333,504298,152920,207518,193171.0,229666,611884,12969.0,61641.0,195244,11124.418181818182,476841
2014-04-01,337667,117370,72796,14216,153790,62807,6436,54506,370388,8375.926470588236,107322,45429.5,84837,71255.5,33520.0,25497.0,249873,2223.0,51355.0,50338.0,1659.2533333333333,118860,115670,30928.5,51742.0,122942.0,79446,200432,10982.0,129431.5,82937.0,3908.396226415094,193668,866555,250124,186048,1553839,726726,814913,326278,639410,241020,18665.30821917808,681442,206553,207522,24156.5,17987.0,258398,395150,34258.0,265279,180929.0,7172.752475247525,299729,45379.0,104552.0,27308.5,60407.0,30862.0,77021.0,17125.5,233759,43329.0,3169.1785714285716,119530,583018,56736.5,118171,23893.5,740398,848119,32796.5,210184,62758.5,17133.931216931218,609096,358847,198165,111266,382466,979856,474809,30721.5,133724,576260,15034.580524344568,238136,2535.4444444444443,0.0,202.0,68.0,10349.4,782.1111111111111,42.0,370.0,3912.75,544.2941176470588,3758.375,33236.333333333336,8464.0,1331.5,21220.0,223091,60536.0,6228.5,122038,3901.6666666666665,10531.387755102041,178629,8447.421052631578,480.0,4893.875,1884.6666666666667,3718.7272727272725,5977.7692307692305,200.875,1009.6363636363636,40602.8,1109.6847826086957,5019.142857142857,489580,212575,116928.0,357992,413159,227462,113055.0,57384.0,159274,6009.733333333334,401974,147734,61871.0,35954.0,20634.0,294267,673794,2759.0,51347.0,94900.0,3971.576470588235,346462,192630,10041.5,20396.0,38497.0,30974.5,78522.5,24538.0,23906.0,91468.5,2501.4675324675327,98941.0,7547.090909090909,4853.5,1847.2222222222222,22942.6,27315.444444444445,40949.42857142857,519.1666666666666,3132.0,82040.5,4544.075829383886,3340.8,439943,275640,211762,161473.0,315736,627627,15940.5,96984.0,129064,9797.094827586207,593170
2014-05-01,304759,129688,66070,18963,191555,42682,4875,43716,264009,8970.338709677419,92589,33004.5,174157,38207.5,23672.0,19595.0,135778,5409.0,29253.0,14560.0,2450.7758620689656,234108,169090,72591.0,33983.5,80465.0,87758,167262,4027.5,167789.0,96113.0,4059.929411764706,144554,747248,186767,143130,1421302,718147,659608,307443,562152,187476,18583.371428571427,595780,187846,236264,18283.0,5862.0,131258,324220,14105.5,134127,102145.0,7893.727272727273,329203,46739.5,51730.5,20534.0,92312.0,19687.0,53471.5,13931.0,108740,29994.0,3735.3684210526317,173892,378082,60932.0,103246,38970.0,593384,1014542,24514.5,190333,66330.0,17065.554945054944,557672,272627,194597,98463,413963,956871,423065,29071.8,159372,379646,15992.65298013245,206464,4273.0,211.0,9.0,2081.5,8694.4,487.85714285714283,580.0,2168.0,2473.75,659.0,6346.25,39653.333333333336,15684.0,3300.0,46649.0,118372,38284.333333333336,31721.5,83452,4321.0,10190.77358490566,237682,6389.75,1052.5,5871.818181818182,946.1666666666666,1912.25,6867.5,838.25,7737.0,62517.666666666664,969.4423076923077,6779.25,337922,289788,83319.5,542072,367558,273386,46217.5,71737.0,294530,6011.446153846154,183228,132094,61000.5,45534.0,10899.0,72228,271326,9781.0,50952.5,59168.0,3461.1604938271603,375316,188170,12723.5,5611.0,21199.0,29349.5,148778.0,1778.0,29306.0,153840.0,2686.7027027027025,148158.0,6462.454545454545,4316.666666666667,1414.5,16038.0,33455.0,34413.22222222222,401.2,478.3333333333333,71203.08333333333,4079.4146341463415,4110.75,431622,146668,181612,153202.0,158860,450602,14284.0,54599.5,82436,7889.476635514019,434562
2014-06-01,285212,147946,119940,13736,133258,93904,18744,41878,188710,10972.263157894737,134057,27274.0,244655,15647.0,14098.0,13973.0,198467,6777.0,34334.0,16480.0,1582.1206896551723,138203,112291,73693.0,46493.5,171492.0,78354,120680,20585.0,113341.0,122329.0,5466.6,158884,721162,273998,101980,1739042,559763,614551,301654,373297,137051,19135.78231292517,546596,102520,245079,23075.0,22228.0,114255,317637,13007.5,209238,66035.0,8070.479166666667,349626,31142.5,52321.5,30447.5,80001.0,12995.5,53817.0,12577.0,80404,37557.0,2655.6875,131632,342206,80407.0,152519,37913.0,543154,1128886,26484.5,156388,54508.0,20046.21081081081,596456,386237,168432,115189,477053,924798,373087,38633.63636363636,109021,422560,15353.856598984772,186315,6236.875,252.0,1029.0,343.5,8838.8,998.25,360.0,159.5,9033.333333333334,1093.9565217391305,9763.666666666666,44767.0,12647.666666666666,1956.0,41101.0,120059,52838.666666666664,1543.0,38740,7600.333333333333,11082.067307692309,223680,8922.588235294117,192.33333333333334,2598.5,4097.636363636364,2714.6,4057.733333333333,70.16666666666667,240.2,22082.666666666668,888.4470588235295,4568.75,489224,120328,106264.5,482446,229028,273977,36968.0,41021.0,132982,5700.764705882353,130871,133076,79652.0,37333.0,4478.0,60251,291715,2595.5,39728.5,106754.0,3895.317073170732,352582,224372,37975.0,30598.5,10103.0,29255.5,137772.0,1023.0,21310.0,189362.0,3265.4605263157896,68990.0,6420.636363636364,2110.5,1537.2727272727273,7175.666666666667,29759.5,41726.375,3630.75,813.0,81899.91666666667,4283.663366336634,2204.2,352269,318472,141615,286751.0,160574,669884,15343.0,101736.0,76631,9341.185840707965,388833
2014-07-01,328629,130922,56533,20236,411300,100090,6010,60539,254930,9777.564516129032,92848,42802.0,237558,55689.0,10274.0,158315.0,310770,5768.0,46908.0,74239.0,3255.4520547945203,118453,161737,74250.0,27743.0,49972.5,174594,163665,8247.5,84194.0,133958.5,4873.412371134021,145408,821160,373957,145006,1973223,1917956,666532,252968,821128,317942,20474.73611111111,641374,160309,148434,15906.0,18323.0,135331,464098,33580.0,217296,233941.0,10577.924528301886,355889,51657.0,151904.0,19952.5,57118.0,41396.5,72515.5,9549.0,172170,37963.0,3286.5421686746986,212770,420598,109138.5,150368,61191.0,933012,1409444,38436.0,237761,111582.5,24085.776649746193,1049930,360684,203917,80360,455650,922148,657762,37944.166666666664,101458,483304,14958.37167070218,181608,5138.5,0.0,115.0,225.66666666666666,13856.75,321.57142857142856,54.0,562.3333333333334,8862.0,766.3076923076923,6415.8,69017.66666666667,24080.5,15531.0,54114.0,288210,81979.33333333333,7260.0,112248,30380.0,12307.412844036697,192616,11700.125,195.33333333333334,2565.4444444444443,5656.625,3482.181818181818,5862.076923076923,553.5,259.6666666666667,34644.2,879.3536585365854,4991.416666666667,378202,191512,114952.5,425108,432729,178160,50969.0,117787.0,88396,7613.2375,234492,183210,159681.0,20212.0,11100.5,108242,400342,11285.0,43685.5,169453.0,4114.978260869565,322432,185466,10635.5,15673.0,19533.0,54817.5,122015.0,9928.0,11212.0,166877.0,3096.012987012987,108091.0,8492.272727272728,3847.3333333333335,3697.8333333333335,30089.0,23852.0,47870.625,394.0,991.25,62076.833333333336,2657.2555066079294,8343.75,443376,222637,89322,180581.5,434264,538460,13628.0,72861.5,121679,9846.868421052632,340786
2014-08-01,387176,115108,112363,25991,508927,46727,7408,40590,354317,8598.528301886792,88694,35765.5,53334,28579.5,14586.0,7686.0,40026,3218.0,40572.0,38939.0,2406.7735849056603,132786,120355,22804.0,22704.0,76018.0,345663,166479,18769.5,146766.0,185430.0,4315.3258426966295,87063,1022719,177685,109248,864928,2215497,551764,335966,852182,475102,19307.522058823528,574312,169610,73845,29474.0,9323.5,239306,176406,9065.0,182135,197206.0,4100.648351648351,211400,45018.0,38844.5,21076.0,19099.5,48468.0,26547.0,6950.0,150131,25875.0,1911.9444444444443,115872,247962,84258.5,85786,30858.0,540836,706099,32806.5,260653,81559.0,18555.340425531915,900542,265608,125001,67846,312419,570198,334464,49539.142857142855,96102,333092,13939.915966386554,128678,3195.0,12600.0,115.5,8626.0,11299.25,488.0,227.5,11466.5,2255.0,787.8666666666667,2829.285714285714,23305.333333333332,49856.0,1130.0,38263.0,263207,32458.333333333332,1450.0,68703,3594.0,13196.404761904761,191231,6203.823529411765,1141.5,1434.7777777777778,7292.0,1765.0,5921.545454545455,52.142857142857146,1447.4285714285713,23367.2,1309.1166666666666,2898.3846153846152,364072,145868,99556.5,313234,352360,146826,34861.0,67154.0,106644,4747.138461538461,134342,121471,44731.5,18830.0,20323.0,295226,247025,4350.0,33708.5,193321.0,3195.9466666666667,233504,209235,26434.0,158.0,5248.0,66013.0,91804.0,1665.0,3712.0,135832.0,4300.759259259259,23084.5,8194.363636363636,405.8333333333333,1346.75,9808.6,14528.625,25689.5,283.0,3565.3333333333335,71915.91666666667,2458.5935828877004,2659.0,299080,128036,110622,109687.5,214299,617524,16148.0,59283.0,94108,8830.010416666666,279422
2014-09-01,381060,93209,84459,14900,177069,66241,8473,36178,148257,8485.901408450703,123044,75861.5,184992,9430.0,7990.0,30939.0,223619,820.0,63632.5,15696.0,4614.898550724638,208873,127776,47001.0,27055.0,24734.5,178973,141636,23599.0,98440.0,106931.0,5944.28,108288,1057248,256970,209034,1379600,2153672,680810,324814,784977,319516,28339.868613138686,710760,150878,267262,19096.0,17609.0,204480,373646,20355.0,195587,82434.5,7768.990476190476,374370,84418.0,102748.5,34056.0,57334.0,139740.0,75689.0,4704.5,263621,31579.5,3727.714285714286,155182,432247,139308.5,194668,30873.0,927222,1273636,30896.0,282599,146900.0,25885.846153846152,1189332,263059,165571,88788,432081,729394,527497,30642.416666666668,150129,299505,14719.570370370371,197544,2442.125,540.0,128.25,1251.0,20480.666666666668,537.5,922.5,519.3333333333334,3306.75,1116.8,8347.333333333334,40688.666666666664,12595.5,2269.0,32385.0,168980,79175.5,3406.5,113138,8346.5,12717.965517241379,241214,3890.15,280.25,2630.7,4600.0,2625.75,6528.615384615385,668.0,3101.5555555555557,61959.0,1331.4022346368715,4687.454545454545,264632,140882,72501.0,599258,314839,258322,198043.0,52631.0,155672,7433.014084507042,109192,208642,71962.0,23953.5,18855.0,337550,301320,7735.0,42717.0,77510.0,4442.214285714285,253001,71757,24462.0,1970.5,23601.0,9566.5,73131.0,1608.0,25237.0,12264.0,2659.8,42780.5,8514.636363636364,3614.6666666666665,1789.8181818181818,93164.5,20331.555555555555,31101.875,490.0,4408.5,71350.8,2851.598086124402,12668.0,500582,169571,124976,88958.0,413467,709718,19996.0,190490.0,138962,12927.733944954129,482197
2014-10-01,255197,136920,80609,12887,140901,101246,8693,47634,208357,6191.682926829269,129255,49441.5,145050,6606.0,47807.5,47078.0,320451,2496.5,1560104.0,41820.5,6045.745098039216,807330,142651,23309.0,36792.0,45963.0,141312,174289,45984.0,77940.5,159794.0,6278.675925925926,144918,887624,272692,280350,1471162,1320650,928912,358458,613322,301834,25137.924528301886,833419,164427,104016,47396.0,7379.0,105214,535344,7476.0,162021,181373.0,6437.17094017094,381008,46819.0,68272.5,63095.0,55315.5,17654.0,109637.5,13521.0,118163,33802.0,3405.901960784314,177056,748469,170860.0,580256,44808.0,1127452,2804524,33844.0,257040,197492.5,26596.899543378997,1343309,253359,193582,85410,505588,871332,524270,41615.181818181816,156879,403601,13736.203040173725,171636,2239.75,102.0,279.3333333333333,11241.0,11401.666666666666,579.0,330.0,450.0,7349.666666666667,704.5384615384615,4929.857142857143,54097.0,22985.0,10725.0,24994.666666666668,284212,107052.33333333333,7707.666666666667,142442,6769.5,14822.776119402984,343032,8789.473684210527,1136.0,2088.0714285714284,515.0,3100.25,7405.181818181818,280.0,698.8888888888889,43529.8,667.4894514767932,7223.083333333333,294422,278371,105676.0,564788,431666,272518,69156.0,74851.0,130452,6197.988636363636,327140,139240,119182.0,38409.0,4870.0,115082,338120,5359.0,50249.0,163879.0,2949.7281553398057,283719,97098,30721.0,2009.0,69588.0,9435.0,41214.0,2088.0,30481.0,35786.0,2291.074074074074,40898.5,9230.363636363636,3234.0,3321.375,2061.6,25187.666666666668,37468.75,1516.4,5688.2,64924.083333333336,2961.7011494252874,3107.8333333333335,446735,255728,187388,156335.5,341812,915142,10087.5,41899.0,182511,11507.186046511628,402472
2014-11-01,385785,105400,59753,14495,238089,108286,6080,31780,181150,8251.811594202898,117409,86573.5,105374,85033.0,93939.0,240302.5,188688,3197.0,1212893.5,135995.0,5801.141732283465,102188,127618,47687.0,58637.0,59094.0,75688,142696,5256.0,132992.0,208476.0,5035.656862745098,161587,911957,247010,231977,1562399,1240036,1002328,396036,369784,340841,22842.46103896104,603046,178215,96930,27731.5,13903.0,282090,699068,15309.0,122317,85048.0,5438.473214285715,250656,48356.0,68628.5,30771.5,54929.0,26240.5,109800.0,8945.0,71954,35575.5,2954.8585858585857,133508,911828,101441.0,451745,54967.5,1370924,3008108,42319.0,106615,300451.5,26554.094786729856,703767,228742,178982,55383,579171,859503,507187,33993.833333333336,95267,388223,12841.699535962876,110926,4206.142857142857,191.0,105.5,8410.0,9094.833333333334,862.4,67.0,0.0,6273.0,704.2424242424242,2919.0,61173.333333333336,12756.0,3395.0,52903.5,235850,55710.333333333336,2390.5,56955,28318.0,18063.866071428572,226723,5760.263157894737,175.5,3763.3333333333335,3922.0,3528.076923076923,5008.9375,733.4285714285714,1952.909090909091,39569.0,905.5370370370371,5050.2307692307695,314823,161780,81818.5,423646,321479,304936,95588.0,27138.0,182412,6906.443037974684,86326,203467,136373.0,37892.0,4266.0,125960,381896,6526.0,52520.0,68522.0,2561.5393258426966,345318,69422,17263.0,1994.5,16158.5,10918.5,60790.0,10436.0,13428.0,61749.0,2127.222222222222,58134.0,11889.0,794.4,3549.125,30082.25,28780.125,32927.4,2681.4,3907.2,72046.08333333333,2282.0218340611355,3996.1666666666665,415473,230776,175880,46844.5,311326,1037077,5775.0,68366.0,184256,11429.355371900827,299383
2014-12-01,370187,139123,110114,14184,100789,67206,8944,61747,165181,5027.0,87198,40218.5,160425,2083.5,64363.0,19606.0,52284,7148.0,54883.0,41599.0,1529.6666666666667,83276,140870,38002.0,31430.0,103540.0,238578,80474,33823.0,94601.0,122532.0,3315.747572815534,63655,1023857,128712,207332,2049084,1079712,675480,466484,577731,324514,17922.0490797546,636269,186675,138674,18244.0,20795.0,67093,393154,21134.0,292778,298992.0,6022.290322580645,247136,47773.0,43534.0,19462.5,114422.0,21102.5,40937.5,16806.5,171313,51205.0,3000.3529411764707,100670,1043682,50951.0,298270,58394.0,1302240,1886038,39580.0,182868,232228.5,21502.9587628866,512654,289573,171111,102666,632830,781867,326359,46476.181818181816,162507,413210,13056.607891491985,170694,4327.285714285715,0.0,154.66666666666666,981.0,12343.166666666666,306.44444444444446,65.0,0.0,6360.0,573.5,3470.0,60669.0,9805.0,4839.0,26888.5,344932,42278.333333333336,6473.0,81576,24001.0,14284.877192982456,181041,10231.368421052632,166.66666666666666,4639.75,1847.1666666666667,4454.0,5975.714285714285,1172.75,2075.777777777778,35178.142857142855,798.3038674033149,6331.1,277652,152645,72480.0,660186,410128,215762,140749.0,91757.0,154867,5057.939759036145,186880,191056,63884.0,44833.0,24045.0,68852,272290,6099.0,26540.0,128315.0,2695.0722891566265,219262,68724,13889.0,15507.5,30781.0,45239.0,51988.0,10260.0,19832.0,75697.0,1525.0675675675675,36465.5,6061.0,1260.0,2170.3636363636365,705.6666666666666,29764.0,28663.222222222223,1962.6,1984.8,79546.16666666667,2289.6283185840707,3050.2,386850,287716,96928,195408.0,263554,607050,13425.0,89926.0,163520,8166.684684684685,348342
2015-01-01,312141,80038,88551,8907,205579,65482,5377,24924,266594,8271.892857142857,79603,24871.0,118538,56969.5,1519.0,88046.0,85405,688.5,58289.0,28615.0,2023.6415094339623,108278,118614,45679.0,16349.5,64904.0,107482,122847,8929.0,73836.0,95243.0,2394.505882352941,75428,736449,146204,163252,693318,925301,734496,188918,449164,228816,13977.310606060606,445882,109080,183726,13563.5,28053.0,78755,233970,9806.5,231286,39141.5,5597.393258426966,173213,15196.0,36508.0,8635.0,56062.0,14692.0,43680.5,7602.5,76704,21416.0,3008.150684931507,72125,266908,27294.5,113748,29055.5,550456,1023644,30297.0,193877,55067.0,14911.816666666668,558072,280663,144859,91346,323507,691386,349826,20292.545454545456,121398,319222,10723.218579234972,141667,1703.2857142857142,150.0,203.0,591.0,14010.75,1164.6666666666667,721.0,1800.0,5475.666666666667,883.5833333333334,7103.0,35090.666666666664,6712.0,1540.3333333333333,8188.0,234033,60568.0,2712.5,78855,5237.0,7331.285714285715,146084,7333.882352941177,226.0,1481.5,2856.25,4030.6,644.0,492.85714285714283,1267.4285714285713,51026.0,731.9090909090909,5262.0,168621,97628,73744.5,355494,348000,200963,6334.5,37125.0,91311,4898.430769230769,68642,85498,53262.0,43648.0,7073.5,186206,169800,5153.0,28124.5,38106.0,2611.972602739726,150140,85222,32848.0,1203.5,13235.0,23127.0,30145.5,2205.0,10805.0,62372.0,1588.2096774193549,76763.0,10491.181818181818,4427.75,1718.875,3264.8,21006.777777777777,47515.125,756.8333333333334,2416.6666666666665,72536.63636363637,2127.490099009901,1264.5,530596,138894,168686,76083.0,314736,467444,28749.0,34504.5,106728,9880.196078431372,363960
2015-09-01,269930,176850,68184,8174,108730,89664,4090,86525,113066,7506.19696969697,74344,30480.5,163506,17879.0,15038.0,14726.0,351769,2253.0,39048.0,21759.0,2255.9384615384615,207660,170754,48290.0,44120.5,47860.0,114330,132276,13711.5,213056.0,71044.0,4417.877551020408,103966,1035624,340039,150684,1507514,1113279,676512,237449,733603,374722,23932.655172413793,636521,207108,153344,19775.0,16283.0,75418,395634,23348.0,312305,86335.0,7749.72,363786,37882.5,73871.0,28766.5,41842.0,15275.0,75304.0,11781.5,133535,17884.5,3276.6823529411763,157829,447730,189851.0,222595,46858.0,917815,1961654,33968.5,301360,131309.0,26995.22564102564,1437896,260714,154711,70567,388314,890532,428698,22272.272727272728,102476,359537,11463.843713278497,165255,2350.6666666666665,292.5,279.0,2028.0,2970.6,598.0,11.5,1350.0,2935.75,544.3235294117648,6785.666666666667,35262.666666666664,24967.5,6027.0,77580.5,206094,96715.33333333333,3526.5,142658,19293.0,16491.704545454544,342184,6057.941176470588,352.0,5316.333333333333,540.8888888888889,18232.875,3621.5714285714284,382.1,1259.2857142857142,40001.71428571428,1154.2457142857143,6129.666666666667,270948,119858,84461.5,485178,229611,336756,17078.0,50120.0,84425,5421.780821917808,139296,139365,67922.0,50099.0,1674.5,103052,285080,7785.0,93936.0,43991.0,3748.6470588235293,323149,93156,41231.0,15488.5,5860.0,32318.0,47366.0,646.0,17694.0,34579.0,2105.16,38777.5,11391.0,6249.5,860.4,16158.8,23273.0,36121.75,186.6,523.8,84782.33333333333,2838.1689497716893,2586.0,584134,227198,143811,180699.5,338320,699771,15790.0,54827.0,159310,11120.214876033058,432062
2015-10-01,334651,136989,81692,7577,128199,68894,8396,71325,135308,6457.208333333333,106347,37304.5,108136,66192.0,71474.5,23070.0,581543,3265.0,1639912.0,33949.0,3946.550561797753,705402,145698,60405.0,27438.0,84393.0,88422,162984,10361.5,89426.0,73039.5,3370.8899082568805,120582,896165,274790,184116,2285862,915080,924294,347782,801728,302294,20231.532934131737,798178,173544,102034,22283.5,22889.0,65920,632074,16624.0,183650,88766.0,5725.672,360346,52502.0,88736.0,28589.5,25091.5,26369.5,106131.0,16178.0,98862,21345.0,3130.862385321101,182311,1057344,178634.0,576577,29964.0,1033754,3044228,53064.5,291842,151402.0,28739.291079812207,1136110,295379,143694,81791,692539,635382,418842,21200.153846153848,122769,391251,12737.359823399558,145154,2870.714285714286,540.0,93.0,220.5,3855.75,395.57142857142856,67.0,510.0,4934.5,555.2121212121212,4252.666666666667,59380.333333333336,19786.333333333332,13021.5,117304.0,277610,64586.666666666664,5089.5,154639,20680.5,16933.978723404256,393942,10447.0,1756.4,8751.583333333334,1020.1428571428571,31496.0,2662.5714285714284,1175.4285714285713,946.1428571428571,30745.285714285714,668.0371900826447,7754.272727272727,264892,138952,70072.0,600479,256712,193788,50240.0,55879.5,101507,5865.392405063291,107972,100423,119194.0,36743.0,3466.0,174260,419842,10593.0,82191.0,39967.5,3653.451612903226,285898,62064,27960.0,948.0,46661.0,12516.5,67991.0,1269.0,19466.0,16035.0,2698.7027027027025,54790.0,10437.90909090909,1350.4285714285713,2575.8,18503.166666666668,28018.777777777777,48351.42857142857,1373.142857142857,5078.75,59804.916666666664,2217.3774319066147,18997.428571428572,329332,457328,110150,243596.0,255700,934694,31647.0,90381.0,174634,11982.388429752065,405684
2015-11-01,367583,88835,111216,25367,90737,69769,8589,37920,215902,7914.083333333333,116154,105528.0,189925,56193.5,67112.0,142114.5,320543,1948.5,905365.5,166727.0,5422.764227642277,153456,95481,40668.0,30591.5,64059.0,68978,178194,8681.0,51766.5,93678.0,4076.9821428571427,79900,984452,221308,231548,2724016,959351,1085660,347866,420105,315410,21784.622754491018,474570,199630,198251,27645.5,13138.0,68132,712278,48736.0,192733,116034.5,6980.810344827586,279572,43310.0,57764.5,41429.5,32214.5,19392.5,76751.5,19761.0,119621,46057.5,3036.5048543689322,186498,828968,94535.0,415318,27581.0,1290015,2968530,33147.5,201498,295481.0,27473.495495495496,815662,223645,158956,65131,761260,732833,469502,25135.533333333333,88786,399811,13485.822272215973,134613,3545.4285714285716,135.0,1666.3333333333333,795.0,4716.5,1007.0,144.0,0.0,3161.0,672.0333333333333,5072.6,34284.666666666664,34861.0,3417.0,80974.5,422500,60981.0,5905.0,67867,10060.0,15714.479166666666,209996,9872.125,1356.0,3296.230769230769,1332.3333333333333,6748.666666666667,1828.2666666666667,415.25,1011.125,57227.5,1098.0859728506787,4397.846153846154,222202,148703,72289.5,1276807,345590,176444,68123.0,31236.5,157808,5213.620253164557,121262,172982,49925.5,37143.0,11603.0,149322,460652,7330.0,25267.0,147853.0,3383.597701149425,219018,122064,7622.0,2536.0,16947.0,15530.0,104894.0,495.5,17705.0,76989.0,1642.4024390243903,68793.0,11502.363636363636,941.3333333333334,1878.0,31311.0,24643.1,37888.0,2905.25,3960.6666666666665,84518.66666666667,2401.223175965665,2461.4,417232,136956,159552,445723.0,388896,1536768,11818.0,33231.0,136983,13016.463414634147,389160
2015-12-01,480018,104557,102465,28563,109226,54830,7655,62664,133335,5437.619047619048,83105,29500.5,212464,30024.0,33964.0,15507.0,167063,1612.0,31434.0,34318.0,1996.3561643835617,152038,180266,33146.0,32012.0,48337.5,84062,129569,21165.0,188466.0,46753.5,4613.726415094339,122294,923716,162147,196622,2362738,1018790,671020,411325,624755,307281,20547.920529801326,635576,160896,135822,48393.0,25638.0,85095,483226,11312.0,125383,90234.5,5505.327433628318,345638,21899.5,41963.0,14648.0,49903.0,23490.0,63003.0,17751.0,155851,45359.0,2854.0208333333335,123162,910380,40209.5,296339,35912.5,1257168,1533722,33045.5,155828,309481.5,21417.828125,734907,246726,164015,98745,516554,719814,330816,46774.61538461538,105778,428213,11658.130688448075,240593,2881.1428571428573,221.5,154.66666666666666,335.0,6452.666666666667,405.25,152.33333333333334,357.0,8207.0,898.2903225806451,2813.0,34380.0,21731.0,5045.0,55628.0,282337,34921.666666666664,1668.0,67428,8418.0,15224.496124031008,193652,10026.722222222223,15.0,9613.57142857143,4254.111111111111,5606.785714285715,436.70588235294116,473.3636363636364,1146.5555555555557,48008.125,552.3131868131868,7334.142857142857,200474,128220,147266.0,431831,269986,123590,59305.0,33251.5,112259,7044.049382716049,134290,136487,69494.0,32274.0,3447.0,79030,355142,12222.0,20265.0,47604.5,3696.475,233571,104940,20277.0,15220.5,9825.0,13065.0,56383.0,2732.0,21938.0,53628.0,1435.6029411764705,38160.0,11130.272727272728,2355.3333333333335,1287.3,30957.8,26978.2,67353.0,3606.0,5779.833333333333,100305.81818181818,2128.266355140187,3941.8333333333335,420029,247989,111286,297266.5,264806,805506,60949.0,160706.0,119772,8958.405172413793,428682
2016-01-01,253082,125016,43102,10970,110875,58172,4726,28406,79057,7063.7692307692305,52016,45523.0,74496,36619.5,17853.0,38056.0,164617,1440.0,22025.0,29801.0,2253.44,112781,78523,28017.0,29034.0,104534.0,88354,93184,11977.0,148464.0,30360.5,3097.1136363636365,98286,665584,186904,143112,1362290,530562,495741,184658,427982,123038,13694.55,434013,119720,236914,14126.5,15937.5,38299,229487,29708.0,214886,50452.5,5440.56043956044,183567,29959.5,122420.0,12599.0,62930.0,15937.0,46290.0,12150.5,64297,24479.0,2401.3766233766232,90877,289907,57416.5,113784,35517.0,527239,970170,25135.0,146633,82128.0,16869.13294797688,566128,219710,127733,52546,401057,670564,285851,19634.583333333332,81589,307080,11990.84308131241,172193,2410.285714285714,1.0,135.0,0.0,2310.0,894.8,218.0,927.0,6382.5,499.28,2028.6666666666667,27201.0,5807.0,17990.5,43269.5,187250,47975.0,4678.0,59082,15602.0,7085.428571428572,290462,5563.235294117647,1003.0,4512.5,1505.2222222222222,3045.090909090909,1226.3,423.8,213.28571428571428,39120.0,641.0229885057471,4877.8,239876,138286,40263.0,492121,161907,127008,19775.0,31356.0,182890,5237.41095890411,297642,69202,59373.0,19733.5,3861.0,64313,233856,6515.0,52312.0,30992.0,2944.786666666667,180644,64492,15691.0,1596.5,21622.0,16829.0,60514.0,827.5,8160.0,56737.0,2114.5535714285716,50157.0,7765.454545454545,1459.0,2998.1428571428573,23010.4,14793.1,38765.28571428572,1749.5,4372.4,84888.25,2151.1372549019607,4246.333333333333,410915,186360,172277,220478.0,133840,494726,21592.0,54363.0,161225,10163.635416666666,405436
2016-02-01,222498,145423,56190,2734,101497,77877,7451,26754,75087,7456.366666666667,84906,19382.5,63258,16725.5,18571.0,22372.0,130463,43231.0,16662.5,23992.0,1808.1774193548388,142176,76877,34472.5,19580.0,66710.0,90045,121972,14304.0,78011.5,53999.5,3353.725490196078,134119,764878,193170,224827,1557756,637264,559700,260986,491955,178210,15715.489655172414,492868,83186,169053,32778.0,11421.0,73534,365680,31753.0,221203,119374.0,5455.529411764706,312216,49285.0,98984.0,20709.5,19058.0,16416.0,62811.5,17025.5,88496,17893.0,2255.8837209302324,125930,291308,69484.5,149809,19015.0,491110,872122,30640.5,147936,44380.5,16247.063492063493,650160,238468,122763,87892,389402,684725,317065,17258.5,110057,306245,11206.978798586573,324879,3531.625,693.0,173.5,189.0,4568.0,572.0,380.0,1500.0,3411.2,550.0967741935484,4957.714285714285,32567.666666666668,33139.0,17767.0,16583.0,106099,23014.333333333332,4122.0,48314,3352.5,7410.866141732284,220288,7084.875,1.5,2611.153846153846,2987.5454545454545,4125.555555555556,289.7857142857143,217.14285714285714,866.75,26415.0,690.640625,5901.384615384615,241836,208698,125339.5,402874,225330,138876,46584.0,46721.5,83858,4648.972222222223,253658,133020,101863.0,26992.5,2780.0,96381,323012,7045.0,62603.0,97516.0,3259.747252747253,260260,99876,26983.0,28921.5,6953.0,13993.0,50150.0,2530.0,4869.0,50415.0,1828.3333333333333,208704.0,7011.454545454545,1155.25,2301.6,6689.5,24988.222222222223,32860.28571428572,3482.5,2609.0,54573.083333333336,2323.5042372881358,2874.25,384356,395773,160596,198844.0,181576,665527,5696.0,96143.0,83802,10059.735042735043,600389
2016-03-01,293363,95728,160532,22961,115448,89971,15607,57897,396331,7314.492537313433,127809,21929.0,92108,50386.5,9615.0,8698.0,124568,1169.0,16396.0,21121.0,1470.8805970149253,122740,74973,24866.0,22452.0,97389.0,81390,154638,10716.0,63666.0,180491.0,4329.425287356322,215003,672124,203751,218398,1988354,701508,655962,360500,499679,292820,18884.602836879432,755418,173182,141607,16735.0,15726.5,89462,603174,16544.5,228526,91470.5,6498.346153846154,348714,20605.5,58142.0,27013.0,40200.0,19699.0,52783.0,24158.5,90384,20497.5,3566.829268292683,135628,311742,86453.0,117378,33765.0,645217,1122925,29805.0,180953,101348.5,17591.953608247422,603540,309842,144186,118617,559509,798777,397826,25114.583333333332,100010,481581,12004.18484500574,371548,1816.125,2088.0,142.0,90.0,4345.4,1894.6,359.25,2099.6666666666665,1199.6,851.551724137931,3661.8,27409.333333333332,10709.5,7759.0,33685.0,177092,30810.0,10344.0,56816,7495.0,10599.503759398496,193932,6626.5,73.0,5324.2,797.875,4700.0,493.0833333333333,621.5,2467.7,38678.0,1089.274111675127,5145.666666666667,217626,115114,112299.0,430362,250952,200062,49015.0,66139.5,148346,4273.133333333333,213758,121486,94317.0,17363.5,2971.5,119978,582288,6973.0,74161.0,71689.0,4066.253012048193,343647,93658,24195.0,29879.0,11759.0,37806.0,55793.5,4937.0,14094.0,116713.0,2080.536231884058,182267.5,12761.181818181818,399.25,1837.7142857142858,39802.0,25576.1,30007.125,2043.857142857143,7705.4,92469.66666666667,2312.004347826087,3397.2,517540,258332,220005,237593.0,248681,661374,18057.0,69512.0,132842,9012.752066115703,797328
2016-04-01,123552,139710,96933,16464,104337,79280,7475,35777,209515,7163.5970149253735,106227,17648.5,155721,42335.5,12568.0,18212.0,244144,21880.5,12443.0,73453.0,2055.451612903226,126928,101222,54484.0,22791.5,98013.5,73852,120576,9171.0,245686.0,41673.5,3447.299065420561,131214,647154,211432,150738,2396800,554331,612819,357037,598067,179776,18215.240506329115,758257,122106,127454,28654.0,12487.0,72738,410246,17355.0,164946,207335.0,6183.247863247863,414656,28041.5,82541.0,20480.5,29326.5,10397.5,106104.5,19084.5,90948,19780.5,2661.52688172043,152034,339806,72986.5,145316,45744.0,533968,945886,29600.5,166545,73864.0,16988.356756756755,622446,320329,183363,129166,592320,772326,349373,28208.75,131664,429046,13313.24238733252,278409,2511.285714285714,261.0,2085.6666666666665,12417.0,4569.5,504.4,481.0,450.0,5153.0,1037.6666666666667,9472.625,32960.666666666664,15268.5,25333.0,10391.0,198381,34802.333333333336,2318.5,50041,6373.666666666667,9984.11475409836,185552,5647.1,1530.5,8496.9,2256.0,3336.0,872.7333333333333,949.0,238.42857142857142,26708.25,948.219512195122,5660.75,231152,204360,101369.5,527544,168110,200300,64325.0,54390.0,241175,6659.222222222223,252044,102758,154332.0,56043.0,4348.0,150372,379791,8727.0,35685.5,84921.0,4191.506024096386,405784,125947,41584.0,6776.5,10648.0,37544.0,43651.5,2834.0,5875.5,57662.0,2599.9305555555557,125397.5,9530.818181818182,7089.833333333333,2461.0,23111.2,32603.555555555555,37593.11111111111,1446.2857142857142,4183.166666666667,88337.33333333333,2332.9662921348313,4263.125,470348,204350,226182,270273.0,214212,600942,23418.0,55932.0,110669,12061.587719298246,523985
2016-05-01,155185,80902,68814,16487,83068,83268,4252,51302,182108,8582.890625,78151,34758.0,116157,31652.5,21526.0,13072.0,251851,3364.0,20320.0,4740.0,1721.8484848484848,105828,148115,30251.0,14683.0,69168.5,80268,144328,5088.5,45435.5,56436.0,3793.629213483146,118728,585484,198163,154978,1905324,528321,604856,272246,338927,124829,16722.367647058825,479235,97020,217586,48192.5,5267.0,68259,507731,12749.0,127240,87246.5,7089.84,305556,39942.5,53751.5,23959.0,31233.0,14348.0,77524.0,27288.5,87352,12184.5,3695.9375,116564,268765,75053.5,126288,37068.5,568564,1021621,29875.0,157650,80030.0,18687.89230769231,688246,307360,169394,98060,574780,727974,383259,16514.69230769231,99441,371847,13198.37236533958,256669,3954.3333333333335,0.0,108.0,2018.0,4412.5,551.5,35.25,102.0,3172.6,675.1818181818181,3964.1666666666665,28193.666666666668,3140.3333333333335,15504.666666666666,52353.0,198883,33109.666666666664,2606.0,77463,16230.0,10637.5,160790,6073.666666666667,630.25,3675.4545454545455,3827.1,3689.0,3151.4375,1181.5,322.57142857142856,36848.4,882.8795811518324,4668.375,253108,178215,87604.5,538358,224454,115684,18699.0,49205.5,71230,7562.934210526316,195366,113494,109801.0,27063.0,2249.0,182900,367685,7013.0,93265.0,153872.0,4287.058823529412,395063,214410,27134.0,14072.0,46920.0,43646.0,58358.0,368.0,26460.0,123895.0,4058.7972972972975,93321.0,11008.363636363636,1461.5,2539.375,21106.5,27269.81818181818,141093.44444444444,850.6,2096.0,87762.54545454546,2780.0995475113123,4470.125,641050,226990,80754,158769.5,237580,678411,17347.0,93306.0,97050,9864.198198198199,654504
2016-06-01,170966,116611,104873,10676,184598,87961,10017,61681,138881,7335.064935064935,79829,33658.5,145888,16144.0,22551.0,25341.0,163586,34549.0,31792.0,16964.0,1427.2096774193549,148756,102132,42994.0,44038.0,82370.0,78766,133222,6584.0,87811.0,64291.0,4591.10101010101,109563,625373,171534,153290,2678801,503748,610063,316916,508282,148800,16972.625,582947,122685,274297,46522.0,10224.0,96670,414020,14526.5,176594,60728.5,8214.858490566037,356286,22262.5,57047.5,15232.0,41567.0,18573.5,84552.5,14407.0,130474,33841.0,2851.9333333333334,137756,332648,85722.5,147960,37659.5,587209,1288050,49791.5,256258,83071.0,21245.194029850747,742456,304751,151136,117190,656186,830354,403003,36750.166666666664,103315,443161,15156.564285714287,251923,2232.1666666666665,585.0,58.5,903.0,5441.75,431.7142857142857,902.3333333333334,0.0,5939.0,735.2333333333333,4847.2,41360.0,11421.666666666666,14106.0,29889.0,237592,62215.333333333336,6644.0,102298,9116.0,12862.25641025641,227055,4792.64705882353,159.5,4563.923076923077,3473.25,1943.8666666666666,2901.75,836.4,441.42857142857144,33482.833333333336,727.4945054945055,7339.166666666667,310095,109660,99774.5,1077719,169168,140865,122493.0,86735.0,51296,5647.819444444444,214830,153466,116588.0,27660.0,11130.0,135308,412278,6214.0,44608.5,93885.0,4568.358974358975,707676,187292,28347.0,3642.0,35657.0,90522.0,237515.0,2904.0,12161.0,74774.5,3175.5479452054797,80227.0,9028.09090909091,462.1666666666667,2483.3333333333335,68286.5,24719.8,197314.0,1004.2,4199.25,86837.83333333333,2626.15859030837,14667.166666666666,436205,147264,185790,320980.5,183274,680574,39420.0,109915.0,105019,9328.413793103447,414783
2016-07-01,209387,141431,12427,12794,112472,98492,11003,42953,219703,6211.553846153846,114333,36643.0,135110,59443.5,864.0,29848.0,325753,16976.0,77543.0,160463.0,2022.2903225806451,125162,98264,20782.0,13701.0,37947.0,97622,173360,11977.0,114249.0,48655.0,4095.96,133414,601540,239006,69651,2374993,509903,543232,346524,616721,243677,17310.08823529412,679427,115398,154215,38152.5,30011.0,89702,435764,19838.0,381017,158081.0,7467.8942307692305,355246,18508.0,78145.0,20521.0,34376.0,21518.5,79290.0,28432.5,99713,70520.0,2657.4523809523807,148706,272230,121068.5,126897,28093.5,649580,1583101,31074.0,300108,111759.5,23849.805405405405,1167168,267905,166146,84693,779578,652870,372909,27718.916666666668,88236,407244,11891.816132858838,221270,3643.5,225.0,151.66666666666666,1251.6666666666667,3335.8,547.875,555.0,224.2,4687.25,359.64516129032256,3203.5,24608.0,18648.0,11788.5,27037.666666666668,186954,66975.33333333333,2226.5,80849,9606.5,11385.007575757576,269578,5883.0526315789475,1175.0,2568.5454545454545,1867.8333333333333,6054.2307692307695,943.5555555555555,619.0,702.375,21334.5,712.3631578947368,5490.642857142857,392539,154831,49617.5,526447,197670,177842,49818.5,55863.0,94429,4890.878378378378,366247,105696,59717.5,28271.0,8154.0,223076,327448,11540.0,71110.0,158664.0,3755.2413793103447,354126,144620,20279.0,26716.0,11428.0,56623.5,167929.0,4853.0,16344.0,66625.0,2264.8055555555557,69937.0,5885.272727272727,1002.0,1372.4285714285713,33251.25,28851.0,186452.875,2880.1666666666665,3813.6666666666665,96518.25,2947.5757575757575,7012.6,341278,241876,141874,319470.5,195382,578014,23492.0,54408.5,172581,10329.58407079646,416739
2016-08-01,246203,121854,42033,3638,158232,56811,5372,34262,221328,7687.338983050848,80616,11352.5,57526,14731.0,17898.0,5008.0,180633,388.0,15780.0,36790.0,1125.438596491228,138268,115158,43256.0,12507.0,59094.0,59324,104764,9446.0,200575.0,61703.0,4520.388888888889,117776,1088598,278018,95214,1912810,483608,468138,225204,498292,250296,20238.522727272728,661030,145200,86957,10297.5,21705.5,105122,333266,16766.0,188221,93279.0,4569.2808988764045,267246,26253.5,40252.5,13980.0,26091.5,9717.0,44942.0,9096.0,80674,49641.0,2325.8571428571427,103772,311308,129204.0,85823,21576.0,439664,936046,25182.0,193682,74262.0,21654.52105263158,1123368,244606,170207,63316,612714,607607,370831,33249.545454545456,93818,340372,12994.9175,219456,3904.0,1078.5,139.0,1659.0,5001.666666666667,66.6,0.0,150.0,9297.5,515.0,5752.2,28006.666666666668,11405.0,3636.0,17569.0,143453,40751.0,2243.5,74191,16597.0,11646.394736842105,177447,7671.666666666667,225.5,4563.142857142857,1078.6,4718.2307692307695,1846.625,497.85714285714283,2675.6666666666665,32943.0,573.5209580838323,5454.0,239010,129098,62126.5,414272,170980,149901,102211.0,87281.0,87781,5895.485294117647,145952,92558,94191.0,15302.0,4762.0,72120,297602,7089.0,50942.0,152981.0,2879.7733333333335,308520,110726,11404.5,1055.5,37028.0,59229.0,46493.5,1540.0,14207.0,48487.0,2410.575,54656.5,8172.636363636364,1714.0,2621.875,61275.5,20058.454545454544,208233.22222222222,651.25,9572.8,97586.08333333333,2200.75,5452.8,372118,193034,100772,150680.0,162300,643416,38345.0,49418.5,212784,8851.509433962265,385009
2016-09-01,211331,116335,95780,5965,163384,77426,6415,74716,140459,7151.080645161291,89054,45944.5,139664,30491.5,12804.0,9230.0,159560,4229.5,43210.0,24948.5,1947.9142857142858,224402,119448,50829.0,27827.5,43120.0,123561,103525,14679.5,170937.0,68073.0,4910.152173913043,156297,806642,307916,215802,1916456,728332,592044,288207,681628,272476,26833.464788732395,891128,178368,139324,29560.5,26749.0,120791,379524,20904.5,172482,87806.5,6921.747747747748,435498,32168.0,102701.0,45389.0,77277.0,30426.0,63948.5,18516.0,256157,19454.5,3214.0,194140,512464,182740.5,241604,17564.5,893778,1758202,47104.0,436244,193940.0,25289.37,1414036,267835,192668,83063,589841,683440,324849,32182.636363636364,131321,324504,12874.939289805268,215445,2125.714285714286,310.5,81.5,637.0,3973.0,285.8333333333333,337.6666666666667,1575.0,1621.75,520.1351351351351,3675.0,41286.666666666664,62249.0,9892.0,13642.666666666666,132072,72717.0,3042.0,140916,10323.5,13834.563025210084,325212,6528.266666666666,245.0,4815.176470588235,2355.3333333333335,19393.083333333332,5197.0,671.2857142857143,366.3333333333333,27888.333333333332,835.5853658536586,7823.692307692308,300578,113236,104387.0,536002,196636,135555,36476.0,49988.5,116202,7851.205128205128,174306,143574,145793.0,24671.0,3554.5,98754,684001,3919.0,101679.0,148098.0,3745.193181818182,293716,96294,41192.0,19486.5,17964.0,19754.5,46415.5,1515.0,15667.0,63395.0,2691.2083333333335,53246.0,8844.727272727272,1725.0,3361.1428571428573,70025.25,22182.444444444445,158279.5,826.4,2013.75,91020.41666666667,2648.3755274261603,2153.0,547369,214308,141662,313403.5,361112,530189,10819.5,124395.0,136398,14163.830357142857,409890
