,Symbol,Date,Close,Low,Volume,Open,Adj_Close,High
0,CIF.AX,2013-01-01,1.26,1.26,000,1.26,1.26,1.26
1,CIF.AX,2012-12-31,1.26,1.26,000,1.26,1.26,1.26
2,CIF.AX,2012-12-28,1.26,1.26,000,1.26,1.26,1.26
3,CIF.AX,2012-12-27,1.26,1.26,000,1.26,1.26,1.26
4,CIF.AX,2012-12-26,1.26,1.26,000,1.26,1.26,1.26
5,CIF.AX,2012-12-25,1.26,1.26,000,1.26,1.26,1.26
6,CIF.AX,2012-12-24,1.26,1.26,000,1.26,1.26,1.26
7,CIF.AX,2012-12-21,1.26,1.26,000,1.26,1.26,1.26
8,CIF.AX,2012-12-20,1.26,1.26,000,1.26,1.26,1.26
9,CIF.AX,2012-12-19,1.26,1.26,000,1.26,1.26,1.26
10,CIF.AX,2012-12-18,1.26,1.26,000,1.26,1.26,1.26
11,CIF.AX,2012-12-17,1.26,1.26,000,1.26,1.26,1.26
12,CIF.AX,2012-12-14,1.26,1.26,000,1.26,1.26,1.26
13,CIF.AX,2012-12-13,1.26,1.26,000,1.26,1.26,1.26
14,CIF.AX,2012-12-12,1.26,1.26,000,1.26,1.26,1.26
15,CIF.AX,2012-12-11,1.26,1.26,000,1.26,1.26,1.26
16,CIF.AX,2012-12-10,1.26,1.26,000,1.26,1.26,1.26
17,CIF.AX,2012-12-07,1.26,1.26,000,1.26,1.26,1.26
18,CIF.AX,2012-12-06,1.26,1.26,000,1.26,1.26,1.26
19,CIF.AX,2012-12-05,1.26,1.26,000,1.26,1.26,1.26
20,CIF.AX,2012-12-04,1.26,1.26,000,1.26,1.26,1.26
21,CIF.AX,2012-12-03,1.26,1.26,000,1.26,1.26,1.26
22,CIF.AX,2012-11-30,1.26,1.26,000,1.26,1.26,1.26
23,CIF.AX,2012-11-29,1.26,1.26,000,1.26,1.26,1.26
24,CIF.AX,2012-11-28,1.26,1.26,000,1.26,1.26,1.26
25,CIF.AX,2012-11-27,1.26,1.26,000,1.26,1.26,1.26
26,CIF.AX,2012-11-26,1.26,1.26,000,1.26,1.26,1.26
27,CIF.AX,2012-11-23,1.26,1.26,000,1.26,1.26,1.26
28,CIF.AX,2012-11-22,1.26,1.26,000,1.26,1.26,1.26
29,CIF.AX,2012-11-21,1.26,1.26,000,1.26,1.26,1.26
30,CIF.AX,2012-11-20,1.26,1.26,000,1.26,1.26,1.26
31,CIF.AX,2012-11-19,1.26,1.26,000,1.26,1.26,1.26
32,CIF.AX,2012-11-16,1.26,1.26,000,1.26,1.26,1.26
33,CIF.AX,2012-11-15,1.26,1.26,000,1.26,1.26,1.26
34,CIF.AX,2012-11-14,1.26,1.26,000,1.26,1.26,1.26
35,CIF.AX,2012-11-13,1.26,1.26,000,1.26,1.26,1.26
36,CIF.AX,2012-11-12,1.26,1.26,000,1.26,1.26,1.26
37,CIF.AX,2012-11-09,1.26,1.26,000,1.26,1.26,1.26
38,CIF.AX,2012-11-08,1.26,1.26,000,1.26,1.26,1.26
39,CIF.AX,2012-11-07,1.26,1.26,000,1.26,1.26,1.26
40,CIF.AX,2012-11-06,1.26,1.26,000,1.26,1.26,1.26
41,CIF.AX,2012-11-05,1.26,1.26,000,1.26,1.26,1.26
42,CIF.AX,2012-11-02,1.26,1.26,000,1.26,1.26,1.26
43,CIF.AX,2012-11-01,1.26,1.26,000,1.26,1.26,1.26
44,CIF.AX,2012-10-31,1.26,1.26,000,1.26,1.26,1.26
45,CIF.AX,2012-10-30,1.26,1.26,000,1.26,1.26,1.26
46,CIF.AX,2012-10-29,1.26,1.25,9714300,1.26,1.26,1.26
47,CIF.AX,2012-10-26,1.26,1.245,15885800,1.245,1.26,1.26
48,CIF.AX,2012-10-25,1.245,1.22,16249600,1.23,1.245,1.26
49,CIF.AX,2012-10-24,1.365,1.365,000,1.365,1.365,1.365
50,CIF.AX,2012-10-23,1.365,1.365,000,1.365,1.365,1.365
51,CIF.AX,2012-10-22,1.365,1.36,5176500,1.365,1.365,1.37
52,CIF.AX,2012-10-19,1.365,1.365,3841200,1.365,1.365,1.37
53,CIF.AX,2012-10-18,1.37,1.36,826500,1.365,1.37,1.37
54,CIF.AX,2012-10-17,1.36,1.36,158200,1.36,1.36,1.365
55,CIF.AX,2012-10-16,1.365,1.36,53600,1.36,1.365,1.365
56,CIF.AX,2012-10-15,1.365,1.36,4573100,1.37,1.365,1.37
57,CIF.AX,2012-10-12,1.37,1.36,201000,1.36,1.37,1.37
58,CIF.AX,2012-10-11,1.36,1.36,1783800,1.365,1.36,1.37
59,CIF.AX,2012-10-10,1.365,1.36,2815200,1.365,1.365,1.37
60,CIF.AX,2012-10-09,1.365,1.365,37500,1.365,1.365,1.37
61,CIF.AX,2012-10-08,1.37,1.36,41600,1.365,1.37,1.37
62,CIF.AX,2012-10-05,1.36,1.36,1066500,1.36,1.36,1.37
63,CIF.AX,2012-10-04,1.37,1.36,1496200,1.36,1.37,1.37
64,CIF.AX,2012-10-03,1.36,1.355,180000,1.37,1.36,1.37
65,CIF.AX,2012-10-02,1.36,1.36,15300,1.36,1.36,1.365
66,CIF.AX,2012-10-01,1.36,1.36,251100,1.37,1.36,1.37
67,CIF.AX,2012-09-28,1.37,1.355,660100,1.355,1.37,1.37
68,CIF.AX,2012-09-27,1.355,1.35,60700,1.35,1.355,1.355
69,CIF.AX,2012-09-26,1.355,1.35,1042700,1.36,1.355,1.36
70,CIF.AX,2012-09-25,1.355,1.35,886900,1.355,1.355,1.36
71,CIF.AX,2012-09-24,1.355,1.355,7000,1.36,1.355,1.36
72,CIF.AX,2012-09-21,1.35,1.35,924000,1.355,1.35,1.365
73,CIF.AX,2012-09-20,1.36,1.355,91900,1.365,1.36,1.365
74,CIF.AX,2012-09-19,1.365,1.36,238200,1.36,1.365,1.365
75,CIF.AX,2012-09-18,1.365,1.355,4956900,1.355,1.365,1.365
76,CIF.AX,2012-09-17,1.36,1.355,867800,1.36,1.36,1.365
77,CIF.AX,2012-09-14,1.365,1.355,153400,1.365,1.365,1.365
78,CIF.AX,2012-09-13,1.35,1.35,1944800,1.355,1.35,1.36
79,CIF.AX,2012-09-12,1.365,1.355,249700,1.36,1.365,1.365
80,CIF.AX,2012-09-11,1.35,1.35,968800,1.36,1.35,1.36
81,CIF.AX,2012-09-10,1.35,1.35,428400,1.355,1.35,1.365
82,CIF.AX,2012-09-07,1.355,1.35,331000,1.35,1.355,1.365
83,CIF.AX,2012-09-06,1.365,1.36,310900,1.365,1.365,1.37
84,CIF.AX,2012-09-05,1.365,1.365,418000,1.365,1.365,1.37
85,CIF.AX,2012-09-04,1.37,1.36,928900,1.365,1.37,1.37
86,CIF.AX,2012-09-03,1.37,1.355,1034400,1.355,1.37,1.37
87,CIF.AX,2012-08-31,1.355,1.355,141600,1.355,1.355,1.36
88,CIF.AX,2012-08-30,1.36,1.345,1227800,1.35,1.36,1.36
89,CIF.AX,2012-08-29,1.355,1.345,339900,1.345,1.355,1.355
90,CIF.AX,2012-08-28,1.35,1.34,1798900,1.35,1.35,1.35
91,CIF.AX,2012-08-27,1.345,1.345,592300,1.35,1.345,1.35
92,CIF.AX,2012-08-24,1.35,1.345,1115600,1.35,1.35,1.35
93,CIF.AX,2012-08-23,1.347,1.345,712800,1.345,1.347,1.35
94,CIF.AX,2012-08-22,1.35,1.345,1967900,1.345,1.35,1.35
95,CIF.AX,2012-08-21,1.35,1.34,1052700,1.345,1.35,1.35
96,CIF.AX,2012-08-20,1.35,1.34,567300,1.345,1.35,1.35
97,CIF.AX,2012-08-17,1.345,1.34,1240000,1.34,1.345,1.345
98,CIF.AX,2012-08-16,1.34,1.335,1679000,1.335,1.34,1.345
99,CIF.AX,2012-08-15,1.34,1.335,2055800,1.34,1.34,1.345
100,CIF.AX,2012-08-14,1.34,1.335,949400,1.34,1.34,1.34
101,CIF.AX,2012-08-13,1.34,1.335,971300,1.335,1.34,1.34
102,CIF.AX,2012-08-10,1.34,1.33,1184300,1.33,1.34,1.34
103,CIF.AX,2012-08-09,1.335,1.33,1869000,1.335,1.335,1.34
104,CIF.AX,2012-08-08,1.335,1.33,829500,1.335,1.335,1.335
105,CIF.AX,2012-08-07,1.335,1.33,1380500,1.335,1.335,1.34
106,CIF.AX,2012-08-06,1.335,1.335,743800,1.34,1.335,1.34
107,CIF.AX,2012-08-03,1.34,1.335,3516900,1.34,1.34,1.345
108,CIF.AX,2012-08-02,1.34,1.335,607200,1.335,1.34,1.345
109,CIF.AX,2012-08-01,1.34,1.335,641400,1.345,1.34,1.345
110,CIF.AX,2012-07-31,1.345,1.325,3027500,1.33,1.345,1.345
111,CIF.AX,2012-07-30,1.325,1.325,235000,1.335,1.325,1.335
112,CIF.AX,2012-07-27,1.335,1.325,604000,1.325,1.335,1.335
113,CIF.AX,2012-07-26,1.33,1.325,464900,1.325,1.33,1.33
114,CIF.AX,2012-07-25,1.33,1.325,6216000,1.325,1.33,1.335
115,CIF.AX,2012-07-24,1.33,1.325,2491100,1.335,1.33,1.335
116,CIF.AX,2012-07-23,1.335,1.335,90100,1.335,1.335,1.34
117,CIF.AX,2012-07-20,1.34,1.33,121600,1.34,1.34,1.34
118,CIF.AX,2012-07-19,1.34,1.325,1526000,1.33,1.34,1.345
119,CIF.AX,2012-07-18,1.33,1.325,770700,1.325,1.33,1.33
120,CIF.AX,2012-07-17,1.325,1.325,17447400,1.325,1.325,1.33
121,CIF.AX,2012-07-16,1.33,1.325,256400,1.325,1.33,1.33
122,CIF.AX,2012-07-13,1.325,1.325,339200,1.325,1.325,1.33
123,CIF.AX,2012-07-12,1.32,1.32,562500,1.32,1.32,1.325
124,CIF.AX,2012-07-11,1.32,1.32,685700,1.32,1.32,1.325
125,CIF.AX,2012-07-10,1.315,1.315,259900,1.315,1.315,1.3175
126,CIF.AX,2012-07-09,1.32,1.315,229600,1.32,1.32,1.32
127,CIF.AX,2012-07-06,1.32,1.315,1104000,1.315,1.32,1.32
128,CIF.AX,2012-07-05,1.32,1.31,2557200,1.31,1.32,1.32
129,CIF.AX,2012-07-04,1.31,1.31,6784300,1.31,1.31,1.32
130,CIF.AX,2012-07-03,1.31,1.305,18024300,1.305,1.31,1.31
131,CIF.AX,2012-07-02,1.305,1.30,7926700,1.305,1.305,1.31
132,CIF.AX,2012-06-29,1.31,1.305,416500,1.31,1.31,1.315
133,CIF.AX,2012-06-28,1.305,1.305,3859200,1.31,1.305,1.315
134,CIF.AX,2012-06-27,1.31,1.305,3468700,1.31,1.31,1.315
135,CIF.AX,2012-06-26,1.30,1.30,4658100,1.305,1.30,1.315
136,CIF.AX,2012-06-25,1.29,1.28,10909800,1.28,1.29,1.31
137,CIF.AX,2012-06-22,1.21,1.19,796100,1.19,1.16,1.21
138,CIF.AX,2012-06-21,1.19,1.18,715700,1.18,1.1408,1.19
139,CIF.AX,2012-06-20,1.19,1.175,2977000,1.175,1.1408,1.195
140,CIF.AX,2012-06-19,1.175,1.155,394200,1.18,1.1264,1.195
141,CIF.AX,2012-06-18,1.165,1.14,326300,1.17,1.1169,1.18
142,CIF.AX,2012-06-15,1.165,1.14,602200,1.17,1.1169,1.185
143,CIF.AX,2012-06-14,1.18,1.17,800500,1.17,1.1312,1.20
144,CIF.AX,2012-06-13,1.175,1.135,503100,1.16,1.1264,1.175
145,CIF.AX,2012-06-12,1.16,1.155,450300,1.165,1.1121,1.17
146,CIF.AX,2012-06-11,1.175,1.175,000,1.175,1.1264,1.175
147,CIF.AX,2012-06-08,1.175,1.165,511800,1.185,1.1264,1.185
148,CIF.AX,2012-06-07,1.17,1.165,1344900,1.185,1.1217,1.195
149,CIF.AX,2012-06-06,1.185,1.15,1608800,1.18,1.136,1.19
150,CIF.AX,2012-06-05,1.18,1.145,5132100,1.27,1.1312,1.27
151,CIF.AX,2012-06-04,1.10,1.095,347000,1.105,1.0545,1.13
152,CIF.AX,2012-06-01,1.125,1.10,3559400,1.10,1.0785,1.15
153,CIF.AX,2012-05-31,1.14,1.095,1160800,1.105,1.0929,1.15
154,CIF.AX,2012-05-30,1.115,1.09,290500,1.10,1.0689,1.135
155,CIF.AX,2012-05-29,1.12,1.09,38200,1.12,1.0737,1.12
156,CIF.AX,2012-05-28,1.13,1.095,30000,1.10,1.0833,1.13
157,CIF.AX,2012-05-25,1.11,1.09,2830900,1.13,1.0641,1.13
158,CIF.AX,2012-05-24,1.13,1.10,188900,1.14,1.0833,1.17
159,CIF.AX,2012-05-23,1.14,1.115,175000,1.165,1.0929,1.165
160,CIF.AX,2012-05-22,1.125,1.09,169700,1.13,1.0785,1.16
161,CIF.AX,2012-05-21,1.12,1.09,97400,1.10,1.0737,1.12
162,CIF.AX,2012-05-18,1.11,1.085,408000,1.10,1.0641,1.11
163,CIF.AX,2012-05-17,1.115,1.105,277600,1.13,1.0689,1.13
164,CIF.AX,2012-05-16,1.13,1.10,220100,1.13,1.0833,1.15
165,CIF.AX,2012-05-15,1.13,1.12,993800,1.135,1.0833,1.135
166,CIF.AX,2012-05-14,1.135,1.135,558200,1.145,1.0881,1.145
167,CIF.AX,2012-05-11,1.14,1.14,143600,1.145,1.0929,1.15
168,CIF.AX,2012-05-10,1.145,1.135,1877500,1.135,1.0977,1.15
169,CIF.AX,2012-05-09,1.145,1.13,119900,1.15,1.0977,1.155
170,CIF.AX,2012-05-08,1.155,1.13,198600,1.13,1.1073,1.16
171,CIF.AX,2012-05-07,1.15,1.145,330600,1.15,1.1025,1.155
172,CIF.AX,2012-05-04,1.155,1.135,402200,1.135,1.1073,1.18
173,CIF.AX,2012-05-03,1.145,1.13,1776400,1.185,1.0977,1.185
174,CIF.AX,2012-05-02,1.18,1.18,371700,1.185,1.1312,1.185
175,CIF.AX,2012-05-01,1.18,1.18,167200,1.185,1.1312,1.19
176,CIF.AX,2012-04-30,1.19,1.185,1275700,1.185,1.1408,1.19
177,CIF.AX,2012-04-27,1.19,1.18,141200,1.19,1.1408,1.19
178,CIF.AX,2012-04-26,1.19,1.18,360400,1.20,1.1408,1.20
179,CIF.AX,2012-04-25,1.20,1.20,000,1.20,1.1504,1.20
180,CIF.AX,2012-04-24,1.20,1.195,208900,1.215,1.1504,1.22
181,CIF.AX,2012-04-23,1.205,1.18,260800,1.21,1.1552,1.23
182,CIF.AX,2012-04-20,1.22,1.19,767500,1.205,1.1696,1.23
183,CIF.AX,2012-04-19,1.21,1.185,127400,1.22,1.16,1.22
184,CIF.AX,2012-04-18,1.215,1.21,1260100,1.22,1.1648,1.22
185,CIF.AX,2012-04-17,1.22,1.20,257400,1.21,1.1696,1.23
186,CIF.AX,2012-04-16,1.225,1.20,169300,1.23,1.1744,1.23
187,CIF.AX,2012-04-13,1.23,1.20,155900,1.225,1.1792,1.24
188,CIF.AX,2012-04-12,1.21,1.21,547400,1.21,1.16,1.23
189,CIF.AX,2012-04-11,1.22,1.21,105200,1.215,1.1696,1.245
190,CIF.AX,2012-04-10,1.215,1.215,2679700,1.23,1.1648,1.23
191,CIF.AX,2012-04-09,1.23,1.23,000,1.23,1.1792,1.23
192,CIF.AX,2012-04-06,1.23,1.23,000,1.23,1.1792,1.23
193,CIF.AX,2012-04-05,1.23,1.215,707600,1.22,1.1792,1.23
194,CIF.AX,2012-04-04,1.23,1.22,930400,1.22,1.1792,1.28
195,CIF.AX,2012-04-03,1.22,1.20,303600,1.20,1.1696,1.25
196,CIF.AX,2012-04-02,1.20,1.16,418300,1.18,1.1504,1.205
197,CIF.AX,2012-03-30,1.18,1.15,192500,1.155,1.1312,1.18
198,CIF.AX,2012-03-29,1.17,1.155,73600,1.16,1.1217,1.18
199,CIF.AX,2012-03-28,1.15,1.15,207900,1.16,1.1025,1.16
200,CIF.AX,2012-03-27,1.165,1.15,142000,1.15,1.1169,1.175
201,CIF.AX,2012-03-26,1.15,1.15,253700,1.155,1.1025,1.18
202,CIF.AX,2012-03-23,1.16,1.155,82800,1.17,1.1121,1.17
203,CIF.AX,2012-03-22,1.16,1.15,2413900,1.15,1.1121,1.17
204,CIF.AX,2012-03-21,1.15,1.15,88000,1.155,1.1025,1.165
205,CIF.AX,2012-03-20,1.165,1.14,532400,1.155,1.1169,1.18
206,CIF.AX,2012-03-19,1.17,1.13,518700,1.135,1.1217,1.175
207,CIF.AX,2012-03-16,1.135,1.13,4374900,1.16,1.0881,1.165
208,CIF.AX,2012-03-15,1.15,1.13,1931900,1.16,1.1025,1.165
209,CIF.AX,2012-03-14,1.155,1.155,523200,1.175,1.1073,1.18
210,CIF.AX,2012-03-13,1.175,1.15,267100,1.165,1.1264,1.18
211,CIF.AX,2012-03-12,1.16,1.145,201200,1.16,1.1121,1.18
212,CIF.AX,2012-03-09,1.15,1.14,1079800,1.14,1.1025,1.16
213,CIF.AX,2012-03-08,1.14,1.13,238200,1.17,1.0929,1.17
214,CIF.AX,2012-03-07,1.165,1.145,325900,1.145,1.1169,1.165
215,CIF.AX,2012-03-06,1.14,1.13,450600,1.135,1.0929,1.15
216,CIF.AX,2012-03-05,1.135,1.13,6561500,1.17,1.0881,1.17
217,CIF.AX,2012-03-02,1.18,1.17,14319500,1.17,1.1312,1.20
218,CIF.AX,2012-03-01,1.16,1.135,651700,1.135,1.1121,1.175
219,CIF.AX,2012-02-29,1.175,1.13,2201000,1.20,1.1264,1.20
220,CIF.AX,2012-02-28,1.20,1.16,250600,1.16,1.1504,1.20
221,CIF.AX,2012-02-27,1.15,1.12,224900,1.15,1.1025,1.18
222,CIF.AX,2012-02-24,1.18,1.145,86000,1.21,1.1312,1.21
223,CIF.AX,2012-02-23,1.21,1.18,68300,1.20,1.16,1.21
224,CIF.AX,2012-02-22,1.195,1.18,188000,1.18,1.1456,1.20
225,CIF.AX,2012-02-21,1.18,1.155,84000,1.21,1.1312,1.22
226,CIF.AX,2012-02-20,1.24,1.17,141000,1.17,1.1888,1.32
227,CIF.AX,2012-02-17,1.155,1.135,155000,1.135,1.1073,1.16
228,CIF.AX,2012-02-16,1.135,1.12,99100,1.12,1.0881,1.14
229,CIF.AX,2012-02-15,1.125,1.115,83800,1.115,1.0785,1.13
230,CIF.AX,2012-02-14,1.115,1.10,103300,1.10,1.0689,1.125
231,CIF.AX,2012-02-13,1.10,1.10,193600,1.10,1.0545,1.11
232,CIF.AX,2012-02-10,1.10,1.08,66200,1.08,1.0545,1.10
233,CIF.AX,2012-02-09,1.09,1.08,50800,1.08,1.045,1.09
234,CIF.AX,2012-02-08,1.09,1.075,69500,1.075,1.045,1.095
235,CIF.AX,2012-02-07,1.07,1.07,26300,1.09,1.0258,1.09
236,CIF.AX,2012-02-06,1.09,1.065,48600,1.075,1.045,1.10
237,CIF.AX,2012-02-03,1.075,1.07,21700,1.07,1.0306,1.08
238,CIF.AX,2012-02-02,1.05,1.05,45900,1.085,1.0066,1.085
239,CIF.AX,2012-02-01,1.085,1.06,73100,1.07,1.0402,1.125
240,CIF.AX,2012-01-31,1.125,1.05,107600,1.085,1.0785,1.125
241,CIF.AX,2012-01-30,1.085,1.085,77000,1.10,1.0402,1.10
242,CIF.AX,2012-01-27,1.125,1.10,147300,1.11,1.0785,1.125
243,CIF.AX,2012-01-26,1.11,1.11,000,1.11,1.0641,1.11
244,CIF.AX,2012-01-25,1.11,1.10,84600,1.10,1.0641,1.11
245,CIF.AX,2012-01-24,1.115,1.11,61600,1.13,1.0689,1.135
246,CIF.AX,2012-01-23,1.135,1.11,39800,1.11,1.0881,1.135
247,CIF.AX,2012-01-20,1.125,1.11,64500,1.11,1.0785,1.125
248,CIF.AX,2012-01-19,1.11,1.10,57000,1.10,1.0641,1.125
249,CIF.AX,2012-01-18,1.10,1.09,39400,1.11,1.0545,1.14
250,CIF.AX,2012-01-17,1.11,1.09,70800,1.09,1.0641,1.13
251,CIF.AX,2012-01-16,1.11,1.105,34100,1.11,1.0641,1.115
252,CIF.AX,2012-01-13,1.11,1.10,32200,1.11,1.0641,1.11
253,CIF.AX,2012-01-12,1.10,1.10,124800,1.10,1.0545,1.11
254,CIF.AX,2012-01-11,1.11,1.10,139700,1.10,1.0641,1.11
255,CIF.AX,2012-01-10,1.10,1.10,10200,1.10,1.0545,1.10
256,CIF.AX,2012-01-09,1.11,1.11,000,1.11,1.0641,1.11
257,CIF.AX,2012-01-06,1.11,1.10,34600,1.11,1.0641,1.11
258,CIF.AX,2012-01-05,1.115,1.105,39700,1.12,1.0689,1.12
259,CIF.AX,2012-01-04,1.13,1.10,22800,1.10,1.0833,1.13
260,CIF.AX,2012-01-03,1.13,1.10,63900,1.13,1.0833,1.13
261,CIF.AX,2012-01-02,1.12,1.12,000,1.12,1.0737,1.12
262,CIF.AX,2011-12-30,1.12,1.12,148200,1.12,1.0737,1.125
263,CIF.AX,2011-12-29,1.12,1.10,41400,1.12,1.0737,1.13
264,CIF.AX,2011-12-28,1.12,1.10,105000,1.10,1.0737,1.12
265,CIF.AX,2011-12-27,1.12,1.12,000,1.12,1.0737,1.12
266,CIF.AX,2011-12-26,1.12,1.12,000,1.12,1.0737,1.12
267,CIF.AX,2011-12-23,1.11,1.085,29600,1.09,1.0641,1.12
268,CIF.AX,2011-12-22,1.12,1.09,66900,1.13,1.0737,1.13
269,CIF.AX,2011-12-21,1.14,1.135,254600,1.135,1.045,1.16
270,CIF.AX,2011-12-20,1.135,1.115,171800,1.115,1.0404,1.14
271,CIF.AX,2011-12-19,1.11,1.11,79500,1.115,1.0175,1.12
272,CIF.AX,2011-12-16,1.12,1.10,74400,1.12,1.0266,1.12
273,CIF.AX,2011-12-15,1.10,1.09,115400,1.13,1.0083,1.13
274,CIF.AX,2011-12-14,1.135,1.08,50500,1.08,1.0404,1.135
275,CIF.AX,2011-12-13,1.08,1.08,77900,1.095,0.99,1.10
276,CIF.AX,2011-12-12,1.10,1.10,58600,1.14,1.0083,1.15
277,CIF.AX,2011-12-09,1.14,1.09,24700,1.13,1.045,1.145
278,CIF.AX,2011-12-08,1.13,1.10,769800,1.112,1.0358,1.14
279,CIF.AX,2011-12-07,1.105,1.095,53300,1.095,1.0129,1.125
280,CIF.AX,2011-12-06,1.12,1.08,79300,1.12,1.0266,1.12
281,CIF.AX,2011-12-05,1.125,1.085,107800,1.085,1.0312,1.125
282,CIF.AX,2011-12-02,1.085,1.085,000,1.085,0.9945,1.085
283,CIF.AX,2011-12-01,1.085,1.085,72300,1.095,0.9945,1.13
284,CIF.AX,2011-11-30,1.085,1.075,466600,1.10,0.9945,1.115
285,CIF.AX,2011-11-29,1.10,1.10,59600,1.105,1.0083,1.14
286,CIF.AX,2011-11-28,1.105,1.07,628700,1.07,1.0129,1.11
287,CIF.AX,2011-11-25,1.10,1.07,812600,1.075,1.0083,1.10
288,CIF.AX,2011-11-24,1.075,1.07,29700,1.085,0.9854,1.095
289,CIF.AX,2011-11-23,1.10,1.09,141400,1.10,1.0083,1.11
290,CIF.AX,2011-11-22,1.10,1.065,55900,1.09,1.0083,1.10
291,CIF.AX,2011-11-21,1.09,1.09,85500,1.10,0.9991,1.13
292,CIF.AX,2011-11-18,1.11,1.08,73400,1.12,1.0175,1.135
293,CIF.AX,2011-11-17,1.10,1.10,220500,1.10,1.0083,1.12
294,CIF.AX,2011-11-16,1.10,1.095,126900,1.095,1.0083,1.14
295,CIF.AX,2011-11-15,1.095,1.095,26200,1.10,1.0037,1.10
296,CIF.AX,2011-11-14,1.11,1.11,39200,1.125,1.0175,1.125
297,CIF.AX,2011-11-11,1.13,1.13,108800,1.13,1.0358,1.145
298,CIF.AX,2011-11-10,1.13,1.125,82200,1.125,1.0358,1.14
299,CIF.AX,2011-11-09,1.14,1.135,203100,1.145,1.045,1.155
300,CIF.AX,2011-11-08,1.16,1.135,94300,1.135,1.0633,1.16
301,CIF.AX,2011-11-07,1.135,1.13,725800,1.13,1.0404,1.145
302,CIF.AX,2011-11-04,1.13,1.13,6500,1.145,1.0358,1.145
303,CIF.AX,2011-11-03,1.145,1.135,58400,1.14,1.0495,1.145
304,CIF.AX,2011-11-02,1.13,1.12,78600,1.18,1.0358,1.18
305,CIF.AX,2011-11-01,1.19,1.15,299700,1.155,1.0908,1.21
306,CIF.AX,2011-10-31,1.155,1.11,271400,1.11,1.0587,1.20
307,CIF.AX,2011-10-28,1.115,1.09,12226200,1.11,1.022,1.125
308,CIF.AX,2011-10-27,1.10,1.08,359800,1.09,1.0083,1.10
309,CIF.AX,2011-10-26,1.09,1.06,35300,1.06,0.9991,1.09
310,CIF.AX,2011-10-25,1.075,1.06,13000,1.08,0.9854,1.08
311,CIF.AX,2011-10-24,1.085,1.08,642500,1.08,0.9945,1.10
312,CIF.AX,2011-10-21,1.095,1.06,62300,1.06,1.0037,1.095
313,CIF.AX,2011-10-20,1.09,1.065,42300,1.07,0.9991,1.10
314,CIF.AX,2011-10-19,1.09,1.075,120000,1.09,0.9991,1.10
315,CIF.AX,2011-10-18,1.09,1.06,607100,1.06,0.9991,1.10
316,CIF.AX,2011-10-17,1.08,1.045,405100,1.08,0.99,1.085
317,CIF.AX,2011-10-14,1.08,1.05,567800,1.08,0.99,1.08
318,CIF.AX,2011-10-13,1.085,1.045,5634400,1.09,0.9945,1.09
319,CIF.AX,2011-10-12,1.09,1.04,29000,1.085,0.9991,1.09
320,CIF.AX,2011-10-11,1.085,1.015,10266500,1.065,0.9945,1.085
321,CIF.AX,2011-10-10,1.065,1.05,31900,1.06,0.9762,1.065
322,CIF.AX,2011-10-07,1.055,1.045,104800,1.05,0.967,1.07
323,CIF.AX,2011-10-06,1.065,1.025,653900,1.03,0.9762,1.065
324,CIF.AX,2011-10-05,1.03,1.015,49200,1.015,0.9441,1.03
325,CIF.AX,2011-10-04,1.03,1.015,8000,1.04,0.9441,1.04
326,CIF.AX,2011-10-03,1.04,0.995,16100,0.995,0.9533,1.04
327,CIF.AX,2011-09-30,1.015,1.005,36400,1.015,0.9304,1.035
328,CIF.AX,2011-09-29,1.015,0.995,74400,1.03,0.9304,1.03
329,CIF.AX,2011-09-28,1.03,1.025,121700,1.03,0.9441,1.03
330,CIF.AX,2011-09-27,1.03,1.01,94200,1.01,0.9441,1.03
331,CIF.AX,2011-09-26,1.01,1.00,125200,1.01,0.9258,1.04
332,CIF.AX,2011-09-23,1.015,0.97,332400,1.025,0.9304,1.04
333,CIF.AX,2011-09-22,1.05,1.02,116500,1.035,0.9625,1.05
334,CIF.AX,2011-09-21,1.06,1.06,318200,1.08,0.9716,1.08
335,CIF.AX,2011-09-20,1.08,1.05,70600,1.055,0.99,1.08
336,CIF.AX,2011-09-19,1.05,1.05,69800,1.06,0.9625,1.07
337,CIF.AX,2011-09-16,1.08,1.03,505700,1.06,0.99,1.08
338,CIF.AX,2011-09-15,1.06,1.02,139200,1.03,0.9716,1.06
339,CIF.AX,2011-09-14,1.04,1.02,166200,1.03,0.9533,1.05
340,CIF.AX,2011-09-13,1.05,1.01,125600,1.06,0.9625,1.06
341,CIF.AX,2011-09-12,1.07,1.05,205000,1.06,0.9808,1.07
342,CIF.AX,2011-09-09,1.06,1.055,46800,1.075,0.9716,1.075
343,CIF.AX,2011-09-08,1.075,1.05,217200,1.07,0.9854,1.075
344,CIF.AX,2011-09-07,1.07,1.04,181200,1.06,0.9808,1.07
345,CIF.AX,2011-09-06,1.06,1.04,96500,1.065,0.9716,1.065
346,CIF.AX,2011-09-05,1.065,1.04,299900,1.06,0.9762,1.07
347,CIF.AX,2011-09-02,1.06,1.03,201500,1.04,0.9716,1.065
348,CIF.AX,2011-09-01,1.025,1.01,226400,1.02,0.9395,1.06
349,CIF.AX,2011-08-31,1.02,0.985,46300,1.00,0.935,1.02
350,CIF.AX,2011-08-30,0.985,0.97,235200,0.97,0.9029,1.00
351,CIF.AX,2011-08-29,0.965,0.94,1665900,0.945,0.8845,0.97
352,CIF.AX,2011-08-26,0.95,0.93,2314500,0.93,0.8708,0.965
353,CIF.AX,2011-08-25,0.93,0.92,55000,0.93,0.8525,0.95
354,CIF.AX,2011-08-24,0.935,0.935,42900,0.96,0.857,0.96
355,CIF.AX,2011-08-23,0.94,0.93,81900,0.94,0.8616,0.945
356,CIF.AX,2011-08-22,0.93,0.93,110200,0.94,0.8525,0.94
357,CIF.AX,2011-08-19,0.94,0.92,67700,0.92,0.8616,0.94
358,CIF.AX,2011-08-18,0.93,0.93,32900,0.96,0.8525,0.96
359,CIF.AX,2011-08-17,0.96,0.94,452200,0.96,0.88,0.96
360,CIF.AX,2011-08-16,0.95,0.935,137500,0.945,0.8708,0.95
361,CIF.AX,2011-08-15,0.94,0.93,140100,0.94,0.8616,0.96
362,CIF.AX,2011-08-12,0.945,0.92,72100,0.955,0.8662,0.96
363,CIF.AX,2011-08-11,0.92,0.86,403400,0.94,0.8433,0.94
364,CIF.AX,2011-08-10,0.95,0.91,1007800,0.94,0.8708,0.97
365,CIF.AX,2011-08-09,0.89,0.845,207100,0.90,0.8158,0.935
366,CIF.AX,2011-08-08,0.935,0.925,223200,0.94,0.857,0.94
367,CIF.AX,2011-08-05,0.94,0.94,338400,0.96,0.8616,0.97
368,CIF.AX,2011-08-04,0.98,0.97,20100,0.97,0.8983,0.985
369,CIF.AX,2011-08-03,0.97,0.96,161200,0.98,0.8891,1.00
370,CIF.AX,2011-08-02,0.98,0.975,130400,1.00,0.8983,1.005
371,CIF.AX,2011-08-01,0.985,0.98,81200,1.005,0.9029,1.005
372,CIF.AX,2011-07-29,1.005,0.98,148800,0.98,0.9212,1.005
373,CIF.AX,2011-07-28,0.985,0.98,157100,0.995,0.9029,1.00
