,Open,Close,Volume,High,Date,Low,Symbol,Adj_Close
0,42.51,42.82,1987700,42.94,2016-07-28,42.35,WES.AX,42.82
1,42.35,42.50,1489900,42.54,2016-07-27,42.27,WES.AX,42.50
2,41.93,42.59,2995600,42.64,2016-07-26,41.89,WES.AX,42.59
3,42.00,42.25,1761100,42.28,2016-07-25,41.725,WES.AX,42.25
4,42.11,41.80,1342300,42.15,2016-07-22,41.57,WES.AX,41.80
5,42.27,42.04,1993900,42.315,2016-07-21,41.845,WES.AX,42.04
6,41.51,41.91,1902200,41.99,2016-07-20,41.41,WES.AX,41.91
7,41.26,41.35,1475800,41.53,2016-07-19,41.17,WES.AX,41.35
8,40.81,41.13,1511300,41.33,2016-07-18,40.63,WES.AX,41.13
9,40.90,40.90,1491700,41.12,2016-07-15,40.80,WES.AX,40.90
10,40.73,40.80,1711000,40.90,2016-07-14,40.50,WES.AX,40.80
11,40.89,40.54,1932000,40.96,2016-07-13,40.32,WES.AX,40.54
12,41.30,40.87,1674000,41.34,2016-07-12,40.87,WES.AX,40.87
13,40.88,41.00,1764400,41.015,2016-07-11,40.73,WES.AX,41.00
14,40.19,40.43,1767500,40.575,2016-07-08,39.92,WES.AX,40.43
15,40.15,40.05,1846100,40.24,2016-07-07,39.75,WES.AX,40.05
16,39.86,39.87,2492500,40.34,2016-07-06,39.365,WES.AX,39.87
17,40.35,39.75,1655700,40.35,2016-07-05,39.62,WES.AX,39.75
18,40.22,40.27,2089700,40.38,2016-07-04,39.80,WES.AX,40.27
19,40.20,40.18,2040400,40.49,2016-07-01,40.04,WES.AX,40.18
20,40.09,40.10,4226200,40.24,2016-06-30,39.70,WES.AX,40.10
21,39.33,39.64,2239100,39.66,2016-06-29,39.33,WES.AX,39.64
22,38.69,39.36,2741200,39.465,2016-06-28,38.65,WES.AX,39.36
23,39.10,39.21,2587500,39.53,2016-06-27,38.62,WES.AX,39.21
24,41.19,39.26,4161500,41.25,2016-06-24,39.08,WES.AX,39.26
25,40.46,40.80,2636700,41.045,2016-06-23,40.29,WES.AX,40.80
26,40.40,40.34,2333600,40.91,2016-06-22,39.80,WES.AX,40.34
27,40.40,40.60,2259700,40.68,2016-06-21,40.35,WES.AX,40.60
28,40.33,40.63,1769600,40.76,2016-06-20,40.23,WES.AX,40.63
29,39.80,39.84,3099700,39.99,2016-06-17,39.43,WES.AX,39.84
30,40.40,39.96,3081200,40.40,2016-06-16,39.92,WES.AX,39.96
31,40.02,40.15,3522300,40.57,2016-06-15,40.00,WES.AX,40.15
32,40.29,40.13,2598300,40.60,2016-06-14,40.08,WES.AX,40.13
33,40.92,40.92,000,40.92,2016-06-13,40.92,WES.AX,40.92
34,40.54,40.92,1411700,41.18,2016-06-10,40.54,WES.AX,40.92
35,41.07,41.07,2052300,41.27,2016-06-09,40.77,WES.AX,41.07
36,40.44,41.07,3033100,41.19,2016-06-08,40.36,WES.AX,41.07
37,40.30,40.34,2211500,40.55,2016-06-07,40.15,WES.AX,40.34
38,40.42,40.73,1406000,40.94,2016-06-06,40.14,WES.AX,40.73
39,40.26,40.44,1428300,40.50,2016-06-03,40.115,WES.AX,40.44
40,40.43,40.06,1780100,40.64,2016-06-02,40.05,WES.AX,40.06
41,40.21,40.43,2239200,40.69,2016-06-01,40.15,WES.AX,40.43
42,41.00,40.63,3145400,41.28,2016-05-31,40.53,WES.AX,40.63
43,41.17,41.50,2358100,41.71,2016-05-30,40.95,WES.AX,41.50
44,40.70,41.17,4093200,41.48,2016-05-27,40.57,WES.AX,41.17
45,41.85,40.40,5328600,41.88,2016-05-26,40.22,WES.AX,40.40
46,41.90,41.90,3694200,41.97,2016-05-25,40.95,WES.AX,41.90
47,42.60,41.97,1890400,42.65,2016-05-24,41.97,WES.AX,41.97
48,43.08,42.72,1515200,43.08,2016-05-23,42.66,WES.AX,42.72
49,42.64,42.86,1073000,43.08,2016-05-20,42.52,WES.AX,42.86
50,43.05,42.48,1910200,43.05,2016-05-19,42.25,WES.AX,42.48
51,43.25,42.85,1654700,43.25,2016-05-18,42.68,WES.AX,42.85
52,43.02,43.29,1512300,43.38,2016-05-17,42.96,WES.AX,43.29
53,42.49,42.89,1278200,43.05,2016-05-16,42.37,WES.AX,42.89
54,43.15,42.52,1951800,43.15,2016-05-13,42.28,WES.AX,42.52
55,42.96,42.90,2170200,43.00,2016-05-12,42.58,WES.AX,42.90
56,43.73,43.16,2446200,43.81,2016-05-11,42.94,WES.AX,43.16
57,43.16,43.15,3115800,43.49,2016-05-10,42.99,WES.AX,43.15
58,42.21,43.16,1713600,43.16,2016-05-09,42.20,WES.AX,43.16
59,41.42,42.56,2306200,42.56,2016-05-06,41.31,WES.AX,42.56
60,42.51,42.05,2556600,42.60,2016-05-05,41.74,WES.AX,42.05
61,43.20,42.75,2648900,43.35,2016-05-04,42.61,WES.AX,42.75
62,43.00,43.43,2561800,43.47,2016-05-03,42.10,WES.AX,43.43
63,42.51,42.96,1319200,42.96,2016-05-02,42.33,WES.AX,42.96
64,42.68,42.77,2422400,42.77,2016-04-29,42.35,WES.AX,42.77
65,42.55,42.68,2303800,42.73,2016-04-28,42.24,WES.AX,42.68
66,42.35,42.24,3038200,42.60,2016-04-27,42.14,WES.AX,42.24
67,42.19,42.18,3883300,42.34,2016-04-26,41.91,WES.AX,42.18
68,41.82,41.82,000,41.82,2016-04-25,41.82,WES.AX,41.82
69,42.10,41.82,1722500,42.22,2016-04-22,41.65,WES.AX,41.82
70,41.61,42.20,4347500,42.20,2016-04-21,40.80,WES.AX,42.20
71,41.09,41.06,2148500,41.10,2016-04-20,40.82,WES.AX,41.06
72,41.60,40.82,2241800,41.60,2016-04-19,40.66,WES.AX,40.82
73,40.96,41.13,2047500,41.29,2016-04-18,40.93,WES.AX,41.13
74,40.96,41.62,2146600,41.62,2016-04-15,40.86,WES.AX,41.62
75,39.81,40.74,2119900,40.75,2016-04-14,39.65,WES.AX,40.74
76,40.00,39.80,2219800,40.04,2016-04-13,39.535,WES.AX,39.80
77,40.00,39.53,2253000,40.00,2016-04-12,39.31,WES.AX,39.53
78,40.05,40.02,1481900,40.30,2016-04-11,39.75,WES.AX,40.02
79,40.05,40.33,1414300,40.56,2016-04-08,40.00,WES.AX,40.33
80,40.51,40.46,1484800,40.62,2016-04-07,40.25,WES.AX,40.46
81,40.54,40.50,2277600,40.65,2016-04-06,40.05,WES.AX,40.50
82,40.85,40.50,2318700,41.04,2016-04-05,40.06,WES.AX,40.50
83,40.85,40.86,1032800,41.39,2016-04-04,40.76,WES.AX,40.86
84,41.00,40.70,2526200,41.10,2016-04-01,40.39,WES.AX,40.70
85,41.50,41.45,2163600,41.92,2016-03-31,41.30,WES.AX,41.45
86,41.80,41.27,2262000,41.80,2016-03-30,41.05,WES.AX,41.27
87,42.38,41.58,2018200,42.54,2016-03-29,41.41,WES.AX,41.58
88,42.09,42.09,000,42.09,2016-03-28,42.09,WES.AX,42.09
89,42.09,42.09,000,42.09,2016-03-25,42.09,WES.AX,42.09
90,42.01,42.09,4417100,42.45,2016-03-24,41.86,WES.AX,42.09
91,41.84,42.05,1742400,42.15,2016-03-23,41.47,WES.AX,42.05
92,41.75,41.77,1615800,42.03,2016-03-22,41.61,WES.AX,41.77
93,41.89,41.57,1189800,42.05,2016-03-21,41.34,WES.AX,41.57
94,41.56,41.76,3160200,41.96,2016-03-18,41.44,WES.AX,41.76
95,41.07,41.50,3644800,41.75,2016-03-17,41.01,WES.AX,41.50
96,40.99,40.98,1928600,41.15,2016-03-16,40.76,WES.AX,40.98
97,41.60,41.27,1868000,41.65,2016-03-15,41.06,WES.AX,41.27
98,42.00,41.50,2652700,42.04,2016-03-14,41.38,WES.AX,41.50
99,41.38,41.79,1741700,41.92,2016-03-11,41.30,WES.AX,41.79
100,41.72,41.30,1672500,41.77,2016-03-10,41.25,WES.AX,41.30
101,41.00,41.56,2425000,41.585,2016-03-09,40.94,WES.AX,41.56
102,40.57,40.86,2919600,40.95,2016-03-08,40.55,WES.AX,40.86
103,40.57,40.52,1444300,40.59,2016-03-07,40.20,WES.AX,40.52
104,40.10,40.37,1774400,40.61,2016-03-04,40.09,WES.AX,40.37
105,40.01,40.20,2279800,40.34,2016-03-03,39.80,WES.AX,40.20
106,39.65,40.07,3198800,40.32,2016-03-02,39.46,WES.AX,40.07
107,38.90,39.05,3531800,39.565,2016-03-01,38.70,WES.AX,39.05
108,39.29,39.09,3115700,39.64,2016-02-29,39.055,WES.AX,39.09
109,40.66,40.33,5366500,40.90,2016-02-26,39.73,WES.AX,39.03
110,41.40,40.38,6292800,41.50,2016-02-25,39.79,WES.AX,39.07839
111,42.88,41.50,4145700,43.14,2016-02-24,41.07,WES.AX,40.16229
112,43.84,43.62,1800900,44.11,2016-02-23,43.25,WES.AX,42.21395
113,43.31,43.84,1856100,43.87,2016-02-22,43.29,WES.AX,42.42686
114,43.55,43.43,2035000,43.69,2016-02-19,43.16,WES.AX,42.03007
115,43.59,43.78,2604200,44.12,2016-02-18,43.26,WES.AX,42.36879
116,43.25,43.03,2499700,43.54,2016-02-17,42.98,WES.AX,41.64297
117,43.00,43.13,3640700,43.23,2016-02-16,42.73,WES.AX,41.73975
118,42.78,42.80,3193500,42.85,2016-02-15,42.26,WES.AX,41.42038
119,42.37,42.43,2484700,42.765,2016-02-12,42.23,WES.AX,41.06231
120,42.10,42.75,2210400,42.76,2016-02-11,42.03,WES.AX,41.37199
121,42.50,42.12,3833200,42.59,2016-02-10,41.46,WES.AX,40.7623
122,42.98,42.85,3149500,43.23,2016-02-09,42.56,WES.AX,41.46877
123,42.52,43.25,1658700,43.34,2016-02-08,42.52,WES.AX,41.85588
124,42.65,42.93,2406700,42.93,2016-02-05,42.05,WES.AX,41.54619
125,43.05,42.91,2623700,43.26,2016-02-04,42.71,WES.AX,41.52684
126,42.25,42.73,3473000,43.18,2016-02-03,42.23,WES.AX,41.35264
127,42.65,42.82,2541300,42.90,2016-02-02,42.52,WES.AX,41.43974
128,42.49,42.63,2886900,43.04,2016-02-01,42.16,WES.AX,41.25586
129,41.98,42.17,4603900,42.40,2016-01-29,41.50,WES.AX,40.81069
130,41.69,41.95,3075100,42.14,2016-01-28,41.28,WES.AX,40.59778
131,41.89,41.88,2893400,42.29,2016-01-27,41.645,WES.AX,40.53004
132,42.11,42.11,000,42.11,2016-01-26,42.11,WES.AX,40.75262
133,42.25,42.11,1913600,42.445,2016-01-25,41.94,WES.AX,40.75262
134,41.30,41.77,3133400,42.04,2016-01-22,41.18,WES.AX,40.42358
135,40.85,41.15,3699900,41.50,2016-01-21,40.64,WES.AX,39.82357
136,39.95,40.05,2520900,40.41,2016-01-20,39.72,WES.AX,38.75902
137,40.01,39.70,2783800,40.09,2016-01-19,39.24,WES.AX,38.42031
138,39.10,40.12,4172600,40.90,2016-01-18,39.08,WES.AX,38.82677
139,39.60,39.32,2077400,39.82,2016-01-15,39.12,WES.AX,38.05256
140,39.01,39.40,2024800,39.62,2016-01-14,38.95,WES.AX,38.12998
141,39.15,39.95,1937000,40.05,2016-01-13,39.15,WES.AX,38.66225
142,39.97,39.46,1990700,40.00,2016-01-12,39.33,WES.AX,38.18804
143,39.04,39.75,1930300,39.77,2016-01-11,38.89,WES.AX,38.4687
144,39.40,39.65,1905100,40.20,2016-01-08,39.30,WES.AX,38.37192
145,40.81,39.97,2632900,40.85,2016-01-07,39.85,WES.AX,38.68161
146,40.99,40.83,1762200,41.04,2016-01-06,40.53,WES.AX,39.51388
147,41.03,40.86,2135200,41.30,2016-01-05,40.66,WES.AX,39.54292
148,41.66,41.56,1524700,42.09,2016-01-04,41.37,WES.AX,40.22035
149,41.61,41.61,000,41.61,2016-01-01,41.61,WES.AX,40.26874
150,42.09,41.61,1303000,42.24,2015-12-31,41.56,WES.AX,40.26874
151,42.13,41.97,1899900,42.38,2015-12-30,41.94,WES.AX,40.61714
152,41.00,41.78,1728000,41.87,2015-12-29,40.61,WES.AX,40.43326
153,40.68,40.68,000,40.68,2015-12-28,40.68,WES.AX,39.36872
154,40.68,40.68,000,40.68,2015-12-25,40.68,WES.AX,39.36872
155,40.82,40.68,790800,40.95,2015-12-24,40.54,WES.AX,39.36872
156,40.43,40.31,1053100,40.72,2015-12-23,40.22,WES.AX,39.01065
157,40.51,40.28,1993400,40.55,2015-12-22,40.11,WES.AX,38.98161
158,39.70,40.05,2527500,40.18,2015-12-21,39.55,WES.AX,38.75902
159,38.87,39.92,5444200,39.92,2015-12-18,38.75,WES.AX,38.63321
160,39.57,39.35,4872900,39.70,2015-12-17,39.04,WES.AX,38.08159
161,37.70,38.80,2963700,38.80,2015-12-16,37.53,WES.AX,37.54932
162,37.29,37.30,2259400,37.655,2015-12-15,37.25,WES.AX,36.09767
163,37.72,37.23,2539200,37.84,2015-12-14,37.17,WES.AX,36.02993
164,37.75,37.87,2013600,38.25,2015-12-11,37.75,WES.AX,36.64929
165,37.78,37.72,2119300,37.95,2015-12-10,37.36,WES.AX,36.50413
166,38.02,37.99,2310900,38.39,2015-12-09,37.95,WES.AX,36.76543
167,38.47,38.42,1585000,38.75,2015-12-08,38.27,WES.AX,37.18157
168,39.10,38.50,1351900,39.20,2015-12-07,38.37,WES.AX,37.25899
169,38.30,38.54,3111300,38.64,2015-12-04,38.24,WES.AX,37.2977
170,38.88,38.91,1748600,39.18,2015-12-03,38.76,WES.AX,37.65577
171,38.85,39.12,1553000,39.28,2015-12-02,38.85,WES.AX,37.859
172,38.36,38.97,2590400,39.05,2015-12-01,38.13,WES.AX,37.71384
173,38.27,38.09,2769300,38.63,2015-11-30,38.09,WES.AX,36.8622
174,38.90,38.32,1895500,38.90,2015-11-27,38.22,WES.AX,37.08479
175,38.68,38.53,2111700,39.18,2015-11-26,38.47,WES.AX,37.28802
176,39.09,38.68,2131400,39.10,2015-11-25,38.53,WES.AX,37.43319
177,39.25,39.18,2420100,39.66,2015-11-24,39.10,WES.AX,37.91707
178,39.22,39.42,1673700,39.59,2015-11-23,39.15,WES.AX,38.14933
179,38.82,39.01,2604400,39.34,2015-11-20,38.80,WES.AX,37.75255
180,37.92,38.70,3051900,38.70,2015-11-19,37.80,WES.AX,37.45254
181,37.60,37.46,3108900,37.62,2015-11-18,37.10,WES.AX,36.25251
182,37.36,37.63,2286000,37.63,2015-11-17,37.16,WES.AX,36.41703
183,36.73,37.06,2020100,37.31,2015-11-16,36.65,WES.AX,35.86541
184,38.30,37.38,3909200,38.36,2015-11-13,37.32,WES.AX,36.17509
185,38.64,38.70,1285200,38.97,2015-11-12,38.45,WES.AX,37.45254
186,38.46,38.89,1513200,38.98,2015-11-11,38.43,WES.AX,37.63642
187,38.61,38.51,2402600,38.75,2015-11-10,38.10,WES.AX,37.26866
188,39.05,38.72,1889100,39.13,2015-11-09,38.34,WES.AX,37.4719
189,38.90,39.13,2101500,39.33,2015-11-06,38.50,WES.AX,37.86868
190,39.10,38.87,1608700,39.26,2015-11-05,38.56,WES.AX,37.61706
191,39.67,39.30,2007900,39.84,2015-11-04,39.18,WES.AX,38.0332
192,39.05,39.14,2047600,39.28,2015-11-03,38.80,WES.AX,37.87836
193,39.63,38.91,2215400,39.66,2015-11-02,38.72,WES.AX,37.65577
194,39.50,39.41,4062100,39.68,2015-10-30,39.32,WES.AX,38.13966
195,41.40,40.18,6278200,41.40,2015-10-29,39.60,WES.AX,38.88484
196,41.99,41.99,1584100,42.20,2015-10-28,41.66,WES.AX,40.63649
197,41.62,41.93,2507500,41.93,2015-10-27,41.50,WES.AX,40.57843
198,41.70,41.45,1518800,41.80,2015-10-26,41.41,WES.AX,40.1139
199,41.55,41.68,2662800,41.92,2015-10-23,41.49,WES.AX,40.33648
200,40.90,40.92,2698900,41.18,2015-10-22,40.44,WES.AX,39.60098
201,40.22,40.70,2127900,40.73,2015-10-21,40.09,WES.AX,39.38807
202,40.28,40.49,2030600,40.67,2015-10-20,40.12,WES.AX,39.18484
203,40.61,40.28,1292300,40.83,2015-10-19,40.19,WES.AX,38.98161
204,40.75,40.47,1881500,40.75,2015-10-16,40.38,WES.AX,39.16549
205,40.36,40.34,1693500,40.58,2015-10-15,40.15,WES.AX,39.03968
206,40.60,40.23,1789900,40.60,2015-10-14,40.02,WES.AX,38.93322
207,40.26,40.58,3347500,40.71,2015-10-13,40.10,WES.AX,39.27194
208,40.10,40.20,1943100,40.31,2015-10-12,40.10,WES.AX,38.90419
209,40.19,40.35,3424200,40.42,2015-10-09,39.91,WES.AX,39.04935
210,40.30,39.78,2666400,40.30,2015-10-08,39.61,WES.AX,38.49773
211,40.00,40.00,1437200,40.06,2015-10-07,39.56,WES.AX,38.71064
212,40.29,39.90,2033000,40.29,2015-10-06,39.80,WES.AX,38.61386
213,39.92,40.00,2082700,40.26,2015-10-05,39.68,WES.AX,38.71064
214,39.55,39.27,2856900,39.95,2015-10-02,39.10,WES.AX,38.00417
215,39.10,39.88,2443700,39.92,2015-10-01,39.01,WES.AX,38.59451
216,38.42,39.22,2273000,39.22,2015-09-30,38.42,WES.AX,37.95578
217,38.92,38.32,2692700,39.31,2015-09-29,38.29,WES.AX,37.08479
218,39.25,39.56,1847800,39.56,2015-09-28,39.16,WES.AX,38.28482
219,39.55,39.15,3540400,39.80,2015-09-25,39.08,WES.AX,37.88804
220,38.50,39.14,2336900,39.14,2015-09-24,38.33,WES.AX,37.87836
221,38.55,38.18,2561700,38.81,2015-09-23,38.15,WES.AX,36.9493
222,38.98,39.03,2004300,39.20,2015-09-22,38.70,WES.AX,37.7719
223,38.65,38.66,2910600,38.77,2015-09-21,38.06,WES.AX,37.41383
224,38.95,39.20,2931800,39.73,2015-09-18,38.82,WES.AX,37.93643
225,39.37,39.20,3385600,39.60,2015-09-17,39.09,WES.AX,37.93643
226,39.26,38.97,3200700,39.55,2015-09-16,38.65,WES.AX,37.71384
227,39.43,38.85,2925000,39.43,2015-09-15,38.75,WES.AX,37.5977
228,39.61,39.28,2208300,39.63,2015-09-14,38.96,WES.AX,38.01384
229,39.40,39.19,1723200,39.64,2015-09-11,39.06,WES.AX,37.92675
230,39.68,39.42,2863200,39.75,2015-09-10,39.32,WES.AX,38.14933
231,40.09,40.15,3336500,40.37,2015-09-09,39.64,WES.AX,38.8558
232,39.70,39.79,2851500,39.90,2015-09-08,39.20,WES.AX,38.50741
233,39.56,39.39,2797700,39.61,2015-09-07,38.86,WES.AX,38.1203
234,39.53,39.43,3541600,39.68,2015-09-04,39.25,WES.AX,38.15901
235,40.30,39.43,2737700,40.44,2015-09-03,39.38,WES.AX,38.15901
236,39.98,39.75,3090100,40.04,2015-09-02,39.30,WES.AX,38.4687
237,40.77,40.00,2748800,40.88,2015-09-01,39.94,WES.AX,38.71064
238,40.92,40.66,2580500,41.19,2015-08-31,40.31,WES.AX,39.34936
239,41.30,41.45,3890900,41.68,2015-08-28,41.03,WES.AX,40.1139
240,41.00,41.03,3924800,41.29,2015-08-27,40.80,WES.AX,39.70743
241,39.42,40.16,3923000,40.32,2015-08-26,39.21,WES.AX,38.86548
242,38.69,39.92,6816900,40.03,2015-08-25,38.60,WES.AX,38.63321
243,40.80,40.05,6121600,40.83,2015-08-24,39.72,WES.AX,37.22443
244,40.70,40.81,4615000,40.86,2015-08-21,40.46,WES.AX,37.93081
245,41.00,40.86,3423400,41.20,2015-08-20,40.50,WES.AX,37.97728
246,40.35,40.38,2012500,40.63,2015-08-19,40.06,WES.AX,37.53115
247,39.99,39.66,2105300,40.27,2015-08-18,39.51,WES.AX,36.86194
248,40.39,39.85,3204200,40.53,2015-08-17,39.85,WES.AX,37.03854
249,40.91,40.38,2350800,41.00,2015-08-14,40.30,WES.AX,37.53115
250,41.00,40.85,1480300,41.29,2015-08-13,40.80,WES.AX,37.96799
251,41.40,41.05,2523200,41.92,2015-08-12,40.75,WES.AX,38.15388
252,41.80,41.55,2095100,41.92,2015-08-11,41.31,WES.AX,38.6186
253,41.55,41.43,3215800,41.90,2015-08-10,41.26,WES.AX,38.50707
254,42.00,41.93,1784800,42.39,2015-08-07,41.91,WES.AX,38.97179
255,42.55,42.48,1785400,42.71,2015-08-06,42.18,WES.AX,39.48299
256,43.00,42.78,1729400,43.00,2015-08-05,42.40,WES.AX,39.76182
257,42.92,43.07,2470100,43.36,2015-08-04,42.88,WES.AX,40.03136
258,42.30,42.41,1293800,42.41,2015-08-03,42.02,WES.AX,39.41793
259,42.59,42.45,4372400,42.59,2015-07-31,42.12,WES.AX,39.45511
260,42.14,42.34,1344700,42.39,2015-07-30,42.01,WES.AX,39.35287
261,41.90,41.69,1726800,42.01,2015-07-29,41.69,WES.AX,38.74872
262,41.00,41.38,1551400,41.63,2015-07-28,41.00,WES.AX,38.4606
263,41.20,41.32,1089500,41.42,2015-07-27,41.02,WES.AX,38.40483
264,41.40,41.30,1752700,41.60,2015-07-24,41.00,WES.AX,38.38624
265,41.74,41.60,1160400,41.91,2015-07-23,41.55,WES.AX,38.66507
266,42.00,41.68,1873500,42.19,2015-07-22,41.52,WES.AX,38.73943
267,42.15,42.22,1713200,42.35,2015-07-21,42.04,WES.AX,39.24133
268,41.95,41.92,877900,41.95,2015-07-20,41.73,WES.AX,38.9625
269,41.97,41.75,1162700,41.97,2015-07-17,41.60,WES.AX,38.80449
270,41.79,41.74,2171400,42.10,2015-07-16,41.50,WES.AX,38.7952
271,40.95,41.58,2435800,41.60,2015-07-15,40.85,WES.AX,38.64649
272,40.10,40.55,2299900,40.69,2015-07-14,40.01,WES.AX,37.68915
273,39.86,39.67,1976700,40.01,2015-07-13,39.56,WES.AX,36.87124
274,40.13,39.88,1925600,40.37,2015-07-10,39.54,WES.AX,37.06642
275,39.96,39.91,2483600,40.105,2015-07-09,39.28,WES.AX,37.09431
276,40.25,39.72,2500200,40.30,2015-07-08,39.56,WES.AX,36.91771
277,39.89,40.35,2305400,40.38,2015-07-07,39.84,WES.AX,37.50326
278,39.35,39.41,1492000,39.68,2015-07-06,39.02,WES.AX,36.62958
279,40.36,39.75,2402000,40.38,2015-07-03,39.56,WES.AX,36.94559
280,39.66,39.96,2433700,40.05,2015-07-02,39.35,WES.AX,37.14078
281,38.92,39.25,1933300,39.56,2015-07-01,38.86,WES.AX,36.48087
282,38.60,39.03,2896100,39.17,2015-06-30,38.45,WES.AX,36.27639
283,39.20,38.71,2163800,39.22,2015-06-29,38.63,WES.AX,35.97897
284,39.58,39.48,5496700,39.82,2015-06-26,39.03,WES.AX,36.69464
285,40.45,39.91,3886200,40.57,2015-06-25,39.91,WES.AX,37.09431
286,40.50,40.45,3060200,40.68,2015-06-24,40.30,WES.AX,37.59621
287,40.80,40.48,2862400,40.90,2015-06-23,40.23,WES.AX,37.62409
288,40.20,40.27,1985200,40.40,2015-06-22,39.91,WES.AX,37.42891
289,40.35,40.20,4201100,40.70,2015-06-19,40.05,WES.AX,37.36385
290,41.28,40.20,6488600,41.30,2015-06-18,40.04,WES.AX,37.36385
291,41.32,41.40,3400900,41.42,2015-06-17,41.10,WES.AX,38.47919
292,41.30,41.32,2190000,41.65,2015-06-16,40.89,WES.AX,38.40483
293,41.00,41.11,2055200,41.29,2015-06-15,40.88,WES.AX,38.20964
294,41.32,41.31,1353500,41.535,2015-06-12,41.24,WES.AX,38.39554
295,41.70,41.42,2335700,41.94,2015-06-11,41.26,WES.AX,38.49777
296,41.01,41.55,1668300,41.74,2015-06-10,40.91,WES.AX,38.6186
297,41.68,41.28,2482100,41.82,2015-06-09,41.06,WES.AX,38.36765
298,41.82,41.82,000,41.82,2015-06-08,41.82,WES.AX,38.86955
299,41.61,41.82,1483400,42.17,2015-06-05,41.56,WES.AX,38.86955
300,42.38,41.45,2530400,42.40,2015-06-04,41.30,WES.AX,38.52566
301,42.09,42.12,2089600,42.32,2015-06-03,41.85,WES.AX,39.14839
302,43.25,42.38,1644100,43.25,2015-06-02,42.38,WES.AX,39.39005
303,43.55,42.93,2061500,43.63,2015-06-01,42.54,WES.AX,39.90124
304,43.96,43.66,4848400,44.14,2015-05-29,43.51,WES.AX,40.57974
305,43.68,43.60,1881200,43.73,2015-05-28,43.17,WES.AX,40.52397
306,44.00,43.40,2467400,44.03,2015-05-27,43.26,WES.AX,40.33808
307,44.00,44.08,1186300,44.28,2015-05-26,43.99,WES.AX,40.97011
308,43.77,43.90,1591800,44.06,2015-05-25,43.66,WES.AX,40.80281
309,43.56,43.33,1563900,43.84,2015-05-22,43.07,WES.AX,40.27302
310,43.43,43.36,2465400,43.70,2015-05-21,43.125,WES.AX,40.3009
311,43.71,43.43,2332000,43.71,2015-05-20,43.04,WES.AX,40.36597
312,44.38,43.71,3207800,44.39,2015-05-19,43.59,WES.AX,40.62621
313,44.97,44.50,1639100,45.00,2015-05-18,44.45,WES.AX,41.36048
314,44.90,44.97,1822300,45.00,2015-05-15,44.76,WES.AX,41.79732
315,44.07,44.57,2075900,44.57,2015-05-14,43.84,WES.AX,41.42554
316,43.86,44.15,2011900,44.40,2015-05-13,43.72,WES.AX,41.03517
317,43.32,43.50,1785000,43.69,2015-05-12,43.10,WES.AX,40.43103
318,43.76,43.35,4133800,43.84,2015-05-11,43.16,WES.AX,40.29161
319,43.75,43.74,2339400,43.96,2015-05-08,43.71,WES.AX,40.6541
320,44.00,43.80,3860700,44.25,2015-05-07,43.52,WES.AX,40.70986
321,44.04,44.35,3266000,44.52,2015-05-06,43.94,WES.AX,41.22106
322,44.70,44.58,2171800,44.81,2015-05-05,44.28,WES.AX,41.43483
323,43.88,44.30,2139900,44.52,2015-05-04,43.85,WES.AX,41.17459
324,43.49,43.64,1946900,43.77,2015-05-01,43.26,WES.AX,40.56115
325,42.81,43.71,4271300,43.86,2015-04-30,42.70,WES.AX,40.62621
326,43.00,43.00,3755900,43.26,2015-04-29,42.65,WES.AX,39.9663
327,43.14,43.15,2780400,43.49,2015-04-28,43.03,WES.AX,40.10572
328,42.94,43.17,1285000,43.25,2015-04-27,42.84,WES.AX,40.12431
329,42.38,42.63,3357000,42.69,2015-04-24,42.32,WES.AX,39.62241
330,42.15,42.13,2065300,42.31,2015-04-23,41.82,WES.AX,39.15768
331,42.66,42.45,1805700,42.72,2015-04-22,42.22,WES.AX,39.45511
332,43.03,42.74,1195400,43.10,2015-04-21,42.65,WES.AX,39.72465
333,42.75,42.51,1331000,42.78,2015-04-20,42.48,WES.AX,39.51087
334,43.70,43.00,2183200,43.77,2015-04-17,42.93,WES.AX,39.9663
335,43.25,43.61,2226600,43.63,2015-04-16,43.19,WES.AX,40.53327
336,43.61,43.35,2291800,43.75,2015-04-15,43.10,WES.AX,40.29161
337,43.84,43.80,1756200,43.98,2015-04-14,43.71,WES.AX,40.70986
338,44.64,44.22,1244800,44.70,2015-04-13,44.13,WES.AX,41.10023
339,43.94,44.40,2082500,44.49,2015-04-10,43.72,WES.AX,41.26753
340,44.10,43.72,1425000,44.10,2015-04-09,43.65,WES.AX,40.63551
341,43.60,43.85,1448900,44.03,2015-04-08,43.60,WES.AX,40.75633
342,44.00,43.56,2252900,44.21,2015-04-07,43.51,WES.AX,40.4868
343,43.51,43.51,000,43.51,2015-04-06,43.51,WES.AX,40.44032
344,43.51,43.51,000,43.51,2015-04-03,43.51,WES.AX,40.44032
345,43.70,43.51,2006900,43.70,2015-04-02,43.31,WES.AX,40.44032
346,43.58,43.55,2228400,43.80,2015-04-01,43.36,WES.AX,40.4775
347,44.09,43.96,1850100,44.37,2015-03-31,43.86,WES.AX,40.85857
348,43.53,43.52,2028600,43.88,2015-03-30,43.26,WES.AX,40.44962
349,43.42,44.07,3444100,44.075,2015-03-27,43.37,WES.AX,40.96081
350,43.80,43.41,2406400,43.89,2015-03-26,43.41,WES.AX,40.34738
351,44.45,44.07,1687800,44.45,2015-03-25,43.95,WES.AX,40.96081
352,44.17,44.22,1374700,44.44,2015-03-24,44.08,WES.AX,41.10023
353,44.25,43.99,1821800,44.36,2015-03-23,43.72,WES.AX,40.88646
354,44.00,44.18,5381600,44.62,2015-03-20,43.91,WES.AX,41.06305
355,44.08,44.05,3851700,44.35,2015-03-19,43.86,WES.AX,40.94222
356,43.63,43.90,2671900,43.92,2015-03-18,43.33,WES.AX,40.80281
357,43.78,43.93,2111600,44.08,2015-03-17,43.69,WES.AX,40.83069
358,43.35,43.47,1774700,43.72,2015-03-16,43.23,WES.AX,40.40314
359,43.35,43.35,1675600,43.53,2015-03-13,43.13,WES.AX,40.29161
360,43.58,43.66,1732700,43.84,2015-03-12,43.43,WES.AX,40.57974
361,43.16,43.55,1724200,43.71,2015-03-11,43.05,WES.AX,40.4775
362,43.80,43.60,2331800,43.98,2015-03-10,43.37,WES.AX,40.52397
363,43.85,43.60,2051900,43.88,2015-03-09,43.44,WES.AX,40.52397
364,43.90,43.93,1596800,43.99,2015-03-06,43.55,WES.AX,40.83069
365,43.00,43.77,3721900,43.80,2015-03-05,42.73,WES.AX,40.68198
366,43.96,43.26,2709200,43.96,2015-03-04,43.15,WES.AX,40.20796
367,43.50,43.66,2805300,43.94,2015-03-03,43.44,WES.AX,40.57974
368,43.82,43.30,3295100,43.83,2015-03-02,43.12,WES.AX,40.24514
369,45.44,43.85,5916700,45.44,2015-02-27,43.85,WES.AX,40.75633
370,45.70,45.44,1738300,45.80,2015-02-26,45.18,WES.AX,42.23416
371,45.49,45.60,1935100,45.95,2015-02-25,45.31,WES.AX,42.38287
372,45.51,45.46,6012500,45.87,2015-02-24,45.24,WES.AX,42.25275
373,46.42,46.71,2360300,46.95,2015-02-23,46.00,WES.AX,42.23283
374,45.10,46.39,3055300,46.60,2015-02-20,45.07,WES.AX,41.9435
375,45.95,45.18,2948100,46.10,2015-02-19,44.645,WES.AX,40.84948
376,45.60,45.89,2684100,45.89,2015-02-18,45.36,WES.AX,41.49143
377,44.80,45.25,1578600,45.25,2015-02-17,44.75,WES.AX,40.91277
378,44.66,44.75,1075800,44.86,2015-02-16,44.30,WES.AX,40.4607
379,44.29,44.67,2463600,44.85,2015-02-13,44.09,WES.AX,40.38836
380,44.18,43.83,2233600,44.28,2015-02-12,43.70,WES.AX,39.62888
381,44.51,44.19,1253700,44.64,2015-02-11,43.85,WES.AX,39.95437
382,44.50,44.17,2187500,44.56,2015-02-10,43.79,WES.AX,39.93629
383,44.74,44.45,1760200,44.96,2015-02-09,44.16,WES.AX,40.18945
384,45.20,44.77,1599500,45.20,2015-02-06,44.52,WES.AX,40.47878
385,44.87,44.71,1992100,45.07,2015-02-05,44.54,WES.AX,40.42453
386,44.67,44.53,2095400,44.70,2015-02-04,44.33,WES.AX,40.26178
387,44.21,44.17,1878600,44.28,2015-02-03,43.75,WES.AX,39.93629
388,43.50,43.98,1831600,44.28,2015-02-02,43.50,WES.AX,39.7645
389,43.98,43.59,4791900,44.00,2015-01-30,43.58,WES.AX,39.41188
390,43.30,43.70,2320700,43.75,2015-01-29,43.15,WES.AX,39.51134
391,43.70,43.45,2941100,43.75,2015-01-28,43.11,WES.AX,39.2853
392,43.50,43.69,2033000,43.76,2015-01-27,43.15,WES.AX,39.5023
393,43.15,43.15,000,43.15,2015-01-26,43.15,WES.AX,39.01406
394,43.80,43.15,2439100,43.80,2015-01-23,43.02,WES.AX,39.01406
395,43.82,43.60,1589900,43.82,2015-01-22,43.34,WES.AX,39.42092
396,42.84,43.47,2731400,43.47,2015-01-21,42.57,WES.AX,39.30339
397,42.28,42.57,2004800,42.57,2015-01-20,42.16,WES.AX,38.48965
398,42.75,42.48,1931400,42.81,2015-01-19,42.23,WES.AX,38.40828
399,42.59,42.62,2217200,42.87,2015-01-16,42.16,WES.AX,38.53486
400,42.40,42.60,2261900,42.63,2015-01-15,41.97,WES.AX,38.51677
401,42.45,42.16,1626000,42.63,2015-01-14,42.07,WES.AX,38.11895
402,42.07,42.49,1242100,42.75,2015-01-13,42.07,WES.AX,38.41732
403,42.50,42.43,1169800,42.80,2015-01-12,42.29,WES.AX,38.36307
404,42.28,42.72,2111400,42.73,2015-01-09,42.01,WES.AX,38.62527
405,41.70,41.81,2020900,41.91,2015-01-08,41.40,WES.AX,37.8025
406,41.41,41.43,1547400,41.64,2015-01-07,41.22,WES.AX,37.45892
407,41.51,41.70,1981800,41.86,2015-01-06,41.465,WES.AX,37.70304
408,42.15,41.87,1307300,42.28,2015-01-05,41.71,WES.AX,37.85674
409,41.78,41.91,588800,42.05,2015-01-02,41.54,WES.AX,37.89291
410,41.72,41.72,000,41.72,2015-01-01,41.72,WES.AX,37.72112
411,41.70,41.72,789400,41.92,2014-12-31,41.54,WES.AX,37.72112
412,42.80,42.02,1182500,42.96,2014-12-30,42.02,WES.AX,37.99237
413,42.30,42.44,1234900,42.54,2014-12-29,41.85,WES.AX,38.37211
414,41.92,41.92,000,41.92,2014-12-26,41.92,WES.AX,37.90195
415,41.92,41.92,000,41.92,2014-12-25,41.92,WES.AX,37.90195
416,41.54,41.92,1341100,41.93,2014-12-24,41.31,WES.AX,37.90195
417,41.75,41.54,2093700,42.33,2014-12-23,41.54,WES.AX,37.55838
418,41.70,41.94,2456300,41.94,2014-12-22,41.51,WES.AX,37.92004
419,41.25,41.31,6259300,41.50,2014-12-19,41.10,WES.AX,37.35042
420,40.31,40.60,4098500,41.27,2014-12-18,40.31,WES.AX,36.70847
421,40.35,40.52,3095700,41.03,2014-12-17,40.26,WES.AX,36.63614
422,40.47,40.37,3022400,40.78,2014-12-16,40.27,WES.AX,36.50052
423,41.03,40.52,3071100,41.37,2014-12-15,40.40,WES.AX,36.63614
424,41.76,41.42,2107600,41.78,2014-12-12,41.37,WES.AX,37.44988
425,41.50,41.60,2179200,41.96,2014-12-11,41.25,WES.AX,37.61262
426,42.14,41.73,2824500,42.82,2014-12-10,41.73,WES.AX,37.73016
427,42.60,42.64,2178800,42.82,2014-12-09,42.245,WES.AX,38.55294
428,42.65,42.83,2171900,43.01,2014-12-08,42.52,WES.AX,38.72473
429,42.10,42.05,2313100,42.32,2014-12-05,41.79,WES.AX,38.01949
430,42.18,41.77,1825900,42.39,2014-12-04,41.77,WES.AX,37.76633
431,40.80,41.64,1522200,41.77,2014-12-03,40.80,WES.AX,37.64879
432,41.15,41.00,2200700,41.61,2014-12-02,40.75,WES.AX,37.07014
433,41.75,41.01,1426600,41.98,2014-12-01,41.01,WES.AX,37.07918
434,42.16,41.42,3263000,42.20,2014-11-28,41.42,WES.AX,37.44988
435,42.50,42.35,1665800,42.66,2014-11-27,42.25,WES.AX,38.29074
436,42.35,42.23,1315100,42.63,2014-11-26,42.00,WES.AX,38.18224
437,42.25001,42.22003,2596100,42.36999,2014-11-25,41.72004,WES.AX,38.52234
438,41.96001,42.35005,2408000,42.39997,2014-11-24,41.69999,WES.AX,38.64097
439,42.00001,41.55995,3349900,42.09995,2014-11-21,41.55995,WES.AX,37.92007
440,42.39997,42.09995,3228500,42.55002,2014-11-20,42.01996,WES.AX,38.41277
441,43.50,42.89004,2950100,43.61999,2014-11-19,42.81997,WES.AX,39.13367
442,43.97995,43.67001,1450900,43.98998,2014-11-18,43.51003,WES.AX,39.84533
443,44.19998,43.77997,1298600,44.23997,2014-11-17,43.75,WES.AX,39.94566
444,44.00,44.09001,1488700,44.26002,2014-11-14,43.85004,WES.AX,40.22855
445,44.50,44.11999,2253500,44.53999,2014-11-13,43.94998,WES.AX,40.2559
446,44.77997,44.38001,1874400,44.82999,2014-11-12,44.30002,WES.AX,40.49314
447,44.89003,44.77997,1663300,44.98005,2014-11-11,44.77997,WES.AX,40.85807
448,44.55002,44.67001,1313300,44.78999,2014-11-10,44.43003,WES.AX,40.75774
449,44.31004,44.80001,3325200,44.80001,2014-11-07,44.27997,WES.AX,40.87636
450,44.19998,44.03999,1633300,44.31004,2014-11-06,43.97995,WES.AX,40.18291
451,44.00,43.93003,1852900,44.18995,2014-11-05,43.73005,WES.AX,40.08257
452,44.39996,44.03999,1775400,44.39996,2014-11-04,43.77997,WES.AX,40.18291
453,44.19998,44.14996,2005700,44.50,2014-11-03,43.94998,WES.AX,40.28324
454,44.07999,44.14003,5230600,44.14003,2014-10-31,43.64003,WES.AX,40.27418
455,43.85996,43.92001,2383200,44.15998,2014-10-30,43.65999,WES.AX,40.07343
456,43.18996,43.35004,2119000,43.43996,2014-10-29,43.09002,WES.AX,39.55338
457,43.15999,43.02005,1569600,43.40998,2014-10-28,42.89997,WES.AX,39.25229
458,42.83,43.06005,1778100,43.14004,2014-10-27,42.72996,WES.AX,39.28879
459,42.50001,42.50001,1532300,42.64996,2014-10-24,42.14997,WES.AX,38.77779
460,41.93996,42.22996,1621900,42.25001,2014-10-23,41.89997,WES.AX,38.5314
461,41.94999,41.85005,1304700,41.94999,2014-10-22,41.55003,WES.AX,38.18476
462,41.59003,41.42002,1537900,41.75001,2014-10-21,41.22996,WES.AX,37.79239
463,41.34995,41.34995,1271100,41.56998,2014-10-20,41.22996,WES.AX,37.72846
464,41.51996,41.01996,1883700,41.64005,2014-10-17,40.89005,WES.AX,37.42737
465,40.63002,41.22004,3010700,41.27998,2014-10-16,40.26004,WES.AX,37.60993
466,40.64998,41.14005,2081100,41.25001,2014-10-15,40.64998,WES.AX,37.53694
467,39.80004,40.77998,2793500,40.93004,2014-10-14,39.80004,WES.AX,37.20841
468,40.04001,40.00002,2969400,40.26997,2014-10-13,39.63003,WES.AX,36.49676
469,41.30003,40.83001,3173400,41.46001,2014-10-10,40.81998,WES.AX,37.25406
470,41.89997,41.93996,1207100,42.29,2014-10-09,41.80003,WES.AX,38.2668
471,41.50001,41.80003,1557600,41.97996,2014-10-08,41.44999,WES.AX,38.13912
472,42.19999,42.00001,2015400,42.25001,2014-10-07,41.36499,WES.AX,38.32159
473,42.50001,42.18996,642600,42.56997,2014-10-06,42.09002,WES.AX,38.49491
474,41.89997,42.39004,1360300,42.43996,2014-10-03,41.88995,WES.AX,38.67746
475,42.12,42.08,1453300,42.38002,2014-10-02,41.97004,WES.AX,38.39457
476,41.60005,42.33,1961400,42.36999,2014-10-01,41.54001,WES.AX,38.62268
477,42.01003,42.15999,2219300,42.19999,2014-09-30,41.89997,WES.AX,38.46756
478,42.50001,42.21001,1598500,42.59995,2014-09-29,42.10997,WES.AX,38.5132
479,42.76003,42.73998,2851000,42.89997,2014-09-26,42.52998,WES.AX,38.99675
480,43.00,42.98998,2118600,43.04,2014-09-25,42.61999,WES.AX,39.22485
481,43.01003,42.93003,1547000,43.08,2014-09-24,42.68996,WES.AX,39.17016
482,42.81997,43.14996,1671300,43.17001,2014-09-23,42.52998,WES.AX,39.37083
483,42.94998,42.64996,1552700,43.09002,2014-09-22,42.59002,WES.AX,38.91462
484,43.00,42.94998,2062900,43.22003,2014-09-19,42.90999,WES.AX,39.18836
485,43.00,42.85997,2403700,43.10004,2014-09-18,42.51003,WES.AX,39.10623
486,42.89997,43.10004,1975400,43.21001,2014-09-17,42.85997,WES.AX,39.32528
487,43.19998,43.02005,2072800,43.22003,2014-09-16,42.86999,WES.AX,39.25229
488,43.50,43.19998,2047300,43.55002,2014-09-15,43.14996,WES.AX,39.41646
489,44.00,43.75,1536600,44.00,2014-09-12,43.52997,WES.AX,39.91831
490,44.32999,43.84002,1905500,44.35996,2014-09-11,43.76002,WES.AX,40.00044
491,44.00,44.18003,2113300,44.31997,2014-09-10,43.85996,WES.AX,40.31068
492,44.14003,44.27005,1794900,44.32999,2014-09-09,44.06997,WES.AX,40.39281
493,44.19998,44.15998,2046600,44.25,2014-09-08,43.90998,WES.AX,40.29239
494,44.00,43.97995,1624300,44.32999,2014-09-05,43.89996,WES.AX,40.12812
495,43.94998,43.94998,1897800,43.98998,2014-09-04,43.76002,WES.AX,40.10078
496,43.73005,43.80002,1221400,43.94998,2014-09-03,43.69998,WES.AX,39.96395
497,43.19998,43.73005,1745000,43.81997,2014-09-02,43.10997,WES.AX,39.90011
498,43.64996,43.30002,1506800,43.68003,2014-09-01,43.14996,WES.AX,39.50774
499,43.50,43.30995,7658500,43.68996,2014-08-29,43.10004,WES.AX,39.5168
500,44.72995,44.76002,2900900,44.84001,2014-08-28,44.60004,WES.AX,39.36683
501,44.94005,44.76002,2343700,44.96,2014-08-27,44.60996,WES.AX,39.36683
502,44.80001,44.60004,1588200,44.98997,2014-08-26,44.60004,WES.AX,39.22612
503,44.57999,44.67001,1426900,44.89003,2014-08-25,44.56996,WES.AX,39.28766
504,44.81004,44.69998,2076800,45.10003,2014-08-22,44.69998,WES.AX,39.31402
505,45.59001,44.56996,5039600,45.60003,2014-08-21,44.39996,WES.AX,39.19967
506,44.39996,45.65997,4227400,45.88,2014-08-20,44.22003,WES.AX,40.15835
507,44.00,44.00,1874000,44.07999,2014-08-19,43.84002,WES.AX,38.69838
508,43.84002,43.81004,890100,43.92001,2014-08-18,43.56004,WES.AX,38.53132
509,43.63001,43.56004,1104600,43.77997,2014-08-15,43.56004,WES.AX,38.31144
510,43.32999,43.50,1967000,43.63001,2014-08-14,43.15999,WES.AX,38.25863
511,42.71001,43.10004,1116300,43.10004,2014-08-13,42.71001,WES.AX,37.90686
512,42.43004,43.06005,2003800,43.17001,2014-08-12,42.40999,WES.AX,37.87169
513,42.52998,42.39997,1321700,42.64996,2014-08-11,42.31005,WES.AX,37.29114
514,42.93996,42.43996,1768600,43.11999,2014-08-08,42.31997,WES.AX,37.32632
515,43.08,43.01003,1751000,43.18003,2014-08-07,42.84002,WES.AX,37.8277
516,42.84002,42.93003,1462500,42.93003,2014-08-06,42.72996,WES.AX,37.75734
517,43.31997,42.96001,1734900,43.35004,2014-08-05,42.85004,WES.AX,37.7837
518,43.10997,43.35004,856100,43.50,2014-08-04,43.09002,WES.AX,38.12674
519,43.47003,43.31997,2033300,43.52997,2014-08-01,43.19998,WES.AX,38.10029
520,43.85004,44.01995,2095100,44.01995,2014-07-31,43.79501,WES.AX,38.71593
521,43.60004,43.64996,1412600,43.89996,2014-07-30,43.40998,WES.AX,38.39052
522,43.05002,43.55002,1224600,43.72003,2014-07-29,43.05002,WES.AX,38.30262
523,43.15999,43.21001,992700,43.50,2014-07-28,43.04,WES.AX,38.00358
524,43.55002,43.27998,5420900,43.64996,2014-07-25,43.15999,WES.AX,38.06512
525,43.69998,43.73005,1291000,43.85004,2014-07-24,43.60004,WES.AX,38.46096
526,43.50,43.64996,1605500,43.85004,2014-07-23,43.39996,WES.AX,38.39052
527,43.60004,43.36999,1645200,43.60004,2014-07-22,43.26002,WES.AX,38.14428
528,43.47003,43.52005,1054300,43.59002,2014-07-21,43.36999,WES.AX,38.27626
529,42.94998,43.47003,2198300,43.54,2014-07-18,42.80003,WES.AX,38.23227
530,43.42001,43.29,1662000,43.54,2014-07-17,43.23005,WES.AX,38.07393
531,43.39004,43.02997,1330500,43.39004,2014-07-16,42.89997,WES.AX,37.84524
532,43.30002,43.13002,1010500,43.47003,2014-07-15,43.02005,WES.AX,37.93323
533,43.10004,43.10004,902600,43.23998,2014-07-14,43.01003,WES.AX,37.90686
534,42.47996,42.96001,1854400,43.24499,2014-07-11,42.43004,WES.AX,37.7837
535,42.76003,42.61999,1008100,42.76003,2014-07-10,42.51003,WES.AX,37.48466
536,42.94998,42.63002,1586000,42.94998,2014-07-09,42.47996,WES.AX,37.49347
537,43.18003,43.02005,994000,43.18003,2014-07-08,42.97003,WES.AX,37.83651
538,43.18003,43.01003,1457100,43.18003,2014-07-07,42.94998,WES.AX,37.8277
539,43.00,42.93996,1288900,43.11999,2014-07-04,42.85004,WES.AX,37.76607
540,42.85997,42.85997,2278800,43.04,2014-07-03,42.68004,WES.AX,37.69572
541,42.05003,42.65999,3377900,42.65999,2014-07-02,41.89997,WES.AX,37.51983
542,42.00001,41.51996,2765600,42.00001,2014-07-01,41.44999,WES.AX,36.51717
543,42.02998,41.84002,1911700,42.19999,2014-06-30,41.84002,WES.AX,36.79867
544,42.01003,41.84002,3510400,42.19999,2014-06-27,41.79,WES.AX,36.79867
545,41.22004,41.85997,2082400,41.87,2014-06-26,41.14997,WES.AX,36.81621
546,41.21002,41.18997,2262200,41.30003,2014-06-25,41.05003,WES.AX,36.22694
547,41.47004,41.39997,1434000,41.50001,2014-06-24,41.25001,WES.AX,36.41164
548,41.54001,41.55995,1736700,41.65999,2014-06-23,41.43004,WES.AX,36.55234
549,41.50001,41.25001,4032200,41.63002,2014-06-20,41.05003,WES.AX,36.27975
550,41.34003,41.79,3776500,41.80003,2014-06-19,41.23999,WES.AX,36.75467
551,41.27998,41.26004,2090600,41.68997,2014-06-18,41.25001,WES.AX,36.28856
552,41.47996,41.34995,2384500,41.91501,2014-06-17,41.30996,WES.AX,36.36764
553,41.73999,41.64005,1938600,41.76003,2014-06-16,41.43004,WES.AX,36.62278
554,41.40999,41.80003,2135000,41.87,2014-06-13,41.39997,WES.AX,36.76349
555,41.55003,41.60997,1909400,41.75001,2014-06-12,41.43004,WES.AX,36.59634
556,42.00001,41.81998,2141100,42.00001,2014-06-11,41.71001,WES.AX,36.78103
557,42.59995,42.01996,1729000,42.59995,2014-06-10,42.01003,WES.AX,36.95692
558,42.42002,42.42002,000,42.42002,2014-06-09,42.42002,WES.AX,37.30877
559,42.26995,42.42002,2194100,42.52998,2014-06-06,42.14997,WES.AX,37.30877
560,42.73998,42.39997,1822900,42.73998,2014-06-05,42.23998,WES.AX,37.29114
561,43.02997,42.73998,1517900,43.13002,2014-06-04,42.61999,WES.AX,37.59019
562,43.50,42.97996,2776400,43.52997,2014-06-03,42.90999,WES.AX,37.80125
563,43.32999,43.52997,1643400,43.69998,2014-06-02,43.27998,WES.AX,38.28499
564,43.64996,43.35997,3738400,43.67001,2014-05-30,43.26995,WES.AX,38.13547
565,43.26002,43.52997,1811900,43.60004,2014-05-29,43.01003,WES.AX,38.28499
566,43.52005,43.26002,1279500,43.54,2014-05-28,43.21001,WES.AX,38.04757
567,43.55002,43.52005,1037700,43.71,2014-05-27,43.44998,WES.AX,38.27626
568,43.47995,43.55002,1032600,43.55002,2014-05-26,43.26995,WES.AX,38.30262
569,43.25,43.32999,1139300,43.54,2014-05-23,43.19998,WES.AX,38.10911
570,43.00,43.22003,1630000,43.23998,2014-05-22,42.88001,WES.AX,38.01239
571,42.47003,42.73998,1637400,42.81997,2014-05-21,42.25001,WES.AX,37.59019
572,42.59995,42.69998,946400,42.89997,2014-05-20,42.35496,WES.AX,37.55501
573,42.94998,42.67001,1450600,43.00,2014-05-19,42.65999,WES.AX,37.52865
574,43.39996,43.21001,1001900,43.47995,2014-05-16,43.10004,WES.AX,38.00358
575,42.90999,43.26002,1263000,43.27998,2014-05-15,42.80995,WES.AX,38.04757
576,43.10997,43.15999,1074900,43.19998,2014-05-14,43.01003,WES.AX,37.95959
577,43.19998,43.21001,1547600,43.34002,2014-05-13,42.97003,WES.AX,38.00358
578,43.10004,42.85004,1089000,43.19998,2014-05-12,42.63002,WES.AX,37.68699
579,42.55002,42.85997,1699300,43.00,2014-05-09,42.47003,WES.AX,37.69572
580,43.02005,42.93003,1160300,43.10004,2014-05-08,42.85004,WES.AX,37.75734
581,43.02997,42.89004,1308200,43.18996,2014-05-07,42.69998,WES.AX,37.72216
582,43.48998,43.31997,1030700,43.71,2014-05-06,43.14004,WES.AX,38.10029
583,43.39996,43.25,1408000,43.48998,2014-05-05,43.08,WES.AX,38.03875
584,42.96001,43.05002,1457300,43.10004,2014-05-02,42.81997,WES.AX,37.86287
585,43.00,42.75001,3340300,43.32999,2014-05-01,42.63002,WES.AX,37.599
586,43.00,42.71001,3403000,43.01003,2014-04-30,42.31005,WES.AX,37.56383
587,43.92001,43.01003,3326500,44.06004,2014-04-29,42.89004,WES.AX,37.8277
588,44.00,43.89004,2070100,44.10996,2014-04-28,43.75,WES.AX,38.60167
589,43.93996,43.93996,000,43.93996,2014-04-25,43.93996,WES.AX,38.64558
590,44.00,43.93996,3184200,44.10004,2014-04-24,43.84503,WES.AX,38.64558
591,43.59002,43.98998,2688700,43.98998,2014-04-23,43.47995,WES.AX,38.68957
592,43.15999,43.46001,1710800,43.46001,2014-04-22,43.04,WES.AX,38.22346
593,42.97996,42.97996,000,42.97996,2014-04-21,42.97996,WES.AX,37.80125
594,42.97996,42.97996,000,42.97996,2014-04-18,42.97996,WES.AX,37.80125
595,43.00,42.97996,1802700,43.25,2014-04-17,42.86999,WES.AX,37.80125
596,42.71001,42.72996,1216500,42.86999,2014-04-16,42.64996,WES.AX,37.58137
597,42.35005,42.43996,1300100,42.58,2014-04-15,42.26003,WES.AX,37.32632
598,42.51003,42.02998,1702500,42.59995,2014-04-14,42.02998,WES.AX,36.96574
599,42.75001,42.56997,1348900,42.77998,2014-04-11,42.51003,WES.AX,37.44067
600,43.00,42.80995,1150600,43.05002,2014-04-10,42.80003,WES.AX,37.65172
601,42.55002,42.67001,2524500,42.90498,2014-04-09,42.35005,WES.AX,37.52865
602,42.09995,42.14997,1060200,42.21001,2014-04-08,41.94498,WES.AX,37.07126
603,41.51003,42.08,1712400,42.18004,2014-04-07,41.50001,WES.AX,37.00973
604,41.65999,41.56998,1618500,41.65999,2014-04-04,41.34003,WES.AX,36.56116
605,41.64005,41.65999,1711000,41.84002,2014-04-03,41.52998,WES.AX,36.64033
606,41.34003,41.33,1429600,41.39997,2014-04-02,41.11499,WES.AX,36.3501
607,41.17002,41.12,1664500,41.35998,2014-04-01,41.05996,WES.AX,36.1654
608,41.51003,41.18997,2772700,41.89997,2014-03-31,41.18997,WES.AX,36.22694
609,41.21002,41.38995,3560800,41.55003,2014-03-28,41.19999,WES.AX,36.40282
610,41.17002,41.44999,1826000,41.58,2014-03-27,41.14997,WES.AX,36.45563
611,41.94999,41.68997,3386600,41.97996,2014-03-26,41.52998,WES.AX,36.66669
612,41.47996,41.85997,2223600,41.92002,2014-03-25,41.23999,WES.AX,36.81621
613,41.25001,41.59003,1775700,41.63002,2014-03-24,41.01003,WES.AX,36.57879
614,41.31998,41.69999,2623800,41.69999,2014-03-21,41.14997,WES.AX,36.67551
615,42.00001,41.43004,4101900,42.00001,2014-03-20,41.38995,WES.AX,36.43809
616,41.64997,41.97996,3229900,41.97996,2014-03-19,41.62,WES.AX,36.92174
617,42.01003,41.60997,2371800,42.14004,2014-03-18,41.60005,WES.AX,36.59634
618,41.87,41.77998,2248700,41.97996,2014-03-17,41.60997,WES.AX,36.74586
619,42.14997,41.85005,3783300,42.21001,2014-03-14,41.68004,WES.AX,36.80748
620,43.05002,42.72003,2911300,43.10997,2014-03-13,42.56997,WES.AX,37.57264
621,43.15999,43.10997,1812200,43.38001,2014-03-12,42.65999,WES.AX,37.91559
622,43.80002,43.46001,1567800,43.81997,2014-03-11,43.29501,WES.AX,38.22346
623,43.47995,43.60004,2630400,43.69998,2014-03-10,43.39004,WES.AX,38.34662
624,43.06997,43.40998,1739100,43.47003,2014-03-07,42.97003,WES.AX,38.17946
625,43.27998,42.93003,2293100,43.29,2014-03-06,42.67001,WES.AX,37.75734
626,43.00,43.14996,3572300,43.14996,2014-03-05,42.89997,WES.AX,37.95077
627,42.83,42.72003,1750700,42.85004,2014-03-04,42.54,WES.AX,37.57264
628,42.93996,42.75001,1731100,42.98998,2014-03-03,42.31997,WES.AX,37.599
629,43.02005,42.94998,15365900,43.06997,2014-02-28,42.43004,WES.AX,37.77489
630,42.50001,42.59995,1975300,42.59995,2014-02-27,42.40999,WES.AX,37.46702
631,42.98998,42.77998,2513500,43.08,2014-02-26,42.73998,WES.AX,37.62536
632,43.05002,42.69998,2398100,43.13002,2014-02-25,42.58,WES.AX,37.55501
633,42.84002,42.80003,6814000,43.02997,2014-02-24,42.52998,WES.AX,37.643
634,43.68996,43.80002,2686200,43.93504,2014-02-21,43.56004,WES.AX,37.473
635,43.14004,43.05002,3412200,43.15999,2014-02-20,42.60997,WES.AX,36.83134
636,43.30002,43.18003,4447300,43.30002,2014-02-19,42.52005,WES.AX,36.94257
637,43.56997,43.39996,1620200,43.68996,2014-02-18,43.25,WES.AX,37.13073
638,43.85996,43.56997,2878000,43.85996,2014-02-17,43.42001,WES.AX,37.27618
639,43.47995,43.84002,2485100,43.84002,2014-02-14,43.18003,WES.AX,37.50722
640,43.00,43.17001,1358500,43.43996,2014-02-13,42.88001,WES.AX,36.934
641,42.80995,43.05002,2109400,43.09002,2014-02-12,42.31997,WES.AX,36.83134
642,42.46001,42.80003,2217200,42.94998,2014-02-11,42.39997,WES.AX,36.61746
643,42.47996,42.80003,2005300,42.80003,2014-02-10,42.18996,WES.AX,36.61746
644,42.50001,42.44999,2825500,42.61999,2014-02-07,42.22996,WES.AX,36.31798
645,41.25001,42.43996,3349000,42.43996,2014-02-06,41.21002,WES.AX,36.3094
646,41.50001,41.31998,3319300,41.59003,2014-02-05,40.88003,WES.AX,35.35121
647,41.71001,41.59003,2929800,41.955,2014-02-04,41.535,WES.AX,35.58224
648,41.92002,42.18996,1135000,42.23998,2014-02-03,41.75001,WES.AX,36.09552
649,42.02998,42.00001,3289100,42.08,2014-01-31,41.63002,WES.AX,35.933
650,42.01003,42.00001,2412000,42.22996,2014-01-30,41.80003,WES.AX,35.933
651,42.43996,42.35997,2857900,42.50001,2014-01-29,41.86499,WES.AX,36.24097
652,42.39997,42.39004,3135200,42.81997,2014-01-28,42.31997,WES.AX,36.26669
653,42.94998,42.94998,000,42.94998,2014-01-27,42.94998,WES.AX,36.74575
654,43.00,42.94998,1772200,43.34002,2014-01-24,42.88001,WES.AX,36.74575
655,43.10997,43.17001,1710900,43.47995,2014-01-23,43.00,WES.AX,36.934
656,43.59002,43.39004,1246400,43.64996,2014-01-22,43.08,WES.AX,37.12224
657,43.06005,43.55002,1768200,43.55002,2014-01-21,42.98497,WES.AX,37.25911
658,43.30002,43.47003,1633300,43.56004,2014-01-20,43.08,WES.AX,37.19067
659,43.52997,43.69998,1077900,43.80002,2014-01-17,43.32999,WES.AX,37.38741
660,43.60004,43.85996,1324800,43.89004,2014-01-16,43.39996,WES.AX,37.52428
661,43.25,43.43003,1631100,43.43003,2014-01-15,43.00,WES.AX,37.15646
662,43.39996,42.85004,1796000,43.39996,2014-01-14,42.80995,WES.AX,36.66025
663,43.85996,43.61999,860100,44.00,2014-01-13,43.56496,WES.AX,37.31897
664,44.05002,44.05002,1068100,44.30002,2014-01-10,43.93003,WES.AX,37.68688
665,43.98998,44.06004,702600,44.14996,2014-01-09,43.82999,WES.AX,37.69546
666,44.01002,43.92001,998100,44.18003,2014-01-08,43.72003,WES.AX,37.57565
667,44.09001,43.67001,2085700,44.27005,2014-01-07,43.61999,WES.AX,37.36177
668,43.89004,43.63001,903300,43.94998,2014-01-06,43.32999,WES.AX,37.32755
669,43.98998,43.97995,1087900,44.15998,2014-01-03,43.67001,WES.AX,37.62694
670,44.10004,44.05002,654400,44.30002,2014-01-02,44.00,WES.AX,37.68688
671,44.03999,44.03999,000,44.03999,2014-01-01,44.03999,WES.AX,37.67831
672,43.69998,44.03999,1115900,44.15998,2013-12-31,43.51003,WES.AX,37.67831
673,44.10004,44.05002,876800,44.10004,2013-12-30,43.73997,WES.AX,37.68688
674,44.18995,44.03999,738600,44.18995,2013-12-27,43.94998,WES.AX,37.67831
675,43.79,43.79,000,43.79,2013-12-26,43.79,WES.AX,37.46442
676,43.79,43.79,000,43.79,2013-12-25,43.79,WES.AX,37.46442
677,43.88001,43.79,739500,44.00,2013-12-24,43.64996,WES.AX,37.46442
678,43.43996,43.52997,1658000,43.52997,2013-12-23,43.19998,WES.AX,37.24196
679,43.00,43.06005,5136400,43.11999,2013-12-20,42.76003,WES.AX,36.83992
680,41.89997,42.88001,3965300,42.88001,2013-12-19,41.89496,WES.AX,36.68589
681,42.51003,41.80003,3562200,42.52998,2013-12-18,41.64997,WES.AX,35.76191
682,42.00001,42.55995,2884300,42.55995,2013-12-17,41.76003,WES.AX,36.41206
683,41.25001,41.51003,1590500,41.72996,2013-12-16,41.13002,WES.AX,35.51381
684,41.25001,41.30003,2108800,41.455,2013-12-13,40.93004,WES.AX,35.33414
685,41.18004,41.10997,3153800,41.50001,2013-12-12,40.69999,WES.AX,35.17154
686,41.14005,41.14997,1725700,41.55003,2013-12-11,41.14005,WES.AX,35.20576
687,41.64997,41.44999,1937500,41.77998,2013-12-10,41.39997,WES.AX,35.46244
688,42.25001,41.64005,2732500,42.25001,2013-12-09,41.55003,WES.AX,35.62504
689,41.80003,41.69999,2272400,42.10997,2013-12-06,41.67002,WES.AX,35.67632
690,42.22996,41.76003,2959700,42.40999,2013-12-05,41.76003,WES.AX,35.72769
691,42.23998,42.30003,1847200,42.44999,2013-12-04,42.12,WES.AX,36.18968
692,42.92001,42.58,1638500,42.97996,2013-12-03,42.50001,WES.AX,36.42921
693,42.89004,42.86999,3316400,42.98998,2013-12-02,42.55995,WES.AX,36.67731
694,43.00,42.92001,3019500,43.10004,2013-11-29,42.59002,WES.AX,36.72011
695,43.60004,43.02997,6631400,43.60997,2013-11-28,42.93003,WES.AX,36.81419
696,43.69998,43.64003,1247900,44.00,2013-11-27,43.59002,WES.AX,37.33612
697,44.34001,43.85996,1955100,44.44998,2013-11-26,43.85996,WES.AX,37.52428
698,44.55002,44.06997,1535000,44.60004,2013-11-25,44.01002,WES.AX,37.70395
699,44.03999,44.06997,1288100,44.27005,2013-11-22,43.875,WES.AX,37.70395
700,43.75,43.80002,2513300,43.88001,2013-11-21,43.43996,WES.AX,37.473
701,43.60004,43.85004,2078300,43.92001,2013-11-20,43.39996,WES.AX,37.51579
702,43.85996,43.75,1786800,43.88001,2013-11-19,43.61999,WES.AX,37.4302
703,44.25,44.01002,1755600,44.25,2013-11-18,43.68003,WES.AX,37.65267
704,43.68996,44.14996,2751200,44.27005,2013-11-15,43.60997,WES.AX,37.77239
705,44.19998,43.88001,3045500,44.55002,2013-11-14,43.68003,WES.AX,37.54144
706,44.39003,43.96,2334700,44.44005,2013-11-13,43.73005,WES.AX,37.60987
707,44.06997,44.17001,1848800,44.38001,2013-11-12,43.92001,WES.AX,37.78954
708,43.94998,43.89004,1035000,44.11999,2013-11-11,43.68003,WES.AX,37.55001
709,43.52003,43.50004,1428700,43.66997,2013-11-08,43.37998,WES.AX,37.68363
710,43.43006,43.48004,3095600,43.73005,2013-11-07,43.30001,WES.AX,37.6663
711,43.00003,43.28002,2111500,43.37998,2013-11-06,42.83999,WES.AX,37.49302
712,42.98003,43.06,1111800,43.22004,2013-11-05,42.88007,WES.AX,37.30243
713,43.14997,42.83999,1267600,43.35999,2013-11-04,42.80,WES.AX,37.11183
714,42.94005,42.95005,1024000,43.14997,2013-11-01,42.69004,WES.AX,37.20717
715,42.54,42.97004,2614500,43.08,2013-10-31,42.50002,WES.AX,37.22449
716,42.02,42.28,1419100,42.38501,2013-10-30,41.91004,WES.AX,36.62672
717,42.13006,42.03999,1536500,42.16004,2013-10-29,41.85006,WES.AX,36.4188
718,42.25001,42.29,3898900,42.57999,2013-10-28,42.04999,WES.AX,36.63538
719,42.03999,42.02,4495700,42.03999,2013-10-25,41.64005,WES.AX,36.40148
720,40.99999,41.92004,2624900,42.06998,2013-10-24,40.99999,WES.AX,36.31489
721,42.31999,42.00001,1516700,42.31999,2013-10-23,41.87006,WES.AX,36.38417
722,42.10007,42.20003,1488300,42.22002,2013-10-22,41.73001,WES.AX,36.55744
723,42.20003,42.12006,1472800,42.28,2013-10-21,42.07998,WES.AX,36.48817
724,41.83997,41.99001,1545800,42.00001,2013-10-18,41.65004,WES.AX,36.37551
725,41.77,41.65004,1985600,41.80998,2013-10-17,41.51999,WES.AX,36.08099
726,41.29997,41.77,2231700,41.90004,2013-10-16,41.27998,WES.AX,36.18491
727,41.90004,41.76,1773700,42.24002,2013-10-15,41.67003,WES.AX,36.17625
728,41.70002,41.60006,2048400,41.71002,2013-10-14,41.46001,WES.AX,36.03769
729,41.71002,41.73001,2965700,41.80998,2013-10-11,41.59006,WES.AX,36.15027
730,40.90003,41.35005,2280200,41.35005,2013-10-10,40.84005,WES.AX,35.82112
731,40.90003,41.07006,1531300,41.14003,2013-10-09,40.73999,WES.AX,35.57856
732,40.70,40.97,1978300,41.02998,2013-10-08,40.52997,WES.AX,35.49188
733,41.41003,40.84005,1237900,41.50999,2013-10-07,40.70,WES.AX,35.3793
734,41.03997,41.29997,1406100,41.48001,2013-10-04,41.00999,WES.AX,35.77773
735,41.44002,41.28998,1039400,41.62005,2013-10-03,41.25999,WES.AX,35.76907
736,41.32007,41.24999,1651100,41.33006,2013-10-02,40.90003,WES.AX,35.73444
737,41.13004,40.88003,1189000,41.25999,2013-10-01,40.83005,WES.AX,35.41394
738,41.41003,41.13004,1638700,41.51999,2013-09-30,41.04997,WES.AX,35.63052
739,42.00001,41.70002,3403000,42.00001,2013-09-27,41.48001,WES.AX,36.12429
740,41.22001,41.80998,1627400,41.93003,2013-09-26,41.09005,WES.AX,36.21955
741,41.30997,41.58007,2871200,41.82502,2013-09-25,41.26999,WES.AX,36.02037
742,40.95001,41.14003,1613900,41.32502,2013-09-24,40.95001,WES.AX,35.63918
743,41.52999,41.30997,1744600,41.64005,2013-09-23,41.03997,WES.AX,35.78639
744,41.54998,41.50999,2466200,41.75,2013-09-20,41.27998,WES.AX,35.95967
745,41.59006,41.40003,3213000,41.69003,2013-09-19,41.32502,WES.AX,35.86441
746,41.69003,41.53998,2070900,41.69003,2013-09-18,41.39004,WES.AX,35.98565
747,41.61005,41.63005,1927000,41.86006,2013-09-17,41.50999,WES.AX,36.06367
748,41.91004,41.75,1259000,41.98002,2013-09-16,41.67003,WES.AX,36.16759
749,41.48001,41.61005,2582700,41.65004,2013-09-13,41.26999,WES.AX,36.04635
750,41.24,41.42003,2003700,41.50999,2013-09-12,41.11005,WES.AX,35.88173
751,41.11005,41.22001,1512500,41.22001,2013-09-11,40.87004,WES.AX,35.70846
752,40.90003,40.89003,1560400,41.08005,2013-09-10,40.72999,WES.AX,35.4226
753,40.54006,40.82006,1438100,40.82006,2013-09-09,40.40002,WES.AX,35.36198
754,40.51997,40.40002,2125000,40.51997,2013-09-06,39.94999,WES.AX,34.99811
755,40.66002,40.19999,2249100,40.69001,2013-09-05,40.11003,WES.AX,34.82483
756,40.81006,40.49998,1891000,40.97,2013-09-04,40.41001,WES.AX,35.08471
757,41.27998,41.07006,2778600,41.35005,2013-09-03,40.83005,WES.AX,35.57856
758,41.32007,41.51999,2051600,41.52999,2013-09-02,41.20001,WES.AX,35.96833
759,39.99997,40.66002,3531900,40.79007,2013-08-30,39.92,WES.AX,35.22335
760,40.27006,40.08004,1899200,40.35004,2013-08-29,39.79005,WES.AX,34.72091
761,39.98997,40.09003,2937700,40.17,2013-08-28,39.73997,WES.AX,34.72957
762,39.61002,40.05005,1462400,40.16001,2013-08-27,39.48007,WES.AX,34.69494
763,40.04005,39.86002,1571200,40.29006,2013-08-26,39.78005,WES.AX,34.53032
764,39.49006,39.83003,1984900,40.02006,2013-08-23,39.36001,WES.AX,34.50434
765,38.98006,39.20997,3795400,39.39,2013-08-22,38.89999,WES.AX,33.96719
766,39.69999,39.63001,1630800,39.81004,2013-08-21,39.41999,WES.AX,34.33106
767,39.69999,39.48007,6199900,39.79005,2013-08-20,39.47007,WES.AX,34.20117
768,40.82006,40.99999,4220100,41.22505,2013-08-19,40.74998,WES.AX,34.28076
769,40.40002,40.21998,6870200,40.40002,2013-08-16,39.85003,WES.AX,33.62858
770,42.00001,41.25999,3951300,43.02002,2013-08-15,40.96,WES.AX,34.49815
771,41.60006,41.93003,2525800,41.93003,2013-08-14,41.45002,WES.AX,35.05838
772,40.81006,41.38004,2392400,41.44002,2013-08-13,40.71,WES.AX,34.59853
773,40.49998,40.88003,1963900,40.99999,2013-08-12,40.19999,WES.AX,34.18046
774,40.62003,40.74998,1697300,40.80006,2013-08-09,40.36003,WES.AX,34.07173
775,40.60004,41.00999,2000500,41.13004,2013-08-08,40.35004,WES.AX,34.28912
776,40.90003,40.39002,2604300,40.92002,2013-08-07,40.33004,WES.AX,33.77075
777,40.80006,40.99999,2306500,41.10005,2013-08-06,40.62003,WES.AX,34.28076
778,41.07006,41.06006,1543300,41.29997,2013-08-05,40.86004,WES.AX,34.33099
779,41.20001,41.07006,4138600,41.20001,2013-08-02,40.89003,WES.AX,34.33935
780,40.65002,40.73999,2138900,41.20001,2013-08-01,40.56006,WES.AX,34.06337
781,40.65002,40.56006,2088100,41.06006,2013-07-31,40.50998,WES.AX,33.91292
782,40.63003,40.21998,2092100,40.65002,2013-07-30,39.80005,WES.AX,33.62858
783,40.34004,40.52997,979400,40.65002,2013-07-29,40.14002,WES.AX,33.88777
784,39.90001,40.34004,3950700,40.58005,2013-07-26,39.85003,WES.AX,33.72896
785,39.94999,40.03006,2165100,40.30005,2013-07-25,39.78005,WES.AX,33.46978
786,39.97998,39.95998,2430800,40.37003,2013-07-24,39.83003,WES.AX,33.41119
787,39.63001,39.75006,2059900,39.83003,2013-07-23,39.30003,WES.AX,33.23567
788,39.44998,39.43998,1895200,39.67999,2013-07-22,39.14,WES.AX,32.97641
789,39.19997,38.95007,4783900,39.25005,2013-07-19,38.70006,WES.AX,32.56679
790,39.10001,39.12,4006000,39.20997,2013-07-18,38.88,WES.AX,32.70887
791,38.84001,38.88999,1526400,38.94007,2013-07-17,38.78003,WES.AX,32.51656
792,39.29004,38.94007,1586200,39.35002,2013-07-16,38.74005,WES.AX,32.55843
793,39.31003,39.04003,1217800,39.44998,2013-07-15,38.85001,WES.AX,32.64201
794,39.31003,39.09001,1803500,39.33002,2013-07-12,38.95007,WES.AX,32.6838
795,39.29004,38.98006,3010900,39.51005,2013-07-11,38.67997,WES.AX,32.59186
796,39.87002,39.28004,1425800,39.89001,2013-07-10,39.25005,WES.AX,32.84268
797,39.44998,39.48007,1874900,39.69999,2013-07-09,39.13,WES.AX,33.00993
798,39.57003,38.90998,1347400,39.60002,2013-07-08,38.75004,WES.AX,32.53327
799,39.16999,39.21997,1536700,39.28004,2013-07-05,38.78003,WES.AX,32.79245
800,39.32003,38.86,845600,39.44998,2013-07-04,38.76004,WES.AX,32.49148
801,39.84003,38.67997,2449800,39.84003,2013-07-03,38.23004,WES.AX,32.34095
802,38.92998,39.69999,2280100,39.69999,2013-07-02,38.92998,WES.AX,33.1938
803,39.11001,38.59001,2021700,39.46007,2013-07-01,38.41997,WES.AX,32.26573
804,39.78005,39.60002,5023600,39.84003,2013-06-28,39.46007,WES.AX,33.11022
805,38.80003,39.48007,3219400,39.86002,2013-06-27,38.73005,WES.AX,33.00993
806,38.75004,38.57001,2127700,39.00005,2013-06-26,38.36999,WES.AX,32.24902
807,38.15007,38.60,2898400,38.66998,2013-06-25,37.95005,WES.AX,32.27409
808,38.00003,38.03002,2051100,38.30002,2013-06-24,37.96005,WES.AX,31.79752
809,38.44006,38.22004,2958400,38.77004,2013-06-21,38.09999,WES.AX,31.9564
810,38.62999,38.62999,3840400,38.90998,2013-06-20,38.09999,WES.AX,32.29917
811,38.85001,39.00005,2928100,39.00005,2013-06-19,38.30002,WES.AX,32.60857
812,38.24004,38.46006,2605600,38.46006,2013-06-18,37.85999,WES.AX,32.15708
813,38.00003,38.63999,2875000,38.67997,2013-06-17,37.89997,WES.AX,32.30752
814,37.14006,38.35,3761000,38.48005,2013-06-14,37.14006,WES.AX,32.06506
815,37.03,37.14006,3491700,37.21003,2013-06-13,36.73002,WES.AX,31.05341
816,37.51002,37.23002,4028800,37.69005,2013-06-12,37.11997,WES.AX,31.12863
817,38.17006,37.85999,2566200,38.34,2013-06-11,37.80001,WES.AX,31.65535
818,37.81,37.81,000,37.81,2013-06-10,37.81,WES.AX,31.61356
819,38.00003,37.81,2619100,38.09999,2013-06-07,37.53001,WES.AX,31.61356
820,38.05001,37.97004,3585100,38.34,2013-06-06,37.97004,WES.AX,31.74737
821,38.50004,38.58001,2925400,38.70006,2013-06-05,38.09999,WES.AX,32.25738
822,39.35002,38.90998,2196900,39.44998,2013-06-04,38.79003,WES.AX,32.53327
823,39.29004,39.36001,2042400,39.78005,2013-06-03,38.81002,WES.AX,32.90955
824,39.77005,39.24006,4487500,39.77005,2013-05-31,39.05003,WES.AX,32.80925
825,40.04005,39.28004,3909300,40.52997,2013-05-30,39.00005,WES.AX,32.84268
826,40.86004,40.14002,3588400,41.04997,2013-05-29,40.03006,WES.AX,33.56172
827,40.75998,41.22001,1939700,41.25999,2013-05-28,40.62003,WES.AX,34.46472
828,40.60004,40.88003,1752200,40.97999,2013-05-27,40.28006,WES.AX,34.18046
829,42.39006,40.99999,2865500,42.39006,2013-05-24,40.88003,WES.AX,34.28076
830,42.88007,41.98002,2791900,42.94005,2013-05-23,41.95002,WES.AX,35.10018
831,43.00003,42.89007,1977800,43.17006,2013-05-22,42.65006,WES.AX,35.86108
832,42.81,42.78001,2221200,42.91006,2013-05-21,42.44004,WES.AX,35.76906
833,43.00003,43.00003,2071900,43.55002,2013-05-20,42.95005,WES.AX,35.95302
834,44.08002,42.93005,4226900,44.10001,2013-05-17,42.47003,WES.AX,35.89452
835,43.50004,44.20007,5323300,44.25005,2013-05-16,43.35999,WES.AX,36.9564
836,43.14997,42.80,1682200,43.16006,2013-05-15,42.42005,WES.AX,35.78578
837,42.90006,42.94005,1508100,43.37998,2013-05-14,42.67005,WES.AX,35.90287
838,42.32998,42.72003,1165900,42.82,2013-05-13,42.29999,WES.AX,35.71891
839,41.95002,42.32998,3011100,42.81,2013-05-10,41.91004,WES.AX,35.39279
840,41.95002,41.91004,2684300,42.06998,2013-05-09,41.85006,WES.AX,35.04167
841,41.99001,41.98002,2668200,42.19004,2013-05-08,41.50,WES.AX,35.10018
842,42.33998,41.90004,1740500,42.44004,2013-05-07,41.66004,WES.AX,35.03331
843,42.99003,42.50002,1206800,42.99003,2013-05-06,42.33998,WES.AX,35.53496
844,43.09999,42.71004,984500,43.09999,2013-05-03,42.67005,WES.AX,35.71056
845,43.20005,42.85998,1128900,43.20005,2013-05-02,42.55,WES.AX,35.83593
846,43.10999,42.95005,821700,43.38998,2013-05-01,42.85998,WES.AX,35.91123
847,42.90006,43.36999,1499800,43.45005,2013-04-30,42.71004,WES.AX,36.26235
848,43.00003,43.21005,1062700,43.42502,2013-04-29,42.95005,WES.AX,36.12862
849,43.07,42.94005,1442500,43.40007,2013-04-26,42.90006,WES.AX,35.90287
850,43.36999,43.36999,000,43.36999,2013-04-25,43.36999,WES.AX,36.26235
851,43.12998,43.36999,6849500,43.36999,2013-04-24,42.90006,WES.AX,36.26235
852,42.10007,43.04001,2195300,43.04001,2013-04-23,42.00001,WES.AX,35.98645
853,41.75,41.87006,1244700,41.87006,2013-04-22,41.41003,WES.AX,35.00824
854,42.40006,41.76,2242000,42.40006,2013-04-19,41.25999,WES.AX,34.91622
855,42.37006,42.22002,4049600,42.94005,2013-04-18,41.71002,WES.AX,35.30085
856,40.98999,41.89005,2304200,41.91004,2013-04-17,40.84005,WES.AX,35.02495
857,40.70,40.68001,1420600,40.85004,2013-04-16,40.50998,WES.AX,34.01322
858,40.40002,40.68001,1336100,40.72999,2013-04-15,40.22998,WES.AX,34.01322
859,40.90003,40.67002,1521800,41.13004,2013-04-12,40.57005,WES.AX,34.00486
860,40.39002,40.54006,3090700,40.54006,2013-04-11,40.09003,WES.AX,33.89621
861,40.15001,40.12002,1989300,40.44,2013-04-10,39.90001,WES.AX,33.54501
862,40.19999,40.48998,1810800,40.48998,2013-04-09,40.11003,WES.AX,33.85434
863,40.13002,40.07004,1461000,40.19,2013-04-08,39.82004,WES.AX,33.50321
864,40.27006,39.86002,2215600,40.42001,2013-04-05,39.86002,WES.AX,33.32761
865,40.68001,40.46,1636500,40.83005,2013-04-04,40.27006,WES.AX,33.82926
866,41.20001,40.69001,2182500,41.20001,2013-04-03,40.32004,WES.AX,34.02158
867,40.28006,40.72,1624400,40.95001,2013-04-02,40.28006,WES.AX,34.04665
868,40.19999,40.19999,000,40.19999,2013-04-01,40.19999,WES.AX,33.61187
869,40.19999,40.19999,000,40.19999,2013-03-29,40.19999,WES.AX,33.61187
870,40.69001,40.19999,4120400,40.69001,2013-03-28,39.99997,WES.AX,33.61187
871,40.70,40.60004,1536500,40.80006,2013-03-27,40.31005,WES.AX,33.94635
872,40.45,40.40002,1941600,40.70,2013-03-26,40.23998,WES.AX,33.77911
873,40.97999,40.54006,1669800,41.17002,2013-03-25,40.50998,WES.AX,33.89621
874,40.33004,40.63003,1820200,40.91002,2013-03-22,40.17,WES.AX,33.97143
875,41.40003,40.30005,5135700,41.44002,2013-03-21,40.08004,WES.AX,33.69553
876,40.99999,41.10005,3014300,41.52999,2013-03-20,40.62003,WES.AX,34.36442
877,42.39006,41.09005,3639600,42.43004,2013-03-19,41.07006,WES.AX,34.35606
878,42.45004,42.10007,1743500,42.79001,2013-03-18,42.10007,WES.AX,35.20055
879,42.26001,43.11998,3386100,43.12998,2013-03-15,42.20003,WES.AX,36.05332
880,42.88007,42.07998,2331500,43.07,2013-03-14,42.07998,WES.AX,35.18375
881,42.23002,42.49002,3088800,42.50002,2013-03-13,41.96002,WES.AX,35.5266
882,43.00003,42.50002,3186200,43.50004,2013-03-12,42.46003,WES.AX,35.53496
883,42.59998,42.84998,2415400,42.95005,2013-03-11,42.49002,WES.AX,35.82757
884,42.50002,42.63007,2478100,42.66006,2013-03-08,42.30999,WES.AX,35.64369
885,42.09007,42.32998,2088900,42.50002,2013-03-07,42.04999,WES.AX,35.39279
886,42.22002,42.11006,2776000,42.38006,2013-03-06,41.93498,WES.AX,35.20891
887,41.66004,42.20003,2444300,42.20003,2013-03-05,41.42003,WES.AX,35.28413
888,41.60006,41.09005,1552800,41.85006,2013-03-04,41.02998,WES.AX,34.35606
889,41.24999,41.60006,2188300,41.62005,2013-03-01,40.92002,WES.AX,34.78249
890,41.03997,41.02998,3037300,41.33006,2013-02-28,40.64002,WES.AX,34.30583
891,40.23998,40.51997,1561200,40.78007,2013-02-27,40.14002,WES.AX,33.87941
892,39.99997,40.14002,1882100,40.43,2013-02-26,39.99997,WES.AX,33.56172
893,39.93,40.64002,2313300,40.69001,2013-02-25,39.90001,WES.AX,33.97979
894,39.66,39.81004,2828300,40.14002,2013-02-22,39.30003,WES.AX,33.28582
895,39.65,39.40,4104800,39.91,2013-02-21,39.38001,WES.AX,32.94298
896,39.49006,39.65,2898600,39.93,2013-02-20,39.30003,WES.AX,33.15201
897,39.19997,39.29004,11561300,39.43503,2013-02-19,39.15999,WES.AX,32.85104
898,39.85003,39.95998,2253600,39.97998,2013-02-18,39.66,WES.AX,32.51858
899,38.88999,39.55004,1662300,39.62001,2013-02-15,38.88999,WES.AX,32.18498
900,38.42997,38.88,2839300,39.67999,2013-02-14,38.03002,WES.AX,31.63971
901,38.72006,38.41997,1606700,38.77004,2013-02-13,38.35999,WES.AX,31.26535
902,38.70006,38.60,1461400,38.70006,2013-02-12,38.50004,WES.AX,31.41186
903,38.60,38.60,1262700,38.83002,2013-02-11,38.28002,WES.AX,31.41186
904,38.50004,38.62999,1390300,38.77004,2013-02-08,38.30002,WES.AX,31.43626
905,38.32001,38.51004,1407000,38.55002,2013-02-07,38.05001,WES.AX,31.33865
906,38.09999,38.38998,1932300,38.80003,2013-02-06,38.05001,WES.AX,31.24095
907,37.45004,38.03002,2531400,38.24004,2013-02-05,37.45004,WES.AX,30.94802
908,37.81,37.60998,1815900,37.97004,2013-02-04,37.51002,WES.AX,30.6062
909,37.55,37.80001,1867000,37.89997,2013-02-01,37.24002,WES.AX,30.76084
910,38.09999,37.59998,2812000,38.27003,2013-01-31,37.59998,WES.AX,30.59806
911,38.62,38.12998,3118500,38.66998,2013-01-30,37.87998,WES.AX,31.02937
912,38.30002,38.82002,1982900,38.84001,2013-01-29,38.21005,WES.AX,31.5909
913,37.95005,37.95005,000,37.95005,2013-01-28,37.95005,WES.AX,30.88294
914,38.18006,37.95005,4863300,38.18006,2013-01-25,37.86998,WES.AX,30.88294
915,37.85999,38.01003,1692700,38.11998,2013-01-24,37.84999,WES.AX,30.93175
916,37.94005,37.84999,2117600,37.98004,2013-01-23,37.81,WES.AX,30.80151
917,37.95005,37.76002,1200500,37.99003,2013-01-22,37.59998,WES.AX,30.7283
918,37.63007,37.72004,1174200,37.80001,2013-01-21,37.51002,WES.AX,30.69576
919,38.23004,37.69005,2586400,38.34,2013-01-18,37.50002,WES.AX,30.67136
920,38.09,38.35,2741100,38.49004,2013-01-17,37.94005,WES.AX,31.20841
921,37.47003,37.83,1925300,37.87998,2013-01-16,37.44004,WES.AX,30.78524
922,37.70005,37.63007,1533100,37.80001,2013-01-15,37.48003,WES.AX,30.62255
923,37.71004,37.59998,1185600,37.89997,2013-01-14,37.35997,WES.AX,30.59806
924,37.57999,37.58999,1228400,37.67005,2013-01-11,37.34998,WES.AX,30.58993
925,36.93004,37.47003,1874700,37.47003,2013-01-10,36.85007,WES.AX,30.49231
926,36.98002,36.90005,1311100,37.19004,2013-01-09,36.81998,WES.AX,30.02847
927,37.21003,36.82998,1896900,37.30999,2013-01-08,36.75001,WES.AX,29.97145
928,37.20003,37.04999,1303200,37.24002,2013-01-07,36.92004,WES.AX,30.15049
929,37.00001,36.86006,846900,37.07998,2013-01-04,36.82998,WES.AX,29.99593
930,37.21003,36.89005,1182700,37.30999,2013-01-03,36.84007,WES.AX,30.02034
931,36.94004,37.10997,677000,37.18004,2013-01-02,36.66004,WES.AX,30.1993
932,36.85007,36.85007,000,36.85007,2013-01-01,36.85007,WES.AX,29.9878
933,36.75001,36.85007,582500,36.99002,2012-12-31,36.66004,WES.AX,29.9878
934,36.99002,36.89005,664600,37.19004,2012-12-28,36.82998,WES.AX,30.02034
935,36.86006,36.85007,616400,36.93004,2012-12-27,36.55998,WES.AX,29.9878
936,36.80998,36.80998,000,36.80998,2012-12-26,36.80998,WES.AX,29.95518
937,36.80998,36.80998,000,36.80998,2012-12-25,36.80998,WES.AX,29.95518
938,36.70002,36.80998,359100,36.95003,2012-12-24,36.60006,WES.AX,29.95518
939,36.69003,36.60006,4437500,36.95003,2012-12-21,36.42003,WES.AX,29.78435
940,36.25999,36.61006,4065100,36.65004,2012-12-20,36.16003,WES.AX,29.79249
941,36.27998,36.13004,1766500,36.27998,2012-12-19,36.04997,WES.AX,29.40186
942,35.88004,35.91003,2396200,36.18002,2012-12-18,35.71,WES.AX,29.22281
943,35.90003,35.59005,1395900,35.96001,2012-12-17,35.57005,WES.AX,28.96242
944,35.85005,35.93002,1974000,36.22001,2012-12-14,35.85005,WES.AX,29.23908
945,36.38004,35.85005,2413800,36.38004,2012-12-13,35.74999,WES.AX,29.17401
946,36.50,36.27998,1526300,36.62006,2012-12-12,36.27998,WES.AX,29.52388
947,36.22001,36.27998,1496700,36.38004,2012-12-11,36.20002,WES.AX,29.52388
948,36.46002,36.25,1517600,36.50,2012-12-10,36.01999,WES.AX,29.49947
949,35.65003,36.20002,4723600,36.30998,2012-12-07,35.65003,WES.AX,29.4588
950,35.71,35.84005,1552400,35.92002,2012-12-06,35.61004,WES.AX,29.16587
951,35.65003,35.73999,1154200,35.87004,2012-12-05,35.60004,WES.AX,29.08444
952,35.90003,35.61004,1057400,35.91003,2012-12-04,35.57005,WES.AX,28.97869
953,35.79997,35.95001,1836600,36.07007,2012-12-03,35.62004,WES.AX,29.25535
954,35.51997,35.55006,4900300,35.76998,2012-11-30,35.33005,WES.AX,28.92988
955,35.41002,35.69001,2210100,35.69001,2012-11-29,35.21999,WES.AX,29.04377
956,35.12003,35.31005,1592400,35.43001,2012-11-28,34.94999,WES.AX,28.73457
957,35.10004,35.04006,1886600,35.18,2012-11-27,34.93,WES.AX,28.51485
958,34.95999,35.02006,1030700,35.09004,2012-11-26,34.93,WES.AX,28.49858
959,34.94,34.93,998100,34.96998,2012-11-23,34.72998,WES.AX,28.42529
960,34.58003,34.94,2447100,34.96998,2012-11-22,34.53005,WES.AX,28.43342
961,34.41999,34.38001,1792500,34.49996,2012-11-21,34.15999,WES.AX,27.97772
962,34.10002,34.34002,2484300,34.41999,2012-11-20,33.70007,WES.AX,27.94518
963,34.12001,34.00005,1500800,34.15999,2012-11-19,33.87,WES.AX,27.66852
964,33.96997,34.01005,2679500,34.24006,2012-11-16,33.89999,WES.AX,27.67665
965,33.94997,33.80003,3180600,34.44503,2012-11-15,33.73005,WES.AX,27.50574
966,33.96997,33.93998,1912400,34.13001,2012-11-14,33.745,WES.AX,27.61963
967,34.25006,33.75005,2409800,34.25006,2012-11-13,33.70997,WES.AX,27.46507
968,34.33003,34.27005,1101600,34.45998,2012-11-12,34.22007,WES.AX,27.88823
969,34.30004,34.30004,1699800,34.51006,2012-11-09,34.18998,WES.AX,27.91264
970,34.04004,34.30004,1502400,34.36002,2012-11-08,33.92998,WES.AX,27.91264
971,34.14,34.36002,1244300,34.47997,2012-11-07,34.06003,WES.AX,27.96145
972,34.25006,34.29004,848900,34.32003,2012-11-06,34.08002,WES.AX,27.9045
973,34.28004,34.25006,1412800,34.35002,2012-11-05,33.95997,WES.AX,27.87197
974,34.11001,34.01005,2295500,34.24006,2012-11-02,33.89999,WES.AX,27.67665
975,34.41,34.14,1812700,34.48997,2012-11-01,34.12001,WES.AX,27.7824
976,34.47997,34.77006,2645500,34.81004,2012-10-31,34.28004,WES.AX,28.29513
977,34.40,34.31004,1239500,34.53005,2012-10-30,34.20997,WES.AX,27.92078
978,34.39,34.30004,1453200,34.58003,2012-10-29,34.30004,WES.AX,27.91264
979,34.49996,34.32003,3229300,34.69999,2012-10-26,34.24006,WES.AX,27.92891
980,34.49996,34.57004,1612000,34.84003,2012-10-25,34.34002,WES.AX,28.13236
981,34.55004,34.60002,1466600,34.795,2012-10-24,34.53005,WES.AX,28.15676
982,34.80005,34.73997,1526700,35.19505,2012-10-23,34.67,WES.AX,28.27065
983,34.90001,34.88002,1278800,34.97998,2012-10-22,34.69999,WES.AX,28.38462
984,34.80005,35.12003,1858600,35.18,2012-10-19,34.73997,WES.AX,28.57993
985,35.47999,34.91001,2283100,35.49998,2012-10-18,34.84498,WES.AX,28.40902
986,35.48999,35.04006,1799600,35.48999,2012-10-17,35.00007,WES.AX,28.51485
987,35.17001,35.20999,2334700,35.44001,2012-10-16,35.08004,WES.AX,28.65314
988,34.81004,34.80005,1293400,34.97998,2012-10-15,34.72998,WES.AX,28.31954
989,34.48997,34.68999,2827500,34.92,2012-10-12,34.36002,WES.AX,28.22998
990,34.19998,34.32003,1684100,34.46998,2012-10-11,34.18998,WES.AX,27.92891
991,34.68,34.52006,1258300,34.75007,2012-10-10,34.41999,WES.AX,28.09169
992,34.57004,34.78006,1471400,34.89002,2012-10-09,34.42999,WES.AX,28.30327
993,34.60002,34.54005,799300,34.69999,2012-10-08,34.38001,WES.AX,28.10795
994,34.47997,34.55004,2122800,34.73997,2012-10-05,34.42999,WES.AX,28.11609
995,34.37001,34.26005,1590000,34.56004,2012-10-04,34.18998,WES.AX,27.8801
996,34.45998,34.27005,1072900,34.47997,2012-10-03,34.26005,WES.AX,27.88823
997,33.93998,34.26005,1907700,34.33003,2012-10-02,33.86001,WES.AX,27.8801
998,33.84001,33.91999,1793200,34.15999,2012-10-01,33.62999,WES.AX,27.60336
999,34.30004,34.26005,4052300,34.41999,2012-09-28,34.16999,WES.AX,27.8801
1000,34.43999,34.58003,1367800,34.68999,2012-09-27,34.35002,WES.AX,28.14049
1001,34.19998,34.48997,1523500,34.64001,2012-09-26,34.19998,WES.AX,28.0672
1002,34.44998,34.41,1447100,34.49996,2012-09-25,34.17999,WES.AX,28.00212
1003,34.44998,34.59003,2289800,34.70998,2012-09-24,34.36002,WES.AX,28.14863
1004,34.68,34.75007,1959400,34.81004,2012-09-21,34.45998,WES.AX,28.27886
1005,34.45998,34.71998,5210900,34.75007,2012-09-20,34.43999,WES.AX,28.25438
1006,34.41999,34.83004,4664100,34.98998,2012-09-19,34.33003,WES.AX,28.34394
1007,34.49996,34.41999,2109600,34.64001,2012-09-18,34.36002,WES.AX,28.01026
1008,34.36002,34.53005,1788700,34.59003,2012-09-17,34.24006,WES.AX,28.09982
1009,34.39,34.55004,2901700,34.57004,2012-09-14,34.23006,WES.AX,28.11609
1010,34.18998,34.00005,3119900,34.38001,2012-09-13,33.95997,WES.AX,27.66852
1011,34.66,34.43999,3782500,34.68999,2012-09-12,34.29004,WES.AX,28.02653
1012,34.80005,34.80005,2391000,34.92,2012-09-11,34.61002,WES.AX,28.31954
1013,35.27997,34.87002,1936800,35.27997,2012-09-10,34.69999,WES.AX,28.37648
1014,35.79997,35.06005,2678700,35.79997,2012-09-07,34.87002,WES.AX,28.53112
1015,35.72,35.42001,3066500,35.97001,2012-09-06,35.27997,WES.AX,28.82405
1016,35.13002,35.34004,2649600,35.38003,2012-09-05,34.95999,WES.AX,28.75897
1017,35.20999,35.00007,2569100,35.24998,2012-09-04,34.68,WES.AX,28.48231
1018,34.68,35.24998,2491700,35.24998,2012-09-03,34.53005,WES.AX,28.68568
1019,34.19998,34.52006,3165800,34.67,2012-08-31,34.18998,WES.AX,28.09169
1020,34.65001,34.18998,2157800,34.65001,2012-08-30,34.02005,WES.AX,27.82308
1021,34.39,34.41,2122700,34.67,2012-08-29,34.36002,WES.AX,28.00212
1022,34.43999,34.30004,1625600,34.48997,2012-08-28,34.14,WES.AX,27.91264
1023,34.19998,34.10002,1148400,34.39,2012-08-27,34.08002,WES.AX,27.74987
1024,34.30004,33.90999,1511300,34.45998,2012-08-24,33.85001,WES.AX,27.59523
1025,34.45998,34.40,1675800,34.58003,2012-08-23,34.20997,WES.AX,27.99399
1026,34.10002,34.17999,3263400,34.54005,2012-08-22,33.89999,WES.AX,27.81494
1027,34.00005,33.89999,9287000,34.18998,2012-08-21,33.80003,WES.AX,27.58709
1028,34.75007,34.70998,2653300,35.20,2012-08-20,34.57004,WES.AX,27.1744
1029,33.94997,34.67,3485700,34.85003,2012-08-17,33.77004,WES.AX,27.14309
1030,32.94006,33.72006,4945500,34.28004,2012-08-16,32.60998,WES.AX,26.39939
1031,32.80001,32.49003,1263000,32.84999,2012-08-15,32.33998,WES.AX,25.4364
1032,32.62998,32.58,1720200,32.98004,2012-08-14,32.58,WES.AX,25.50683
1033,32.64997,32.52002,988900,32.78002,2012-08-13,32.52002,WES.AX,25.45987
1034,32.68006,32.27001,1890800,32.77002,2012-08-10,32.24002,WES.AX,25.26415
1035,32.88998,32.60998,2120500,32.89998,2012-08-09,32.46004,WES.AX,25.53031
1036,32.59999,32.73004,1609600,32.84999,2012-08-08,32.57,WES.AX,25.6243
1037,32.52002,32.56,1590000,32.58,2012-08-07,32.32999,WES.AX,25.49118
1038,32.49003,32.39996,1277000,32.69005,2012-08-06,32.24002,WES.AX,25.36589
1039,32.23003,32.05999,1659400,32.41006,2012-08-03,32.00001,WES.AX,25.09972
1040,32.76002,32.41006,1731200,32.80001,2012-08-02,32.36998,WES.AX,25.37379
1041,32.52002,32.75003,1480300,32.78002,2012-08-01,32.42005,WES.AX,25.63995
1042,32.59999,32.58999,2912100,32.99004,2012-07-31,32.56,WES.AX,25.51466
1043,32.68006,32.55,1923100,32.69005,2012-07-30,32.18005,WES.AX,25.48335
1044,32.04,32.56,5113500,32.56,2012-07-27,32.02001,WES.AX,25.49118
1045,31.98002,32.25002,1799500,32.25002,2012-07-26,31.74001,WES.AX,25.2485
1046,32.05999,31.98002,2329500,32.08998,2012-07-25,31.74001,WES.AX,25.03711
1047,32.32999,32.22003,2268900,32.39996,2012-07-24,32.12007,WES.AX,25.22502
1048,31.78,32.09998,2117500,32.39996,2012-07-23,31.70003,WES.AX,25.13103
1049,32.49003,32.04,3707900,32.49003,2012-07-20,32.01001,WES.AX,25.08407
1050,31.88006,32.49003,3536000,32.49003,2012-07-19,31.77,WES.AX,25.4364
1051,31.33997,31.47002,2015100,31.64005,2012-07-18,31.30998,WES.AX,24.63783
1052,31.12005,31.43003,2124400,31.54999,2012-07-17,31.11005,WES.AX,24.60653
1053,31.10006,31.14004,2476700,31.24,2012-07-16,30.88004,WES.AX,24.3795
1054,30.60005,30.76998,2958800,30.95002,2012-07-13,30.52998,WES.AX,24.08978
1055,30.40002,30.47,3216000,30.55996,2012-07-12,30.33005,WES.AX,23.85492
1056,29.93,30.27997,2280800,30.40002,2012-07-11,29.93,WES.AX,23.70615
1057,30.39003,29.95,1809500,30.46,2012-07-10,29.92001,WES.AX,23.44781
1058,30.06005,30.27997,1559500,30.47,2012-07-09,30.06005,WES.AX,23.70615
1059,30.33005,30.36004,1525500,30.41002,2012-07-06,30.08005,WES.AX,23.76883
1060,30.22999,30.32005,1238100,30.45,2012-07-05,30.21999,WES.AX,23.73753
1061,29.97999,30.30006,1716200,30.37003,2012-07-04,29.96999,WES.AX,23.72188
1062,29.98998,29.83004,1529900,29.98998,2012-07-03,29.68999,WES.AX,23.3539
1063,30.10004,29.94,1874000,30.46,2012-07-02,29.90001,WES.AX,23.43998
1064,29.95,29.90001,4699800,30.05006,2012-06-29,29.47998,WES.AX,23.40868
1065,29.95,29.94,2172300,30.08005,2012-06-28,29.72998,WES.AX,23.43998
1066,29.19998,29.71998,2065900,29.84004,2012-06-27,29.18999,WES.AX,23.26773
1067,29.52006,29.19998,1838000,29.53005,2012-06-26,29.08003,WES.AX,22.86062
1068,29.41,29.52006,1888200,29.52006,2012-06-25,29.03005,WES.AX,23.11121
1069,29.85003,29.49997,1759700,29.85003,2012-06-22,29.16999,WES.AX,23.09548
1070,29.70999,29.60003,5275800,29.79006,2012-06-21,29.49997,WES.AX,23.17382
1071,29.90001,29.52006,3478400,29.90001,2012-06-20,29.36002,WES.AX,23.11121
1072,29.11002,29.68999,1816800,29.73998,2012-06-19,29.11002,WES.AX,23.24425
1073,29.46998,29.46998,1646700,29.55005,2012-06-18,29.29005,WES.AX,23.072
1074,28.86001,29.00006,1822600,29.22997,2012-06-15,28.86001,WES.AX,22.7041
1075,29.00006,28.96997,1548700,29.16,2012-06-14,28.78004,WES.AX,22.68055
1076,29.02005,28.95997,1848500,29.16999,2012-06-13,28.87001,WES.AX,22.67272
1077,29.30004,29.06003,2083500,29.30004,2012-06-12,28.96997,WES.AX,22.75106
1078,28.99006,28.99006,000,28.99006,2012-06-11,28.99006,WES.AX,22.69628
1079,29.42,28.99006,2969000,29.55005,2012-06-08,28.72996,WES.AX,22.69628
1080,29.35002,29.57004,2370100,29.64001,2012-06-07,29.25006,WES.AX,23.15034
1081,29.18999,29.11002,2184600,29.30004,2012-06-06,28.91999,WES.AX,22.79019
1082,28.81003,28.90999,2002600,29.16,2012-06-05,28.77004,WES.AX,22.63359
1083,28.50005,28.63,3445700,28.89,2012-06-04,28.42997,WES.AX,22.41439
1084,29.08003,29.10002,2076000,29.19998,2012-06-01,28.75005,WES.AX,22.78236
1085,28.90,29.19998,3826800,29.38001,2012-05-31,28.78004,WES.AX,22.86062
1086,28.80003,28.94998,2490600,28.94998,2012-05-30,28.62,WES.AX,22.6649
1087,28.65999,29.01005,3215000,29.18999,2012-05-29,28.62,WES.AX,22.71193
1088,28.93998,28.65999,3129200,29.00006,2012-05-28,28.58002,WES.AX,22.43786
1089,29.56004,29.00006,3933400,29.65001,2012-05-25,28.94998,WES.AX,22.7041
1090,29.60003,29.66001,1554100,29.85003,2012-05-24,29.55005,WES.AX,23.22078
1091,29.90001,29.71998,2524400,29.99998,2012-05-23,29.61002,WES.AX,23.26773
1092,29.70999,30.05006,2708100,30.19001,2012-05-22,29.62002,WES.AX,23.52615
1093,29.63002,29.69999,2640600,29.83004,2012-05-21,29.47998,WES.AX,23.25208
1094,29.98998,29.55005,4136600,30.11003,2012-05-18,29.33003,WES.AX,23.13469
1095,30.55996,30.19001,2371100,30.60005,2012-05-17,30.05006,WES.AX,23.63571
1096,30.93002,30.37003,3710300,30.99,2012-05-16,30.30006,WES.AX,23.77666
1097,30.79997,30.84006,2453400,31.08996,2012-05-15,30.66002,WES.AX,24.14464
1098,30.87004,30.84006,4087400,30.90003,2012-05-14,30.64003,WES.AX,24.14464
1099,30.61004,30.77998,2944600,30.87004,2012-05-11,30.52998,WES.AX,24.0976
1100,30.11003,30.55996,3096900,30.58005,2012-05-10,30.11003,WES.AX,23.92535
1101,30.15002,30.15002,2934300,30.22999,2012-05-09,30.02007,WES.AX,23.60441
1102,30.24998,30.24998,2779600,30.30006,2012-05-08,29.96999,WES.AX,23.68267
1103,29.99998,30.16002,2452400,30.40002,2012-05-07,29.99998,WES.AX,23.61223
1104,30.60005,30.60005,2273800,30.92003,2012-05-04,30.50998,WES.AX,23.95673
1105,30.72,30.57006,1957800,30.74999,2012-05-03,30.57006,WES.AX,23.93326
1106,30.77998,30.74,1229400,30.79997,2012-05-02,30.61499,WES.AX,24.0663
1107,30.44001,30.69001,3066400,30.78998,2012-05-01,30.40002,WES.AX,24.02717
1108,30.35004,30.27997,1829500,30.43001,2012-04-30,30.22999,WES.AX,23.70615
1109,30.10004,30.16002,3765400,30.27997,2012-04-27,30.04006,WES.AX,23.61223
1110,30.14002,30.08005,2922600,30.18001,2012-04-26,29.95999,WES.AX,23.54963
1111,29.88002,29.88002,000,29.88002,2012-04-25,29.88002,WES.AX,23.39303
1112,29.53005,29.88002,3478600,29.97999,2012-04-24,29.53005,WES.AX,23.39303
1113,29.60003,29.34003,1419400,29.60003,2012-04-23,29.19998,WES.AX,22.97027
1114,29.43999,29.46998,2033100,29.57004,2012-04-20,29.37002,WES.AX,23.072
1115,29.18999,29.35002,2773800,29.49997,2012-04-19,29.09002,WES.AX,22.97809
1116,29.53005,29.12001,3382400,29.53005,2012-04-18,29.08003,WES.AX,22.79802
1117,29.28005,28.99006,2613800,29.34003,2012-04-17,28.92999,WES.AX,22.69628
1118,29.16999,29.16999,2083200,29.39001,2012-04-16,29.08003,WES.AX,22.83715
1119,29.47998,29.50996,1843100,29.67,2012-04-13,29.45998,WES.AX,23.10331
1120,29.10002,29.26006,2485600,29.33003,2012-04-12,29.10002,WES.AX,22.90766
1121,29.44999,29.21998,2394400,29.69999,2012-04-11,29.13001,WES.AX,22.87628
1122,29.50996,29.56004,1632900,29.66001,2012-04-10,29.42,WES.AX,23.14252
1123,29.94,29.94,000,29.94,2012-04-09,29.94,WES.AX,23.43998
1124,29.94,29.94,000,29.94,2012-04-06,29.94,WES.AX,23.43998
1125,30.00997,29.94,2042000,30.04006,2012-04-05,29.42999,WES.AX,23.43998
1126,29.97999,30.00997,2000400,30.07005,2012-04-04,29.81005,WES.AX,23.49477
1127,29.99998,29.98998,2389500,30.14002,2012-04-03,29.80005,WES.AX,23.47911
1128,30.21,29.91001,2367900,30.22999,2012-04-02,29.81005,WES.AX,23.41651
1129,29.85003,30.02007,5765100,30.21,2012-03-30,29.79006,WES.AX,23.50267
1130,29.65001,29.72998,3167700,29.92001,2012-03-29,29.49997,WES.AX,23.27556
1131,28.98006,29.49997,2980300,29.54005,2012-03-28,28.92999,WES.AX,23.09548
1132,29.04004,29.01005,2466700,29.07003,2012-03-27,28.88,WES.AX,22.71193
1133,29.04004,28.76005,2008400,29.05004,2012-03-26,28.65999,WES.AX,22.5162
1134,28.52004,28.84002,1588800,28.95997,2012-03-23,28.52004,WES.AX,22.57881
1135,28.60001,28.69997,2472900,28.99501,2012-03-22,28.53003,WES.AX,22.46917
1136,28.89,28.60001,3119900,28.90,2012-03-21,28.52004,WES.AX,22.39091
1137,29.07003,28.91999,2141600,29.11002,2012-03-20,28.82003,WES.AX,22.64142
1138,29.39001,29.28005,3783800,29.42999,2012-03-19,29.10002,WES.AX,22.92331
1139,29.00006,29.07003,3542500,29.10002,2012-03-16,28.85001,WES.AX,22.75889
1140,29.05004,28.86001,4207700,29.09002,2012-03-15,28.66998,WES.AX,22.59446
1141,29.16,29.00006,3297400,29.16,2012-03-14,28.89,WES.AX,22.7041
1142,28.34001,28.79004,3951600,29.00006,2012-03-13,28.34001,WES.AX,22.53968
1143,28.41998,28.28003,3500900,28.51004,2012-03-12,28.25004,WES.AX,22.1404
1144,28.62,28.52004,4800800,28.64999,2012-03-09,28.34001,WES.AX,22.3283
1145,28.52004,28.64999,3772600,28.64999,2012-03-08,28.37,WES.AX,22.43004
1146,28.81003,28.58002,3973200,28.85001,2012-03-07,28.54003,WES.AX,22.37525
1147,29.43999,29.13001,3867300,29.47998,2012-03-06,29.13001,WES.AX,22.80584
1148,29.25006,29.45998,2171900,29.47998,2012-03-05,29.23997,WES.AX,23.06418
1149,29.25006,29.30004,2216500,29.41,2012-03-02,29.18999,WES.AX,22.93896
1150,28.91999,29.25006,3070200,29.43999,2012-03-01,28.86001,WES.AX,22.89983
1151,28.92999,29.10002,4186000,29.27005,2012-02-29,28.88,WES.AX,22.78236
1152,29.16,28.80003,3136100,29.28005,2012-02-28,28.80003,WES.AX,22.5475
1153,29.34003,29.12001,3144900,29.55005,2012-02-27,29.12001,WES.AX,22.79802
1154,29.12001,29.22997,4239400,29.32004,2012-02-24,29.08003,WES.AX,22.8841
1155,29.15,29.11002,3217600,29.19998,2012-02-23,28.95997,WES.AX,22.79019
1156,29.49997,29.22997,4375100,29.55005,2012-02-22,29.18999,WES.AX,22.8841
1157,29.30004,29.65001,4025800,29.68,2012-02-21,29.19998,WES.AX,23.21295
1158,29.95,29.85003,2715100,29.98998,2012-02-20,29.64001,WES.AX,22.60973
1159,29.25006,29.43999,2248500,29.50501,2012-02-17,29.18999,WES.AX,22.29915
1160,29.88002,29.09002,4621800,29.88002,2012-02-16,29.00006,WES.AX,22.03407
1161,29.50996,29.85003,3417200,29.86003,2012-02-15,29.42999,WES.AX,22.60973
1162,29.57004,29.55005,2132600,29.88002,2012-02-14,29.42,WES.AX,22.38251
1163,29.68999,29.68999,1778900,29.68999,2012-02-13,29.36002,WES.AX,22.48851
1164,29.61002,29.35002,2596900,29.70999,2012-02-10,29.35002,WES.AX,22.231
1165,29.69999,29.74997,2111000,29.74997,2012-02-09,29.49997,WES.AX,22.53394
1166,29.68999,29.72998,2531600,29.74997,2012-02-08,29.42999,WES.AX,22.5188
1167,29.73998,29.54005,2179800,29.85003,2012-02-07,29.50996,WES.AX,22.37494
1168,29.80005,29.45998,2496300,29.88002,2012-02-06,29.34003,WES.AX,22.31429
1169,29.87003,29.46998,3791100,30.03006,2012-02-03,29.39001,WES.AX,22.32186
1170,29.65001,29.90001,2607100,30.10004,2012-02-02,29.42999,WES.AX,22.64759
1171,30.24998,29.70999,2877300,30.25998,2012-02-01,29.68,WES.AX,22.50366
1172,30.26998,30.30006,2817300,30.39003,2012-01-31,30.17001,WES.AX,22.95061
1173,30.17001,30.17001,3290000,30.24998,2012-01-30,29.95,WES.AX,22.8521
1174,30.66002,30.33005,2005500,30.69001,2012-01-27,30.17001,WES.AX,22.97332
1175,30.38003,30.38003,000,30.38003,2012-01-26,30.38003,WES.AX,23.01118
1176,30.27997,30.38003,3182000,30.60005,2012-01-25,30.18001,WES.AX,23.01118
1177,30.38003,30.25998,1527000,30.44001,2012-01-24,30.16002,WES.AX,22.92025
1178,30.39003,30.26998,1241400,30.54997,2012-01-23,30.26998,WES.AX,22.92782
1179,30.70001,30.23999,2005100,30.70001,2012-01-20,30.02007,WES.AX,22.9051
1180,30.74999,30.37003,2068400,30.75999,2012-01-19,30.37003,WES.AX,23.00361
1181,30.54997,30.47999,2844600,30.70001,2012-01-18,30.27997,WES.AX,23.08689
1182,30.30006,30.54997,2350600,30.54997,2012-01-17,30.21,WES.AX,23.1399
1183,30.15002,29.99998,1295300,30.21999,2012-01-16,29.91001,WES.AX,22.72331
1184,30.54997,30.40002,2299900,30.65003,2012-01-13,30.19001,WES.AX,23.02632
1185,30.67002,30.48999,1669900,30.72,2012-01-12,30.42002,WES.AX,23.09447
1186,30.64003,30.78998,2173700,30.84006,2012-01-11,30.58005,WES.AX,23.32169
1187,30.60005,30.64003,3053100,30.91003,2012-01-10,30.48999,WES.AX,23.20811
1188,30.54997,30.40002,1752900,30.54997,2012-01-09,30.06005,WES.AX,23.02632
1189,30.38003,30.37003,2532200,30.47999,2012-01-06,30.15002,WES.AX,23.00361
1190,30.26998,30.53997,2034200,30.57006,2012-01-05,30.13003,WES.AX,23.13232
1191,30.00997,30.74999,2793600,30.84006,2012-01-04,30.00997,WES.AX,23.2914
1192,29.68,29.76007,1360400,29.95999,2012-01-03,29.49997,WES.AX,22.54159
1193,29.49997,29.49997,000,29.49997,2012-01-02,29.49997,WES.AX,22.34458
1194,29.96999,29.49997,854200,29.97999,2011-12-30,29.48997,WES.AX,22.34458
1195,29.83004,29.76997,1256700,29.87003,2011-12-29,29.49997,WES.AX,22.54909
1196,30.20,30.02007,1302700,30.34005,2011-12-28,29.83004,WES.AX,22.73853
1197,30.06005,30.06005,000,30.06005,2011-12-27,30.06005,WES.AX,22.76881
1198,30.06005,30.06005,000,30.06005,2011-12-26,30.06005,WES.AX,22.76881
1199,30.11003,30.29007,4631100,30.38003,2011-12-23,30.08005,WES.AX,22.94303
1200,30.32005,30.06005,3280000,30.32005,2011-12-22,29.93,WES.AX,22.76881
1201,29.99998,30.35004,4100400,30.41002,2011-12-21,29.95,WES.AX,22.98846
1202,29.69999,29.69999,2802200,29.94,2011-12-20,29.52006,WES.AX,22.49609
1203,30.10004,29.70999,3903200,30.19001,2011-12-19,29.60003,WES.AX,22.50366
1204,30.98,30.49999,3757300,31.20002,2011-12-16,30.49999,WES.AX,23.10204
1205,30.35004,30.76998,5848800,30.96001,2011-12-15,30.27997,WES.AX,23.30655
1206,30.72,30.79997,2935400,31.00,2011-12-14,30.70001,WES.AX,23.32926
1207,30.54997,30.73,3462000,30.91003,2011-12-13,30.49999,WES.AX,23.27626
1208,31.30998,30.90003,4010700,31.39005,2011-12-12,30.67002,WES.AX,23.40505
1209,31.70003,31.48001,2447900,31.81999,2011-12-09,31.31997,WES.AX,23.84435
1210,32.08998,31.91005,2220200,32.15006,2011-12-08,31.83998,WES.AX,24.17008
1211,32.39996,32.00001,2651600,32.49003,2011-12-07,31.93004,WES.AX,24.23822
1212,32.58999,32.20004,2290300,32.71004,2011-12-06,32.07999,WES.AX,24.38973
1213,32.69005,32.59999,2930900,32.83,2011-12-05,32.45004,WES.AX,24.69267
1214,31.98002,32.41006,2902200,32.45004,2011-12-02,31.79999,WES.AX,24.54881
1215,31.78999,31.74001,4315900,31.92005,2011-12-01,31.29998,WES.AX,24.04129
1216,30.70001,30.48999,8503400,30.89004,2011-11-30,30.30006,WES.AX,23.09447
1217,30.69001,30.71001,3702200,31.15004,2011-11-29,30.50998,WES.AX,23.26112
1218,30.90003,30.68002,2715000,31.18003,2011-11-28,30.68002,WES.AX,23.2384
1219,31.14004,30.66002,2849100,31.18003,2011-11-25,30.57006,WES.AX,23.22326
1220,31.38005,31.36006,3250800,31.79999,2011-11-24,31.26999,WES.AX,23.75349
1221,31.55998,31.53999,2502500,31.75001,2011-11-23,31.44003,WES.AX,23.88978
1222,31.78999,31.90005,3000800,32.15006,2011-11-22,31.55998,WES.AX,24.16251
1223,32.00001,32.12007,2332500,32.43005,2011-11-21,31.93004,WES.AX,24.32916
1224,32.01001,32.08998,2442400,32.30,2011-11-18,31.95003,WES.AX,24.30637
1225,32.49003,32.35998,3604600,32.57,2011-11-17,32.00001,WES.AX,24.51088
1226,32.82,32.31999,2671100,32.84999,2011-11-16,32.30,WES.AX,24.48059
1227,32.70005,32.82,2495900,32.88998,2011-11-15,32.60998,WES.AX,24.85932
1228,33.14998,32.99004,2328400,33.37999,2011-11-14,32.77002,WES.AX,24.98811
1229,32.87998,33.00004,2049100,33.00004,2011-11-11,32.32999,WES.AX,24.99569
1230,31.84997,32.75003,3357500,32.81001,2011-11-10,31.80999,WES.AX,24.80632
1231,32.75003,32.75003,2252400,32.99004,2011-11-09,32.59999,WES.AX,24.80632
1232,32.45004,32.31999,1140100,32.45004,2011-11-08,32.13007,WES.AX,24.48059
1233,32.15006,32.39996,1417700,32.50002,2011-11-07,32.07999,WES.AX,24.54116
1234,32.08998,32.03001,1837200,32.12007,2011-11-04,31.78999,WES.AX,24.26094
1235,31.70003,31.40004,2414700,31.83998,2011-11-03,31.19002,WES.AX,23.78378
1236,31.55998,31.88006,3017900,32.28001,2011-11-02,31.51,WES.AX,24.14736
1237,32.00001,32.19004,1862700,32.39006,2011-11-01,32.00001,WES.AX,24.38216
1238,32.52002,32.46004,2279900,32.79002,2011-10-31,32.09998,WES.AX,24.58667
1239,32.78002,32.69005,5834000,32.87998,2011-10-28,32.43005,WES.AX,24.76089
1240,32.50002,32.68006,2562300,32.80001,2011-10-27,32.28001,WES.AX,24.75332
1241,31.42003,31.90005,2508700,32.21003,2011-10-26,31.41004,WES.AX,24.16251
1242,31.54999,31.73002,2517000,31.92005,2011-10-25,31.36006,WES.AX,24.03372
1243,31.24,31.86997,3752500,32.20004,2011-10-24,31.22001,WES.AX,24.13972
1244,31.75001,31.00,3882800,31.75001,2011-10-21,30.74,WES.AX,23.48077
1245,32.18005,31.53999,3210300,32.25002,2011-10-20,31.42003,WES.AX,23.88978
1246,32.05,32.18005,3251900,32.32999,2011-10-19,31.77,WES.AX,24.37459
1247,31.69003,32.00001,2663200,32.06999,2011-10-18,31.58997,WES.AX,24.23822
1248,32.00001,31.94004,1720300,32.03001,2011-10-17,31.73002,WES.AX,24.1928
1249,31.54999,31.64005,2042700,31.84997,2011-10-14,31.43003,WES.AX,23.96557
1250,31.86997,31.78999,2761500,31.89005,2011-10-13,31.37005,WES.AX,24.07915
1251,31.84997,31.61006,2232500,31.99002,2011-10-12,31.57997,WES.AX,23.94286
1252,31.50001,31.75001,2226900,31.86997,2011-10-11,31.24,WES.AX,24.04886
1253,31.39005,31.58997,1880800,31.74001,2011-10-10,31.32997,WES.AX,23.92764
1254,31.00,31.31997,3253700,31.51,2011-10-07,30.74,WES.AX,23.72313
1255,30.35004,30.74,2852300,30.74,2011-10-06,30.07005,WES.AX,23.28383
1256,30.19001,30.00997,4069800,30.32005,2011-10-05,29.87003,WES.AX,22.73088
1257,30.41002,30.04006,4653300,30.55996,2011-10-04,29.95,WES.AX,22.75367
1258,31.02999,30.80997,2063200,31.28999,2011-10-03,30.74999,WES.AX,23.33683
1259,31.50001,31.58997,7280900,31.93004,2011-09-30,31.46002,WES.AX,23.92764
1260,31.64005,31.66004,2520000,31.77,2011-09-29,31.42003,WES.AX,23.98072
1261,31.54999,31.88006,3964900,31.99002,2011-09-28,31.47002,WES.AX,24.14736
1262,31.04998,31.54999,5362800,31.73002,2011-09-27,30.88004,WES.AX,23.89735
1263,30.34005,30.47,3525200,30.65003,2011-09-26,30.09004,WES.AX,23.07932
1264,29.74997,29.85003,3196200,30.09004,2011-09-23,29.65001,WES.AX,22.60973
1265,30.11003,30.17001,2393000,30.49999,2011-09-22,30.11003,WES.AX,22.8521
1266,30.80997,30.66002,3049500,31.01999,2011-09-21,30.45,WES.AX,23.22326
1267,30.49999,30.62004,3584200,30.91003,2011-09-20,30.22999,WES.AX,23.19297
1268,30.49999,30.46,2284000,30.58005,2011-09-19,30.12003,WES.AX,23.07175
1269,30.87004,30.73,2612600,31.00,2011-09-16,30.50998,WES.AX,23.27626
1270,30.81997,30.58005,5185900,30.83006,2011-09-15,30.08005,WES.AX,23.16268
1271,30.41002,30.11003,4131100,30.77998,2011-09-14,29.92001,WES.AX,22.80667
1272,30.33005,30.49999,3918700,30.58005,2011-09-13,29.98998,WES.AX,23.10204
1273,30.20,30.17001,2839200,30.38003,2011-09-12,30.00997,WES.AX,22.8521
1274,30.55996,30.85005,3303200,31.17003,2011-09-09,30.55996,WES.AX,23.36719
1275,30.71001,30.50998,4021300,30.71001,2011-09-08,30.23999,WES.AX,23.10961
1276,30.16002,30.57006,4508900,30.57006,2011-09-07,29.93,WES.AX,23.15511
1277,29.20998,29.65001,3610600,29.90001,2011-09-06,29.20998,WES.AX,22.45823
1278,29.85003,29.67,2947700,29.98998,2011-09-05,29.67,WES.AX,22.47337
1279,30.49999,30.27997,3306200,30.67002,2011-09-02,30.13003,WES.AX,22.93539
1280,30.96001,30.67002,3656100,31.45002,2011-09-01,30.63004,WES.AX,23.23083
1281,30.47,30.74999,3146200,30.79997,2011-08-31,30.38003,WES.AX,23.2914
1282,30.57006,30.49999,2882300,30.89004,2011-08-30,30.35004,WES.AX,23.10204
1283,30.83006,30.66002,2933900,30.89004,2011-08-29,30.48999,WES.AX,23.22326
1284,29.96999,30.22999,5238800,30.39003,2011-08-26,29.84004,WES.AX,22.89753
1285,30.20,29.99998,4986200,30.47,2011-08-25,29.94,WES.AX,22.72331
1286,29.69999,29.50996,5580800,30.05006,2011-08-24,29.38001,WES.AX,22.35215
1287,29.00006,29.43999,5753200,29.53005,2011-08-23,28.94998,WES.AX,22.29915
1288,29.99998,29.64001,4212800,30.35004,2011-08-22,29.56004,WES.AX,21.55802
1289,29.81005,29.83004,6218900,30.19001,2011-08-19,29.53005,WES.AX,21.69623
1290,30.65003,30.41002,5649600,31.28999,2011-08-18,30.21999,WES.AX,22.11807
1291,29.90001,30.30006,3714100,30.64003,2011-08-17,29.63002,WES.AX,22.03809
1292,29.80005,29.62002,2971000,29.94,2011-08-16,29.62002,WES.AX,21.54348
1293,29.11002,29.66001,2164300,29.66001,2011-08-15,28.94998,WES.AX,21.57256
1294,28.30002,28.75005,3194200,28.99006,2011-08-12,28.26004,WES.AX,20.91072
1295,28.14998,28.25004,4231100,28.45996,2011-08-11,28.00004,WES.AX,20.54705
1296,27.84,28.55003,4399100,28.77004,2011-08-10,27.83,WES.AX,20.76524
1297,26.45003,27.83,6803100,28.03003,2011-08-09,26.03999,WES.AX,20.24155
1298,27.60999,27.75003,5737500,27.99004,2011-08-08,27.40007,WES.AX,20.18338
1299,28.25004,28.00004,4887400,28.38999,2011-08-05,27.81001,WES.AX,20.36522
1300,28.95997,28.79004,3675900,29.44999,2011-08-04,28.72996,WES.AX,20.93981
1301,29.00006,28.93998,3259000,29.33003,2011-08-03,28.90,WES.AX,21.04887
1302,29.69999,29.44999,2797100,29.69999,2011-08-02,29.39001,WES.AX,21.41981
1303,29.41,29.90001,2341600,30.07005,2011-08-01,29.41,WES.AX,21.74712
1304,29.22997,29.32004,5878200,29.40,2011-07-29,29.10002,WES.AX,21.32529
