,High,Low,Close,Symbol,Adj_Close,Date,Open,Volume
0,1695.00,1601.00,1681.00,PSN.L,1681.00,2016-07-27,1602.00,1741800
1,1635.00,1573.55,1588.00,PSN.L,1588.00,2016-07-26,1635.00,1563700
2,1635.00,1590.00,1628.00,PSN.L,1628.00,2016-07-25,1598.00,1218300
3,1630.00,1584.00,1598.00,PSN.L,1598.00,2016-07-22,1623.00,1536100
4,1658.00,1614.05,1633.00,PSN.L,1633.00,2016-07-21,1649.00,1470600
5,1659.00,1601.00,1650.00,PSN.L,1650.00,2016-07-20,1617.00,2175100
6,1622.00,1580.56,1611.00,PSN.L,1611.00,2016-07-19,1600.00,1639700
7,1618.00,1560.00,1605.00,PSN.L,1605.00,2016-07-18,1578.00,1704600
8,1588.00,1536.00,1571.00,PSN.L,1571.00,2016-07-15,1552.00,2266000
9,1595.00,1530.00,1549.00,PSN.L,1549.00,2016-07-14,1568.00,2597800
10,1566.00,1490.17,1553.00,PSN.L,1553.00,2016-07-13,1537.00,2508800
11,1602.00,1514.72,1548.00,PSN.L,1548.00,2016-07-12,1548.00,3552200
12,1531.00,1430.80,1521.00,PSN.L,1521.00,2016-07-11,1432.00,4401800
13,1429.00,1328.00,1420.00,PSN.L,1420.00,2016-07-08,1334.00,4846800
14,1397.00,1300.00,1337.00,PSN.L,1337.00,2016-07-07,1311.00,4446900
15,1340.06,1282.00,1289.00,PSN.L,1289.00,2016-07-06,1329.00,4637100
16,1459.06,1326.00,1332.00,PSN.L,1332.00,2016-07-05,1458.00,3674800
17,1559.58,1435.00,1435.00,PSN.L,1435.00,2016-07-04,1550.00,2791700
18,1546.00,1433.00,1540.00,PSN.L,1540.00,2016-07-01,1455.00,2507000
19,1447.00,1383.00,1447.00,PSN.L,1447.00,2016-06-30,1441.00,3299800
20,1444.00,1348.00,1444.00,PSN.L,1444.00,2016-06-29,1365.00,3903600
21,1423.00,1306.27,1344.00,PSN.L,1344.00,2016-06-28,1360.00,5483900
22,1520.00,1170.00,1310.00,PSN.L,1310.00,2016-06-27,1494.00,8173100
23,1783.00,1249.81,1520.00,PSN.L,1520.00,2016-06-24,1250.00,7396100
24,2128.00,2068.00,2098.00,PSN.L,2098.00,2016-06-23,2091.00,1166600
25,2094.85,2052.00,2086.00,PSN.L,2086.00,2016-06-22,2061.00,1548500
26,2081.00,2017.56,2046.00,PSN.L,2046.00,2016-06-21,2049.00,990700
27,2058.00,1980.00,2056.00,PSN.L,2056.00,2016-06-20,1980.00,1374400
28,1945.00,1872.00,1942.00,PSN.L,1942.00,2016-06-17,1875.00,1939600
29,1916.00,1868.00,1868.00,PSN.L,1868.00,2016-06-16,1882.00,1067700
30,1923.00,1892.00,1904.00,PSN.L,1904.00,2016-06-15,1907.00,1593500
31,1955.00,1889.00,1889.00,PSN.L,1889.00,2016-06-14,1938.00,1143900
32,1971.00,1930.62,1939.00,PSN.L,1939.00,2016-06-13,1964.00,801400
33,2023.00,1971.00,1976.00,PSN.L,1976.00,2016-06-10,2015.00,645100
34,2026.00,1929.00,2019.00,PSN.L,2019.00,2016-06-09,2011.00,815900
35,2028.00,1994.06,2024.00,PSN.L,2024.00,2016-06-08,1998.00,961000
36,2041.00,1999.00,2011.00,PSN.L,2011.00,2016-06-07,2027.00,1359700
37,2060.00,2009.00,2027.00,PSN.L,2027.00,2016-06-06,2054.00,907200
38,2083.00,2040.00,2057.00,PSN.L,2057.00,2016-06-03,2076.00,699200
39,2080.37,2022.00,2072.00,PSN.L,2072.00,2016-06-02,2035.00,911200
40,2098.00,2034.00,2038.00,PSN.L,2038.00,2016-06-01,2094.00,1239000
41,2128.00,2095.00,2102.00,PSN.L,2102.00,2016-05-31,2116.00,1227300
42,2112.00,2112.00,2112.00,PSN.L,2112.00,2016-05-30,2112.00,000
43,2127.00,2097.00,2112.00,PSN.L,2112.00,2016-05-27,2121.00,656500
44,2125.00,2100.00,2121.00,PSN.L,2121.00,2016-05-26,2104.00,667200
45,2166.00,2089.00,2113.00,PSN.L,2113.00,2016-05-25,2160.00,1131600
46,2151.00,2066.00,2144.00,PSN.L,2144.00,2016-05-24,2079.00,1101000
47,2106.00,2083.00,2084.00,PSN.L,2084.00,2016-05-23,2094.00,1870700
48,2103.00,2018.00,2090.00,PSN.L,2090.00,2016-05-20,2029.00,927900
49,2042.00,2010.00,2027.00,PSN.L,2027.00,2016-05-19,2011.00,971200
50,2055.00,1999.00,2030.00,PSN.L,2030.00,2016-05-18,2012.00,1194900
51,2038.00,1983.00,2010.00,PSN.L,2010.00,2016-05-17,1983.00,1193600
52,1980.00,1946.00,1980.00,PSN.L,1980.00,2016-05-16,1946.00,532200
53,1964.00,1920.00,1961.00,PSN.L,1961.00,2016-05-13,1949.00,679800
54,1973.00,1933.00,1951.00,PSN.L,1951.00,2016-05-12,1951.00,648700
55,1989.00,1949.27,1957.00,PSN.L,1957.00,2016-05-11,1957.00,673000
56,1997.00,1952.00,1963.00,PSN.L,1963.00,2016-05-10,1982.00,834600
57,1984.00,1959.00,1969.00,PSN.L,1969.00,2016-05-09,1965.00,513300
58,1961.00,1936.00,1951.00,PSN.L,1951.00,2016-05-06,1952.00,781500
59,1981.00,1947.00,1950.00,PSN.L,1950.00,2016-05-05,1971.00,422300
60,1998.00,1964.00,1969.00,PSN.L,1969.00,2016-05-04,1982.00,767000
61,2000.00,1967.00,1976.00,PSN.L,1976.00,2016-05-03,1989.00,831600
62,2004.00,1974.00,1987.00,PSN.L,1987.00,2016-04-29,1983.00,1033800
63,2010.00,1977.00,1999.00,PSN.L,1999.00,2016-04-28,1999.00,864400
64,2002.00,1945.00,2000.00,PSN.L,2000.00,2016-04-27,1972.00,1260600
65,1975.00,1919.59,1969.00,PSN.L,1969.00,2016-04-26,1928.00,1470900
66,1925.00,1894.00,1919.00,PSN.L,1919.00,2016-04-25,1896.00,1026400
67,1931.00,1882.00,1892.00,PSN.L,1892.00,2016-04-22,1897.00,1316300
68,1882.00,1833.00,1882.00,PSN.L,1882.00,2016-04-21,1861.00,1396500
69,1880.00,1844.00,1865.00,PSN.L,1865.00,2016-04-20,1858.00,1505800
70,1877.00,1847.00,1859.00,PSN.L,1859.00,2016-04-19,1874.00,1814000
71,1899.80,1860.00,1868.00,PSN.L,1868.00,2016-04-18,1861.00,839500
72,1908.00,1857.00,1870.00,PSN.L,1870.00,2016-04-15,1908.00,1438200
73,2025.00,1881.00,1900.00,PSN.L,1900.00,2016-04-14,2021.00,2755400
74,2029.00,1985.00,2021.00,PSN.L,2021.00,2016-04-13,1993.00,1363600
75,1995.00,1938.00,1960.00,PSN.L,1960.00,2016-04-12,1989.00,1724100
76,2063.00,1994.00,1995.00,PSN.L,1995.00,2016-04-11,2056.00,874000
77,2094.00,2057.00,2064.00,PSN.L,2064.00,2016-04-08,2073.00,785300
78,2144.00,2062.00,2072.00,PSN.L,2072.00,2016-04-07,2130.00,969900
79,2140.00,2096.00,2134.00,PSN.L,2134.00,2016-04-06,2128.00,1122300
80,2141.00,2091.00,2123.00,PSN.L,2123.00,2016-04-05,2102.00,883200
81,2123.00,2091.30,2107.00,PSN.L,2107.00,2016-04-04,2106.00,558000
82,2123.00,2056.00,2108.00,PSN.L,2108.00,2016-04-01,2068.00,1023000
83,2105.00,2077.00,2085.00,PSN.L,2085.00,2016-03-31,2098.00,1263800
84,2134.00,2065.00,2102.00,PSN.L,2102.00,2016-03-30,2123.00,1088500
85,2105.00,2066.00,2105.00,PSN.L,2105.00,2016-03-29,2088.00,891100
86,2077.00,2077.00,2077.00,PSN.L,2077.00,2016-03-28,2077.00,000
87,2111.00,2073.00,2077.00,PSN.L,2077.00,2016-03-24,2091.00,924300
88,2107.00,2076.00,2107.00,PSN.L,2107.00,2016-03-23,2076.00,860200
89,2086.05,2049.00,2076.00,PSN.L,2076.00,2016-03-22,2076.00,1096400
90,2096.00,2067.00,2079.00,PSN.L,2079.00,2016-03-21,2073.00,592900
91,2119.00,2071.00,2087.00,PSN.L,2087.00,2016-03-18,2104.00,1610200
92,2145.00,2079.00,2113.00,PSN.L,2113.00,2016-03-17,2098.00,1417600
93,2092.00,2031.00,2074.00,PSN.L,2074.00,2016-03-16,2035.00,807500
94,2039.00,2011.00,2026.00,PSN.L,2026.00,2016-03-15,2029.00,750700
95,2047.00,1994.00,2034.00,PSN.L,2034.00,2016-03-14,1994.00,819100
96,1995.00,1965.00,1990.00,PSN.L,1990.00,2016-03-11,1977.00,739800
97,2010.00,1952.00,1953.00,PSN.L,1953.00,2016-03-10,2002.00,2112700
98,2012.73,1963.00,1999.00,PSN.L,1999.00,2016-03-09,1968.00,979900
99,2084.07,1960.81,1968.00,PSN.L,1968.00,2016-03-08,1974.00,1066600
100,2032.00,1979.00,1994.00,PSN.L,1994.00,2016-03-07,1981.00,1158500
101,2009.00,1960.00,1992.00,PSN.L,1992.00,2016-03-04,2002.00,1322300
102,2057.00,1980.50,1998.00,PSN.L,1998.00,2016-03-03,2057.00,1473700
103,2255.00,2108.00,2144.00,PSN.L,2034.00,2016-03-02,2230.00,1916000
104,2219.00,2167.00,2214.00,PSN.L,2100.409,2016-03-01,2180.00,1396100
105,2227.00,2181.00,2184.00,PSN.L,2071.948,2016-02-29,2208.00,1942100
106,2226.00,2146.00,2219.00,PSN.L,2105.152,2016-02-26,2156.00,1552700
107,2137.00,2049.00,2137.00,PSN.L,2027.359,2016-02-25,2103.00,1921300
108,2089.00,2045.00,2075.00,PSN.L,1968.54,2016-02-24,2050.00,1562500
109,2085.00,2029.00,2029.00,PSN.L,1924.90,2016-02-23,2065.00,2296400
110,2096.44,1970.00,1973.00,PSN.L,1871.773,2016-02-22,2084.00,1706300
111,2073.00,2035.00,2062.00,PSN.L,1956.207,2016-02-19,2043.00,1330800
112,2053.00,1991.00,2045.00,PSN.L,1940.079,2016-02-18,2004.00,1804000
113,2001.00,1953.00,1998.00,PSN.L,1895.491,2016-02-17,1953.00,834100
114,1967.00,1924.00,1952.00,PSN.L,1851.851,2016-02-16,1940.00,936800
115,1948.00,1918.00,1928.00,PSN.L,1829.082,2016-02-15,1929.00,878800
116,1896.00,1844.00,1895.00,PSN.L,1797.775,2016-02-12,1879.00,1946500
117,1909.00,1852.00,1872.00,PSN.L,1775.955,2016-02-11,1909.00,1383400
118,1932.51,1857.00,1912.00,PSN.L,1813.903,2016-02-10,1897.00,1042700
119,1901.00,1837.00,1878.00,PSN.L,1781.647,2016-02-09,1855.00,1802800
120,1980.00,1848.06,1859.00,PSN.L,1763.622,2016-02-08,1979.00,1252100
121,2061.00,1965.00,1965.00,PSN.L,1864.184,2016-02-05,2036.00,1317200
122,2072.00,2031.00,2039.00,PSN.L,1934.387,2016-02-04,2063.00,958800
123,2102.00,2035.00,2042.00,PSN.L,1937.233,2016-02-03,2068.00,1768700
124,2070.00,2035.00,2067.00,PSN.L,1960.951,2016-02-02,2064.00,1215800
125,2067.00,2024.00,2067.00,PSN.L,1960.951,2016-02-01,2045.00,768700
126,2036.00,1975.00,2036.00,PSN.L,1931.541,2016-01-29,1995.00,1079700
127,2004.00,1956.00,1970.00,PSN.L,1868.927,2016-01-28,1985.00,896900
128,1998.00,1946.00,1998.00,PSN.L,1895.491,2016-01-27,1952.00,882700
129,1959.00,1924.98,1954.00,PSN.L,1853.748,2016-01-26,1935.00,777000
130,1950.00,1909.00,1948.00,PSN.L,1848.056,2016-01-25,1926.00,583200
131,1942.00,1895.04,1911.00,PSN.L,1812.954,2016-01-22,1939.00,765600
132,1918.00,1864.00,1904.00,PSN.L,1806.313,2016-01-21,1900.00,962900
133,1960.31,1883.00,1892.00,PSN.L,1794.929,2016-01-20,1930.00,1201300
134,1971.00,1879.88,1957.00,PSN.L,1856.594,2016-01-19,1909.00,1350000
135,1932.00,1869.00,1884.00,PSN.L,1787.34,2016-01-18,1914.00,762800
136,1977.00,1902.00,1917.00,PSN.L,1818.646,2016-01-15,1940.00,1277700
137,1994.00,1935.00,1940.00,PSN.L,1840.466,2016-01-14,1986.00,1161800
138,2036.00,2007.00,2009.00,PSN.L,1905.926,2016-01-13,2026.00,841100
139,2036.00,2002.80,2009.00,PSN.L,1905.926,2016-01-12,2004.00,1254800
140,2017.74,1947.00,1991.00,PSN.L,1888.85,2016-01-11,1992.00,1022100
141,1997.00,1961.00,1992.00,PSN.L,1889.799,2016-01-08,1963.00,1187700
142,1972.00,1915.00,1962.00,PSN.L,1861.338,2016-01-07,1923.00,1499200
143,2022.00,1942.00,1965.00,PSN.L,1864.184,2016-01-06,2004.00,1225100
144,2019.00,1988.14,2003.00,PSN.L,1900.234,2016-01-05,2000.00,730300
145,2009.56,1974.90,1991.00,PSN.L,1888.85,2016-01-04,2002.00,851700
146,2057.05,2025.00,2027.00,PSN.L,1923.003,2015-12-31,2045.00,204200
147,2051.50,2023.00,2038.00,PSN.L,1933.438,2015-12-30,2030.00,531100
148,2041.00,1982.00,2040.00,PSN.L,1935.336,2015-12-29,1985.00,691300
149,1973.00,1973.00,1973.00,PSN.L,1871.773,2015-12-28,1973.00,000
150,1973.00,1973.00,1973.00,PSN.L,1871.773,2015-12-25,1973.00,000
151,1996.00,1966.00,1973.00,PSN.L,1871.773,2015-12-24,1996.00,91100
152,1988.20,1951.00,1985.00,PSN.L,1883.158,2015-12-23,1984.00,459200
153,1972.00,1950.00,1969.00,PSN.L,1867.979,2015-12-22,1962.00,501600
154,1972.00,1939.20,1944.00,PSN.L,1844.261,2015-12-21,1944.00,519600
155,1955.00,1929.30,1945.00,PSN.L,1845.21,2015-12-18,1947.00,1146500
156,1992.00,1938.00,1954.00,PSN.L,1853.748,2015-12-17,1984.00,961700
157,1979.00,1942.00,1952.00,PSN.L,1851.851,2015-12-16,1970.00,2855300
158,1978.00,1911.00,1970.00,PSN.L,1868.927,2015-12-15,1922.00,954300
159,1942.90,1902.00,1903.00,PSN.L,1805.365,2015-12-14,1917.00,814500
160,1944.00,1903.90,1907.00,PSN.L,1809.16,2015-12-11,1928.00,761800
161,1947.00,1930.00,1938.00,PSN.L,1838.569,2015-12-10,1933.00,891500
162,1968.00,1943.00,1943.00,PSN.L,1843.313,2015-12-09,1949.00,1010000
163,1979.00,1941.00,1951.00,PSN.L,1850.902,2015-12-08,1971.00,803300
164,1983.00,1944.00,1971.00,PSN.L,1869.876,2015-12-07,1944.00,866500
165,1957.00,1911.80,1944.00,PSN.L,1844.261,2015-12-04,1920.00,1165900
166,1982.00,1921.00,1926.00,PSN.L,1827.185,2015-12-03,1944.00,922000
167,1943.00,1920.24,1942.00,PSN.L,1842.364,2015-12-02,1927.00,719500
168,1950.00,1917.00,1926.00,PSN.L,1827.185,2015-12-01,1925.00,1073500
169,1918.00,1855.00,1915.00,PSN.L,1816.749,2015-11-30,1877.00,1266500
170,1879.00,1846.07,1877.00,PSN.L,1780.699,2015-11-27,1850.00,486400
171,1869.00,1816.00,1865.00,PSN.L,1769.314,2015-11-26,1846.00,1637700
172,1896.00,1794.00,1836.00,PSN.L,1741.802,2015-11-25,1794.00,3059600
173,1819.12,1772.00,1782.00,PSN.L,1690.573,2015-11-24,1817.00,957500
174,1836.00,1815.00,1816.00,PSN.L,1722.828,2015-11-23,1827.00,695500
175,1867.00,1829.00,1832.00,PSN.L,1738.008,2015-11-20,1853.00,994800
176,1875.00,1826.00,1840.00,PSN.L,1745.597,2015-11-19,1874.00,1329300
177,1871.00,1843.00,1865.00,PSN.L,1769.314,2015-11-18,1860.00,779100
178,1884.00,1843.00,1865.00,PSN.L,1769.314,2015-11-17,1846.00,1013800
179,1836.00,1797.00,1826.00,PSN.L,1732.315,2015-11-16,1802.00,1390200
180,1854.00,1799.00,1806.00,PSN.L,1713.341,2015-11-13,1845.00,920800
181,1875.00,1840.00,1847.00,PSN.L,1752.238,2015-11-12,1857.00,841900
182,1883.00,1832.51,1857.00,PSN.L,1761.725,2015-11-11,1874.00,1174700
183,1892.00,1842.00,1875.00,PSN.L,1778.801,2015-11-10,1870.00,1231200
184,1882.00,1820.00,1859.00,PSN.L,1763.622,2015-11-09,1875.00,1774200
185,1921.00,1880.00,1880.00,PSN.L,1783.545,2015-11-06,1895.00,1499000
186,1925.00,1859.00,1900.00,PSN.L,1802.519,2015-11-05,1868.00,2271200
187,1949.84,1857.00,1859.00,PSN.L,1763.622,2015-11-04,1941.00,2297900
188,1961.80,1910.31,1921.00,PSN.L,1822.441,2015-11-03,1955.00,1235100
189,1988.00,1943.00,1968.00,PSN.L,1867.03,2015-11-02,1969.00,838400
190,2002.00,1966.64,1994.00,PSN.L,1891.696,2015-10-30,1989.00,726900
191,2019.00,1972.00,1984.00,PSN.L,1882.209,2015-10-29,2011.00,790400
192,2030.00,1998.00,2008.00,PSN.L,1904.978,2015-10-28,2013.00,761200
193,2039.00,2003.00,2005.00,PSN.L,1902.132,2015-10-27,2029.00,706700
194,2037.00,1982.00,2032.00,PSN.L,1927.746,2015-10-26,2020.00,849500
195,2024.00,1969.00,2024.00,PSN.L,1920.157,2015-10-23,1981.00,944400
196,1998.00,1965.00,1970.00,PSN.L,1868.927,2015-10-22,1993.00,957100
197,2007.00,1975.00,1990.00,PSN.L,1887.901,2015-10-21,1991.00,910600
198,1994.00,1958.00,1979.00,PSN.L,1877.466,2015-10-20,1969.00,776500
199,1970.00,1949.00,1970.00,PSN.L,1868.927,2015-10-19,1959.00,525500
200,1962.00,1931.00,1956.00,PSN.L,1855.646,2015-10-16,1953.00,996500
201,1958.00,1902.10,1953.00,PSN.L,1852.799,2015-10-15,1918.00,873100
202,1955.31,1901.00,1907.00,PSN.L,1809.16,2015-10-14,1953.00,798600
203,1975.00,1935.00,1968.00,PSN.L,1867.03,2015-10-13,1943.00,973300
204,1962.00,1905.30,1936.00,PSN.L,1836.672,2015-10-12,1950.00,1050600
205,2034.00,1941.00,1947.00,PSN.L,1847.107,2015-10-09,2022.00,1261900
206,2011.80,1990.00,2004.00,PSN.L,1901.183,2015-10-08,1996.00,716400
207,2086.00,1985.00,1989.00,PSN.L,1886.952,2015-10-07,2062.00,1181100
208,2074.00,2037.00,2049.00,PSN.L,1943.874,2015-10-06,2060.00,917300
209,2055.71,2025.00,2051.00,PSN.L,1945.771,2015-10-05,2033.00,851600
210,2067.00,1975.00,2003.00,PSN.L,1900.234,2015-10-02,2041.00,903500
211,2041.00,2021.00,2037.00,PSN.L,1932.49,2015-10-01,2021.00,749800
212,2043.00,1998.00,2008.00,PSN.L,1904.978,2015-09-30,2038.00,1358400
213,2085.00,1998.00,1999.00,PSN.L,1896.439,2015-09-29,2085.00,1304800
214,2133.00,2107.00,2109.00,PSN.L,2000.796,2015-09-28,2122.00,1009800
215,2131.05,2105.00,2130.00,PSN.L,2020.718,2015-09-25,2124.00,604200
216,2100.00,2073.00,2090.00,PSN.L,1982.771,2015-09-24,2075.00,767400
217,2081.00,2025.00,2074.00,PSN.L,1967.591,2015-09-23,2040.00,757200
218,2095.00,2036.36,2041.00,PSN.L,1936.285,2015-09-22,2082.00,1371000
219,2113.00,2066.00,2085.00,PSN.L,1978.027,2015-09-21,2066.00,1409800
220,2100.00,2061.45,2077.00,PSN.L,1970.438,2015-09-18,2077.00,1078400
221,2099.00,2069.00,2082.00,PSN.L,1975.181,2015-09-17,2087.00,844400
222,2106.00,2073.00,2081.00,PSN.L,1974.232,2015-09-16,2102.00,754800
223,2110.12,2072.00,2085.00,PSN.L,1978.027,2015-09-15,2106.00,699800
224,2139.00,2091.00,2100.00,PSN.L,1992.258,2015-09-14,2117.00,741500
225,2129.00,2082.00,2111.00,PSN.L,2002.693,2015-09-11,2123.00,888000
226,2135.00,2078.88,2124.00,PSN.L,2015.026,2015-09-10,2079.00,906400
227,2132.00,2092.00,2100.00,PSN.L,1992.258,2015-09-09,2126.00,966200
228,2103.80,2077.00,2083.00,PSN.L,1976.13,2015-09-08,2083.00,1167800
229,2101.00,2050.44,2074.00,PSN.L,1967.591,2015-09-07,2091.00,640900
230,2082.00,2050.00,2071.00,PSN.L,1964.745,2015-09-04,2074.00,1135300
231,2136.00,2097.00,2105.00,PSN.L,1997.001,2015-09-03,2097.00,1144600
232,2087.00,2019.00,2083.00,PSN.L,1976.13,2015-09-02,2041.00,1210200
233,2087.00,2006.00,2042.00,PSN.L,1937.233,2015-09-01,2062.00,1558700
234,2103.00,2103.00,2103.00,PSN.L,1995.104,2015-08-31,2103.00,000
235,2103.63,2043.00,2103.00,PSN.L,1995.104,2015-08-28,2060.00,1339700
236,2060.00,2026.00,2060.00,PSN.L,1954.31,2015-08-27,2047.00,1357900
237,2043.00,1989.00,2003.00,PSN.L,1900.234,2015-08-26,2036.00,2108100
238,2060.00,1968.00,2058.00,PSN.L,1952.412,2015-08-25,1984.00,1912800
239,2000.00,1921.00,1967.00,PSN.L,1866.081,2015-08-24,1975.00,1792700
240,2111.00,2042.00,2045.00,PSN.L,1940.079,2015-08-21,2085.00,1330300
241,2142.00,2104.00,2118.00,PSN.L,2009.334,2015-08-20,2117.00,1018300
242,2149.00,2070.00,2135.00,PSN.L,2025.462,2015-08-19,2085.00,1485800
243,2156.00,2065.00,2084.00,PSN.L,1977.078,2015-08-18,2129.00,1655200
244,2137.76,2080.00,2121.00,PSN.L,2012.18,2015-08-17,2126.00,837100
245,2109.00,2079.00,2105.00,PSN.L,1997.001,2015-08-14,2082.00,776700
246,2094.00,2054.00,2075.00,PSN.L,1968.54,2015-08-13,2078.00,888900
247,2073.00,2031.00,2052.00,PSN.L,1946.72,2015-08-12,2066.00,1173500
248,2106.00,2074.00,2089.00,PSN.L,1981.822,2015-08-11,2106.00,1165600
249,2114.00,2075.00,2106.00,PSN.L,1997.95,2015-08-10,2095.00,898900
250,2088.00,2043.00,2084.00,PSN.L,1977.078,2015-08-07,2082.00,956800
251,2103.00,2035.52,2089.00,PSN.L,1981.822,2015-08-06,2056.00,1200100
252,2055.00,2024.00,2054.00,PSN.L,1948.618,2015-08-05,2037.00,876900
253,2039.00,2013.00,2033.00,PSN.L,1928.695,2015-08-04,2030.00,634200
254,2048.00,2017.00,2030.00,PSN.L,1925.849,2015-08-03,2042.00,883800
255,2047.00,1991.04,2047.00,PSN.L,1941.977,2015-07-31,1998.00,1416600
256,1997.00,1961.00,1986.00,PSN.L,1884.106,2015-07-30,1981.00,865500
257,1981.00,1934.00,1974.00,PSN.L,1872.722,2015-07-29,1953.00,960100
258,1946.48,1908.00,1941.00,PSN.L,1841.415,2015-07-28,1910.00,1465700
259,1953.00,1903.50,1913.00,PSN.L,1814.852,2015-07-27,1936.00,925800
260,1987.00,1948.00,1953.00,PSN.L,1852.799,2015-07-24,1983.00,845400
261,1987.00,1966.00,1987.00,PSN.L,1885.055,2015-07-23,1977.00,1148100
262,1961.00,1923.00,1958.00,PSN.L,1857.543,2015-07-22,1936.00,1232800
263,1985.48,1944.00,1945.00,PSN.L,1845.21,2015-07-21,1982.00,886000
264,1992.94,1975.00,1984.00,PSN.L,1882.209,2015-07-20,1978.00,924300
265,2016.00,1972.00,1978.00,PSN.L,1876.517,2015-07-17,2016.00,972400
266,2015.00,1997.00,2006.00,PSN.L,1903.08,2015-07-16,2008.00,579200
267,2004.00,1965.00,2000.00,PSN.L,1897.388,2015-07-15,1978.00,832700
268,2020.00,1952.00,1983.00,PSN.L,1881.26,2015-07-14,2019.00,1010100
269,2029.00,1997.00,2014.00,PSN.L,1910.67,2015-07-13,2019.00,989200
270,1993.00,1950.00,1988.00,PSN.L,1886.004,2015-07-10,1982.00,821700
271,1985.00,1879.00,1954.00,PSN.L,1853.748,2015-07-09,1879.00,1774800
272,1977.00,1858.00,1876.00,PSN.L,1779.75,2015-07-08,1975.00,2249800
273,2015.00,1965.00,1968.00,PSN.L,1867.03,2015-07-07,2014.00,1051500
274,2026.00,1990.00,2009.00,PSN.L,1905.926,2015-07-06,2000.00,1426300
275,2032.00,2008.00,2020.00,PSN.L,1916.362,2015-07-03,2014.00,546100
276,2027.00,1988.00,2024.00,PSN.L,1920.157,2015-07-02,2017.00,1111500
277,2039.00,1984.66,2016.00,PSN.L,1912.567,2015-07-01,1994.00,1215200
278,1989.00,1939.00,1975.00,PSN.L,1873.671,2015-06-30,1961.00,1593800
279,1993.00,1910.11,1966.00,PSN.L,1865.133,2015-06-29,1918.00,1404600
280,2013.00,1978.00,1981.00,PSN.L,1879.363,2015-06-26,2000.00,1228900
281,2017.00,1981.44,2015.00,PSN.L,1911.619,2015-06-25,1990.00,1481500
282,2029.56,1987.00,1990.00,PSN.L,1887.901,2015-06-24,2027.00,1759000
283,2072.46,2030.00,2030.00,PSN.L,1925.849,2015-06-23,2066.00,961700
284,2051.00,2009.76,2051.00,PSN.L,1945.771,2015-06-22,2031.00,1171100
285,2010.00,1983.00,1998.00,PSN.L,1895.491,2015-06-19,1987.00,1208600
286,1994.00,1964.51,1991.00,PSN.L,1888.85,2015-06-18,1980.00,736500
287,1999.00,1959.00,1991.00,PSN.L,1888.85,2015-06-17,1965.00,1195500
288,1959.00,1903.44,1959.00,PSN.L,1858.492,2015-06-16,1918.00,1393800
289,1959.00,1919.00,1927.00,PSN.L,1828.133,2015-06-15,1958.00,903400
290,1977.00,1951.36,1970.00,PSN.L,1868.927,2015-06-12,1976.00,938500
291,1988.00,1946.88,1980.00,PSN.L,1878.414,2015-06-11,1960.00,892900
292,1959.00,1887.00,1955.00,PSN.L,1854.697,2015-06-10,1887.00,1411000
293,1906.56,1877.00,1895.00,PSN.L,1797.775,2015-06-09,1901.00,1068800
294,1922.00,1898.00,1898.00,PSN.L,1800.621,2015-06-08,1912.00,744500
295,1936.00,1897.00,1910.00,PSN.L,1812.006,2015-06-05,1936.00,975500
296,1975.00,1937.00,1945.00,PSN.L,1845.21,2015-06-04,1970.00,1439000
297,1982.20,1952.00,1970.00,PSN.L,1868.927,2015-06-03,1968.00,1360000
298,1991.00,1947.00,1953.00,PSN.L,1852.799,2015-06-02,1987.00,1505500
299,1987.00,1953.44,1974.00,PSN.L,1872.722,2015-06-01,1964.00,1419300
300,1988.00,1942.00,1962.00,PSN.L,1861.338,2015-05-29,1975.00,1639500
301,1995.00,1956.00,1966.00,PSN.L,1865.133,2015-05-28,1962.00,1308000
302,1963.00,1928.00,1958.00,PSN.L,1857.543,2015-05-27,1928.00,1052400
303,1961.00,1919.00,1930.00,PSN.L,1830.98,2015-05-26,1930.00,1229000
304,1936.00,1936.00,1936.00,PSN.L,1836.672,2015-05-25,1936.00,000
305,1943.00,1914.00,1936.00,PSN.L,1836.672,2015-05-22,1931.00,805600
306,1928.00,1903.00,1925.00,PSN.L,1826.236,2015-05-21,1919.00,877300
307,1929.00,1886.00,1924.00,PSN.L,1825.287,2015-05-20,1900.00,1187800
308,1915.00,1877.00,1900.00,PSN.L,1802.519,2015-05-19,1877.00,1029100
309,1876.36,1847.00,1874.00,PSN.L,1777.853,2015-05-18,1850.00,1146900
310,1874.00,1834.80,1848.00,PSN.L,1753.187,2015-05-15,1835.00,1388100
311,1830.00,1801.00,1828.00,PSN.L,1734.213,2015-05-14,1815.00,1619300
312,1832.00,1754.00,1820.00,PSN.L,1726.623,2015-05-13,1758.00,2191100
313,1761.72,1734.00,1748.00,PSN.L,1658.317,2015-05-12,1752.00,1477700
314,1783.56,1735.00,1768.00,PSN.L,1677.291,2015-05-11,1748.00,1411200
315,1900.00,1614.77,1746.00,PSN.L,1656.42,2015-05-08,1750.00,3392800
316,1658.00,1604.00,1653.00,PSN.L,1568.191,2015-05-07,1624.00,1672900
317,1663.00,1628.00,1638.00,PSN.L,1553.961,2015-05-06,1646.00,2016700
318,1718.00,1647.44,1655.00,PSN.L,1570.089,2015-05-05,1717.00,1873600
319,1691.00,1691.00,1691.00,PSN.L,1604.242,2015-05-04,1691.00,000
320,1702.00,1652.00,1691.00,PSN.L,1604.242,2015-05-01,1698.00,625200
321,1710.00,1663.92,1700.00,PSN.L,1612.78,2015-04-30,1682.00,1831500
322,1745.00,1674.00,1682.00,PSN.L,1595.703,2015-04-29,1732.00,1106100
323,1765.00,1704.85,1723.00,PSN.L,1634.60,2015-04-28,1760.00,884900
324,1764.00,1726.30,1760.00,PSN.L,1669.702,2015-04-27,1759.00,927700
325,1779.00,1745.00,1759.00,PSN.L,1668.753,2015-04-24,1765.00,1240600
326,1767.00,1720.00,1756.00,PSN.L,1665.907,2015-04-23,1752.00,2253600
327,1779.00,1735.44,1752.00,PSN.L,1662.112,2015-04-22,1765.00,1090400
328,1765.00,1725.55,1761.00,PSN.L,1670.65,2015-04-21,1733.00,1203800
329,1753.00,1695.00,1716.00,PSN.L,1627.959,2015-04-20,1742.00,2225500
330,1764.56,1721.00,1733.00,PSN.L,1644.087,2015-04-17,1737.00,1048900
331,1767.00,1719.00,1733.00,PSN.L,1644.087,2015-04-16,1767.00,1246900
332,1762.00,1742.00,1760.00,PSN.L,1669.702,2015-04-15,1759.00,786300
333,1765.00,1736.00,1749.00,PSN.L,1659.266,2015-04-14,1753.00,764700
334,1763.00,1726.00,1761.00,PSN.L,1670.65,2015-04-13,1749.00,1076200
335,1765.00,1730.00,1757.00,PSN.L,1666.855,2015-04-10,1740.00,1128700
336,1735.00,1682.32,1733.00,PSN.L,1644.087,2015-04-09,1688.00,1010200
337,1688.45,1651.20,1680.00,PSN.L,1593.806,2015-04-08,1676.00,1799200
338,1683.00,1660.83,1681.00,PSN.L,1594.755,2015-04-07,1662.00,1039900
339,1650.00,1650.00,1650.00,PSN.L,1565.345,2015-04-06,1650.00,000
340,1650.00,1650.00,1650.00,PSN.L,1565.345,2015-04-03,1650.00,000
341,1662.00,1615.00,1650.00,PSN.L,1565.345,2015-04-02,1630.00,969200
342,1681.29,1641.00,1647.00,PSN.L,1562.499,2015-04-01,1662.00,1198500
343,1696.00,1647.00,1663.00,PSN.L,1577.678,2015-03-31,1652.00,1720600
344,1696.00,1628.18,1647.00,PSN.L,1562.499,2015-03-30,1683.00,1284800
345,1728.00,1664.00,1667.00,PSN.L,1581.473,2015-03-27,1702.00,1580800
346,1699.00,1672.00,1698.00,PSN.L,1610.882,2015-03-26,1686.00,1408200
347,1732.00,1684.00,1698.00,PSN.L,1610.882,2015-03-25,1711.00,2161600
348,1726.00,1673.04,1716.00,PSN.L,1627.959,2015-03-24,1676.00,1388700
349,1699.74,1670.00,1675.00,PSN.L,1589.063,2015-03-23,1681.00,856400
350,1695.28,1663.98,1689.00,PSN.L,1602.344,2015-03-20,1679.00,1903100
351,1782.00,1754.00,1778.00,PSN.L,1686.778,2015-03-19,1764.00,1524200
352,1764.46,1736.00,1760.00,PSN.L,1669.702,2015-03-18,1740.00,1563700
353,1751.00,1722.00,1744.00,PSN.L,1654.522,2015-03-17,1739.00,786200
354,1754.00,1729.00,1743.00,PSN.L,1653.574,2015-03-16,1729.00,939400
355,1753.00,1721.00,1741.00,PSN.L,1651.676,2015-03-13,1737.00,875300
356,1749.00,1715.00,1738.00,PSN.L,1648.83,2015-03-12,1724.00,819900
357,1723.00,1691.36,1715.00,PSN.L,1627.01,2015-03-11,1702.00,1185000
358,1762.00,1702.00,1702.00,PSN.L,1614.677,2015-03-10,1734.00,1335300
359,1750.00,1717.00,1741.00,PSN.L,1651.676,2015-03-09,1741.00,1210600
360,1781.00,1747.00,1748.00,PSN.L,1658.317,2015-03-06,1757.00,913300
361,1793.00,1758.00,1764.00,PSN.L,1673.496,2015-03-05,1784.00,1076800
362,1777.00,1738.00,1776.00,PSN.L,1684.881,2015-03-04,1753.00,946200
363,1791.00,1752.00,1753.00,PSN.L,1663.061,2015-03-03,1781.00,1375600
364,1795.00,1757.00,1769.00,PSN.L,1678.24,2015-03-02,1758.00,1758500
365,1776.00,1745.00,1764.00,PSN.L,1673.496,2015-02-27,1752.00,1836100
366,1758.00,1679.00,1758.00,PSN.L,1667.804,2015-02-26,1679.00,3050000
367,1687.00,1640.00,1684.00,PSN.L,1597.601,2015-02-25,1650.00,1324500
368,1714.10,1603.00,1650.00,PSN.L,1565.345,2015-02-24,1710.00,2472800
369,1718.00,1682.00,1710.00,PSN.L,1622.267,2015-02-23,1682.00,971200
370,1700.00,1665.00,1694.00,PSN.L,1607.088,2015-02-20,1690.00,1778800
371,1712.00,1676.72,1709.00,PSN.L,1621.318,2015-02-19,1683.00,915800
372,1694.00,1662.00,1681.00,PSN.L,1594.755,2015-02-18,1674.00,1077200
373,1678.00,1658.00,1675.00,PSN.L,1589.063,2015-02-17,1664.00,708600
374,1671.00,1646.00,1670.00,PSN.L,1584.319,2015-02-16,1653.00,711800
375,1690.73,1643.37,1658.00,PSN.L,1572.935,2015-02-13,1685.00,1004300
376,1688.00,1651.50,1683.00,PSN.L,1596.652,2015-02-12,1664.00,1467600
377,1677.00,1606.00,1671.00,PSN.L,1585.268,2015-02-11,1613.00,2139100
378,1614.00,1578.00,1613.00,PSN.L,1530.244,2015-02-10,1585.00,1141800
379,1607.00,1574.36,1587.00,PSN.L,1505.577,2015-02-09,1607.00,1367100
380,1624.00,1587.00,1614.00,PSN.L,1531.192,2015-02-06,1614.00,926000
381,1619.94,1598.00,1618.00,PSN.L,1534.987,2015-02-05,1603.00,983200
382,1609.00,1560.00,1609.00,PSN.L,1526.449,2015-02-04,1589.00,1540900
383,1600.00,1568.00,1590.00,PSN.L,1508.424,2015-02-03,1573.00,966200
384,1601.00,1559.00,1572.00,PSN.L,1491.347,2015-02-02,1597.00,1164000
385,1625.00,1583.00,1592.00,PSN.L,1510.321,2015-01-30,1610.00,1692400
386,1607.00,1567.00,1607.00,PSN.L,1524.551,2015-01-29,1576.00,1009700
387,1588.10,1557.00,1581.00,PSN.L,1499.885,2015-01-28,1562.00,1356300
388,1575.64,1545.00,1555.00,PSN.L,1475.219,2015-01-27,1556.00,1077800
389,1566.00,1521.44,1562.00,PSN.L,1481.86,2015-01-26,1528.00,1192000
390,1542.00,1520.00,1527.00,PSN.L,1448.656,2015-01-23,1524.00,919600
391,1529.00,1498.00,1520.00,PSN.L,1442.015,2015-01-22,1500.00,1598900
392,1506.00,1461.00,1506.00,PSN.L,1428.733,2015-01-21,1464.00,1217800
393,1502.00,1459.00,1468.00,PSN.L,1392.683,2015-01-20,1494.00,875700
394,1490.00,1443.00,1487.00,PSN.L,1410.708,2015-01-19,1446.00,921700
395,1454.00,1428.00,1449.00,PSN.L,1374.658,2015-01-16,1442.00,1413100
396,1480.00,1423.36,1456.00,PSN.L,1381.299,2015-01-15,1475.00,1695800
397,1493.00,1457.00,1468.00,PSN.L,1392.683,2015-01-14,1470.00,1768400
398,1503.64,1460.00,1487.00,PSN.L,1410.708,2015-01-13,1460.00,1329300
399,1478.00,1441.10,1468.00,PSN.L,1392.683,2015-01-12,1459.00,1430400
400,1523.80,1451.00,1459.00,PSN.L,1384.145,2015-01-09,1513.00,1658100
401,1558.00,1510.00,1539.00,PSN.L,1460.04,2015-01-08,1525.00,1493300
402,1549.00,1529.00,1541.00,PSN.L,1461.938,2015-01-07,1544.00,1352900
403,1564.00,1519.72,1528.00,PSN.L,1449.605,2015-01-06,1554.00,1193300
404,1595.00,1549.00,1553.00,PSN.L,1473.322,2015-01-05,1560.00,692000
405,1587.00,1551.00,1565.00,PSN.L,1484.706,2015-01-02,1582.00,495200
406,1578.00,1578.00,1578.00,PSN.L,1497.039,2015-01-01,1578.00,000
407,1582.00,1566.00,1578.00,PSN.L,1497.039,2014-12-31,1581.00,160600
408,1578.00,1556.00,1561.00,PSN.L,1480.911,2014-12-30,1573.00,532600
409,1577.00,1554.00,1577.00,PSN.L,1496.091,2014-12-29,1560.00,502600
410,1567.00,1567.00,1567.00,PSN.L,1486.604,2014-12-26,1567.00,000
411,1567.00,1567.00,1567.00,PSN.L,1486.604,2014-12-25,1567.00,000
412,1582.00,1557.80,1567.00,PSN.L,1486.604,2014-12-24,1582.00,87000
413,1604.60,1561.00,1572.00,PSN.L,1491.347,2014-12-23,1593.00,597900
414,1598.00,1571.00,1593.00,PSN.L,1511.27,2014-12-22,1582.00,680500
415,1585.00,1542.00,1577.00,PSN.L,1496.091,2014-12-19,1544.00,1799600
416,1536.00,1507.00,1535.00,PSN.L,1456.245,2014-12-18,1515.00,1422500
417,1529.28,1503.00,1510.00,PSN.L,1432.528,2014-12-17,1518.00,1272100
418,1527.00,1481.00,1527.00,PSN.L,1448.656,2014-12-16,1500.00,1003600
419,1532.60,1492.00,1493.00,PSN.L,1416.40,2014-12-15,1512.00,879100
420,1547.00,1460.40,1520.00,PSN.L,1442.015,2014-12-12,1535.00,1241500
421,1578.00,1561.00,1573.00,PSN.L,1492.296,2014-12-11,1563.00,1072600
422,1575.00,1542.00,1559.00,PSN.L,1479.014,2014-12-10,1554.00,1073600
423,1591.00,1543.00,1555.00,PSN.L,1475.219,2014-12-09,1587.00,1106400
424,1614.00,1574.00,1591.00,PSN.L,1509.372,2014-12-08,1604.00,941400
425,1614.00,1592.00,1613.00,PSN.L,1530.244,2014-12-05,1599.00,1214800
426,1595.00,1541.80,1581.00,PSN.L,1499.885,2014-12-04,1546.00,2358500
427,1566.00,1507.00,1540.00,PSN.L,1460.989,2014-12-03,1519.00,2185900
428,1544.81,1519.00,1525.00,PSN.L,1446.758,2014-12-02,1544.00,985100
429,1544.00,1513.00,1540.00,PSN.L,1460.989,2014-12-01,1530.00,1120800
430,1536.00,1515.00,1533.00,PSN.L,1454.348,2014-11-28,1515.00,819500
431,1520.00,1496.00,1520.00,PSN.L,1442.015,2014-11-27,1509.00,1056400
432,1517.00,1493.15,1506.00,PSN.L,1428.733,2014-11-26,1511.00,927600
433,1520.55,1494.40,1509.00,PSN.L,1431.579,2014-11-25,1497.00,1057400
434,1501.00,1487.00,1497.00,PSN.L,1420.195,2014-11-24,1495.00,785200
435,1518.00,1478.00,1493.00,PSN.L,1416.40,2014-11-21,1497.00,1204500
436,1500.20,1474.00,1492.00,PSN.L,1415.452,2014-11-20,1476.00,1324300
437,1508.00,1477.00,1485.00,PSN.L,1408.811,2014-11-19,1500.00,929000
438,1518.27,1496.00,1510.00,PSN.L,1432.528,2014-11-18,1500.00,1070800
439,1497.00,1466.00,1497.00,PSN.L,1420.195,2014-11-17,1473.00,624900
440,1497.00,1478.00,1483.00,PSN.L,1406.913,2014-11-14,1484.00,773000
441,1490.00,1460.00,1483.00,PSN.L,1406.913,2014-11-13,1464.00,2042900
442,1474.00,1449.00,1460.00,PSN.L,1385.093,2014-11-12,1456.00,1128600
443,1476.00,1449.00,1460.00,PSN.L,1385.093,2014-11-11,1450.00,1158600
444,1448.00,1397.00,1448.00,PSN.L,1373.709,2014-11-10,1402.00,770500
445,1444.00,1407.00,1410.00,PSN.L,1337.659,2014-11-07,1442.00,1396600
446,1461.00,1424.00,1437.00,PSN.L,1363.273,2014-11-06,1461.00,1582400
447,1473.00,1450.64,1462.00,PSN.L,1386.991,2014-11-05,1456.00,1308700
448,1473.00,1441.00,1444.00,PSN.L,1369.914,2014-11-04,1450.00,1565900
449,1472.00,1453.64,1458.00,PSN.L,1383.196,2014-11-03,1458.00,1057400
450,1470.00,1446.00,1463.00,PSN.L,1387.939,2014-10-31,1464.00,1588500
451,1448.00,1411.40,1444.00,PSN.L,1369.914,2014-10-30,1425.00,1324400
452,1426.60,1410.00,1420.00,PSN.L,1347.146,2014-10-29,1414.00,990600
453,1426.73,1401.00,1410.00,PSN.L,1337.659,2014-10-28,1417.00,939400
454,1414.00,1386.00,1402.00,PSN.L,1330.069,2014-10-27,1410.00,1153200
455,1409.00,1389.00,1396.00,PSN.L,1324.377,2014-10-24,1397.00,1245900
456,1420.00,1387.00,1403.00,PSN.L,1331.018,2014-10-23,1396.00,1652500
457,1411.41,1391.00,1408.00,PSN.L,1335.761,2014-10-22,1398.00,1453200
458,1391.00,1354.00,1391.00,PSN.L,1319.633,2014-10-21,1355.00,1525300
459,1368.00,1342.00,1358.00,PSN.L,1288.327,2014-10-20,1351.00,1746700
460,1353.00,1304.00,1353.00,PSN.L,1283.583,2014-10-17,1313.00,1740100
461,1328.00,1266.00,1309.00,PSN.L,1241.841,2014-10-16,1298.00,2839400
462,1329.00,1286.00,1293.00,PSN.L,1226.661,2014-10-15,1316.00,2051600
463,1320.00,1274.60,1311.00,PSN.L,1243.738,2014-10-14,1277.00,1936100
464,1305.00,1272.00,1289.00,PSN.L,1222.867,2014-10-13,1279.00,1148800
465,1299.00,1247.08,1291.00,PSN.L,1224.764,2014-10-10,1260.00,1761600
466,1343.00,1274.00,1276.00,PSN.L,1210.534,2014-10-09,1341.00,1817000
467,1344.00,1313.00,1322.00,PSN.L,1254.174,2014-10-08,1339.00,1975900
468,1361.00,1336.00,1345.00,PSN.L,1275.993,2014-10-07,1344.00,2187700
469,1355.00,1341.00,1346.00,PSN.L,1276.942,2014-10-06,1349.00,1063500
470,1341.00,1301.00,1341.00,PSN.L,1272.199,2014-10-03,1301.00,983900
471,1319.00,1288.00,1295.00,PSN.L,1228.559,2014-10-02,1308.00,1473200
472,1346.75,1307.00,1309.00,PSN.L,1241.841,2014-10-01,1330.00,1015400
473,1346.77,1316.00,1334.00,PSN.L,1265.558,2014-09-30,1345.00,1101400
474,1346.00,1322.00,1343.00,PSN.L,1274.096,2014-09-29,1323.00,912600
475,1337.00,1305.00,1325.00,PSN.L,1257.02,2014-09-26,1324.00,681400
476,1370.00,1322.00,1326.00,PSN.L,1257.968,2014-09-25,1354.00,928600
477,1363.00,1349.00,1358.00,PSN.L,1288.327,2014-09-24,1350.00,1061000
478,1367.00,1331.00,1354.00,PSN.L,1284.532,2014-09-23,1367.00,1053400
479,1372.00,1349.60,1367.00,PSN.L,1296.865,2014-09-22,1360.00,908200
480,1402.00,1365.00,1366.00,PSN.L,1295.916,2014-09-19,1395.00,2115900
481,1380.36,1347.00,1380.00,PSN.L,1309.198,2014-09-18,1351.00,920600
482,1367.00,1339.00,1352.00,PSN.L,1282.634,2014-09-17,1340.00,1017200
483,1349.00,1315.00,1332.00,PSN.L,1263.66,2014-09-16,1349.00,1183900
484,1368.50,1346.00,1350.00,PSN.L,1280.737,2014-09-15,1364.00,673400
485,1370.15,1346.00,1369.00,PSN.L,1298.762,2014-09-12,1351.00,1225300
486,1362.50,1339.00,1348.00,PSN.L,1278.84,2014-09-11,1355.00,887100
487,1361.00,1335.00,1353.00,PSN.L,1283.583,2014-09-10,1352.00,1109100
488,1359.00,1304.00,1358.00,PSN.L,1288.327,2014-09-09,1305.00,1417200
489,1340.00,1291.50,1311.00,PSN.L,1243.738,2014-09-08,1330.00,1022400
490,1365.00,1333.00,1335.00,PSN.L,1266.507,2014-09-05,1349.00,1766400
491,1352.00,1338.69,1347.00,PSN.L,1277.891,2014-09-04,1347.00,1332900
492,1359.00,1320.00,1350.00,PSN.L,1280.737,2014-09-03,1334.00,1393500
493,1336.28,1322.00,1331.00,PSN.L,1262.712,2014-09-02,1335.00,826000
494,1337.00,1318.00,1333.00,PSN.L,1264.609,2014-09-01,1319.00,634300
495,1335.00,1313.30,1324.00,PSN.L,1256.071,2014-08-29,1333.00,995600
496,1344.00,1309.00,1330.00,PSN.L,1261.763,2014-08-28,1342.00,1309200
497,1351.00,1336.00,1339.00,PSN.L,1270.301,2014-08-27,1347.00,830600
498,1355.00,1341.00,1344.00,PSN.L,1275.045,2014-08-26,1355.00,986300
499,1348.00,1348.00,1348.00,PSN.L,1278.84,2014-08-25,1348.00,000
500,1352.00,1315.00,1348.00,PSN.L,1278.84,2014-08-22,1345.00,714000
501,1342.00,1315.00,1341.00,PSN.L,1272.199,2014-08-21,1323.00,1033400
502,1348.25,1315.15,1323.00,PSN.L,1255.122,2014-08-20,1344.00,1549300
503,1384.00,1328.00,1350.00,PSN.L,1280.737,2014-08-19,1384.00,1358900
504,1337.00,1291.00,1335.00,PSN.L,1266.507,2014-08-18,1311.00,1108800
505,1328.67,1308.00,1312.00,PSN.L,1244.687,2014-08-15,1315.00,1136300
506,1311.00,1287.47,1310.00,PSN.L,1242.789,2014-08-14,1292.00,895500
507,1297.00,1250.00,1296.00,PSN.L,1229.507,2014-08-13,1285.00,1485200
508,1295.00,1267.00,1276.00,PSN.L,1210.534,2014-08-12,1274.00,1275900
509,1276.00,1221.60,1272.00,PSN.L,1206.739,2014-08-11,1224.00,1099200
510,1231.00,1198.00,1217.00,PSN.L,1154.561,2014-08-08,1211.00,1127100
511,1244.00,1208.00,1229.00,PSN.L,1165.945,2014-08-07,1213.00,1214500
512,1217.00,1187.00,1216.00,PSN.L,1153.612,2014-08-06,1203.00,1732700
513,1253.00,1208.00,1219.00,PSN.L,1156.458,2014-08-05,1250.00,1335800
514,1270.00,1239.00,1246.00,PSN.L,1182.073,2014-08-04,1263.00,951300
515,1265.00,1214.00,1259.00,PSN.L,1194.406,2014-08-01,1250.00,1275200
516,1276.00,1242.00,1253.00,PSN.L,1188.714,2014-07-31,1275.00,1227200
517,1296.00,1273.00,1274.00,PSN.L,1208.636,2014-07-30,1284.00,947600
518,1291.00,1271.30,1285.00,PSN.L,1219.072,2014-07-29,1272.00,641800
519,1288.00,1265.00,1269.00,PSN.L,1203.893,2014-07-28,1282.00,656700
520,1304.00,1277.00,1280.00,PSN.L,1214.328,2014-07-25,1299.00,540400
521,1328.00,1276.00,1306.00,PSN.L,1238.994,2014-07-24,1293.00,1003800
522,1309.60,1287.00,1294.00,PSN.L,1227.61,2014-07-23,1299.00,980500
523,1306.00,1253.00,1302.00,PSN.L,1235.20,2014-07-22,1258.00,1356000
524,1286.00,1241.35,1246.00,PSN.L,1182.073,2014-07-21,1279.00,734000
525,1276.00,1234.00,1275.00,PSN.L,1209.585,2014-07-18,1262.00,963600
526,1267.50,1251.00,1266.00,PSN.L,1201.047,2014-07-17,1267.00,1321500
527,1270.00,1231.00,1267.00,PSN.L,1201.995,2014-07-16,1237.00,1078400
528,1250.00,1218.00,1230.00,PSN.L,1166.894,2014-07-15,1245.00,1104800
529,1251.00,1226.00,1249.00,PSN.L,1184.919,2014-07-14,1246.00,1241600
530,1276.00,1239.00,1242.00,PSN.L,1178.278,2014-07-11,1260.00,1319800
531,1268.40,1223.00,1254.00,PSN.L,1189.662,2014-07-10,1248.00,1363400
532,1270.55,1235.00,1247.00,PSN.L,1183.021,2014-07-09,1265.00,1768200
533,1276.00,1248.00,1265.00,PSN.L,1200.098,2014-07-08,1275.00,1344400
534,1312.00,1279.00,1281.00,PSN.L,1215.277,2014-07-07,1305.00,839300
535,1322.00,1302.00,1305.00,PSN.L,1238.046,2014-07-04,1319.00,911500
536,1318.36,1282.00,1316.00,PSN.L,1248.481,2014-07-03,1289.00,2039600
537,1309.00,1283.00,1290.00,PSN.L,1223.815,2014-07-02,1297.00,2312900
538,1299.00,1270.00,1298.00,PSN.L,1231.405,2014-07-01,1272.00,1371000
539,1281.00,1252.00,1273.00,PSN.L,1207.688,2014-06-30,1280.00,1033800
540,1287.00,1254.00,1278.00,PSN.L,1212.431,2014-06-27,1267.00,1500400
541,1282.00,1193.00,1259.00,PSN.L,1194.406,2014-06-26,1204.00,2345600
542,1223.00,1186.00,1199.00,PSN.L,1137.484,2014-06-25,1197.00,1275400
543,1227.00,1192.00,1206.00,PSN.L,1144.125,2014-06-24,1220.00,1361300
544,1227.00,1195.00,1216.00,PSN.L,1153.612,2014-06-23,1226.00,1365900
545,1239.00,1216.00,1230.00,PSN.L,1166.894,2014-06-20,1227.00,1671100
546,1235.00,1218.00,1229.00,PSN.L,1165.945,2014-06-19,1218.00,1605600
547,1214.00,1185.00,1209.00,PSN.L,1146.971,2014-06-18,1201.00,1475900
548,1209.00,1186.00,1200.00,PSN.L,1138.433,2014-06-17,1192.00,1383100
549,1218.00,1176.00,1187.00,PSN.L,1126.10,2014-06-16,1209.00,2278900
550,1295.00,1206.15,1211.00,PSN.L,1148.868,2014-06-13,1292.00,3233100
551,1307.00,1284.00,1302.00,PSN.L,1235.20,2014-06-12,1305.00,927100
552,1319.00,1292.13,1300.00,PSN.L,1233.302,2014-06-11,1312.00,1177200
553,1315.00,1305.00,1315.00,PSN.L,1247.533,2014-06-10,1308.00,933900
554,1317.18,1293.00,1311.00,PSN.L,1243.738,2014-06-09,1300.00,979000
555,1347.00,1259.00,1296.00,PSN.L,1229.507,2014-06-06,1261.00,1117700
556,1277.00,1251.00,1262.00,PSN.L,1197.252,2014-06-05,1272.00,1618700
557,1336.00,1324.00,1332.00,PSN.L,1263.66,2014-06-04,1328.00,1241300
558,1353.00,1327.00,1332.00,PSN.L,1263.66,2014-06-03,1347.00,748900
559,1361.00,1339.00,1348.00,PSN.L,1278.84,2014-06-02,1344.00,781700
560,1341.00,1318.00,1338.00,PSN.L,1269.353,2014-05-30,1321.00,1665600
561,1361.00,1313.18,1326.00,PSN.L,1257.968,2014-05-29,1352.00,898900
562,1359.00,1338.52,1356.00,PSN.L,1286.429,2014-05-28,1344.00,742700
563,1349.00,1324.00,1345.00,PSN.L,1275.993,2014-05-27,1333.00,865300
564,1321.00,1321.00,1321.00,PSN.L,1253.225,2014-05-26,1321.00,000
565,1346.00,1317.00,1321.00,PSN.L,1253.225,2014-05-23,1338.00,905600
566,1355.00,1331.00,1340.00,PSN.L,1271.25,2014-05-22,1348.00,901300
567,1351.00,1323.00,1342.00,PSN.L,1273.147,2014-05-21,1339.00,1025400
568,1347.00,1321.90,1338.00,PSN.L,1269.353,2014-05-20,1331.00,874400
569,1347.00,1306.00,1325.00,PSN.L,1257.02,2014-05-19,1334.00,1385300
570,1355.38,1293.00,1330.00,PSN.L,1261.763,2014-05-16,1347.00,2733600
571,1402.00,1330.00,1344.00,PSN.L,1275.045,2014-05-15,1387.00,1487100
572,1404.00,1372.00,1385.00,PSN.L,1313.941,2014-05-14,1404.00,1127800
573,1405.00,1372.00,1404.00,PSN.L,1331.966,2014-05-13,1372.00,1324000
574,1368.00,1356.18,1360.00,PSN.L,1290.224,2014-05-12,1360.00,661700
575,1371.00,1341.00,1355.00,PSN.L,1285.48,2014-05-09,1371.00,1137500
576,1371.00,1352.00,1371.00,PSN.L,1300.66,2014-05-08,1363.00,1042400
577,1376.00,1340.00,1360.00,PSN.L,1290.224,2014-05-07,1371.00,1541800
578,1400.00,1350.00,1378.00,PSN.L,1307.30,2014-05-06,1359.00,3356600
579,1327.00,1327.00,1327.00,PSN.L,1258.917,2014-05-05,1327.00,000
580,1346.00,1317.00,1327.00,PSN.L,1258.917,2014-05-02,1333.00,2552500
581,1328.00,1297.00,1324.00,PSN.L,1256.071,2014-05-01,1311.00,816400
582,1320.00,1293.00,1312.00,PSN.L,1244.687,2014-04-30,1301.00,1951100
583,1312.00,1295.00,1305.00,PSN.L,1238.046,2014-04-29,1300.00,1626900
584,1331.00,1296.00,1298.00,PSN.L,1231.405,2014-04-28,1319.00,1471400
585,1330.00,1298.00,1318.00,PSN.L,1250.379,2014-04-25,1316.00,2144700
586,1337.00,1305.00,1320.00,PSN.L,1252.276,2014-04-24,1328.00,2400700
587,1331.55,1310.00,1321.00,PSN.L,1253.225,2014-04-23,1327.00,2036700
588,1326.00,1292.42,1325.00,PSN.L,1257.02,2014-04-22,1296.00,1411200
589,1292.00,1292.00,1292.00,PSN.L,1225.713,2014-04-21,1292.00,000
590,1292.00,1292.00,1292.00,PSN.L,1225.713,2014-04-18,1292.00,000
591,1298.00,1262.00,1292.00,PSN.L,1225.713,2014-04-17,1275.00,1511200
592,1322.64,1265.00,1275.00,PSN.L,1209.585,2014-04-16,1305.00,1843400
593,1319.00,1263.00,1265.00,PSN.L,1200.098,2014-04-15,1281.00,2208800
594,1311.00,1254.00,1279.00,PSN.L,1213.38,2014-04-14,1305.00,1796100
595,1328.84,1301.00,1315.00,PSN.L,1247.533,2014-04-11,1322.00,1735900
596,1346.00,1316.00,1342.00,PSN.L,1273.147,2014-04-10,1335.00,1683900
597,1325.00,1283.00,1320.00,PSN.L,1252.276,2014-04-09,1283.00,1210500
598,1301.07,1241.48,1280.00,PSN.L,1214.328,2014-04-08,1294.00,1995200
599,1338.00,1284.00,1292.00,PSN.L,1225.713,2014-04-07,1331.00,1148600
600,1366.00,1339.00,1346.00,PSN.L,1276.942,2014-04-04,1362.00,858200
601,1370.00,1348.00,1361.00,PSN.L,1291.173,2014-04-03,1359.00,753300
602,1376.00,1357.00,1364.00,PSN.L,1294.019,2014-04-02,1367.00,828900
603,1368.25,1344.00,1366.00,PSN.L,1295.916,2014-04-01,1350.00,854200
604,1378.00,1344.00,1346.00,PSN.L,1276.942,2014-03-31,1371.00,892000
605,1364.27,1339.00,1364.00,PSN.L,1294.019,2014-03-28,1347.00,892800
606,1348.00,1323.00,1340.00,PSN.L,1271.25,2014-03-27,1345.00,652100
607,1362.00,1333.00,1353.00,PSN.L,1283.583,2014-03-26,1340.00,826500
608,1352.00,1321.40,1333.00,PSN.L,1264.609,2014-03-25,1322.00,1027300
609,1343.00,1315.00,1318.00,PSN.L,1250.379,2014-03-24,1331.00,1053600
610,1352.00,1331.00,1333.00,PSN.L,1264.609,2014-03-21,1351.00,3760900
611,1375.00,1342.00,1352.00,PSN.L,1282.634,2014-03-20,1367.00,1397400
612,1414.00,1374.00,1377.00,PSN.L,1306.352,2014-03-19,1397.00,1494200
613,1386.00,1356.72,1367.00,PSN.L,1296.865,2014-03-18,1360.00,1614100
614,1406.57,1348.00,1361.00,PSN.L,1291.173,2014-03-17,1352.00,2913100
615,1317.78,1277.50,1313.00,PSN.L,1245.635,2014-03-14,1295.00,1466300
616,1334.31,1300.62,1307.00,PSN.L,1239.943,2014-03-13,1320.00,1213800
617,1323.00,1301.00,1316.00,PSN.L,1248.481,2014-03-12,1313.00,1976000
618,1332.00,1315.00,1320.00,PSN.L,1252.276,2014-03-11,1325.00,1440400
619,1394.61,1325.00,1329.00,PSN.L,1260.814,2014-03-10,1392.00,2176600
620,1421.00,1393.00,1393.00,PSN.L,1321.531,2014-03-07,1421.00,1119400
621,1446.35,1404.00,1417.00,PSN.L,1344.299,2014-03-06,1436.00,1219000
622,1462.00,1392.00,1433.00,PSN.L,1359.479,2014-03-05,1452.00,2894100
623,1476.00,1438.00,1469.00,PSN.L,1393.632,2014-03-04,1444.00,2451800
624,1460.00,1413.72,1431.00,PSN.L,1357.581,2014-03-03,1427.00,1440200
625,1468.00,1439.00,1446.00,PSN.L,1371.812,2014-02-28,1460.00,1180300
626,1463.00,1437.00,1462.00,PSN.L,1386.991,2014-02-27,1438.00,1323700
627,1479.55,1427.00,1435.00,PSN.L,1361.376,2014-02-26,1478.00,1251400
628,1508.00,1446.00,1463.00,PSN.L,1387.939,2014-02-25,1505.00,2843200
629,1471.00,1444.40,1471.00,PSN.L,1395.529,2014-02-24,1464.00,2060100
630,1474.46,1438.00,1464.00,PSN.L,1388.888,2014-02-21,1440.00,1294200
631,1438.00,1393.00,1437.00,PSN.L,1363.273,2014-02-20,1409.00,1068100
632,1442.00,1412.00,1417.00,PSN.L,1344.299,2014-02-19,1440.00,971400
633,1448.00,1412.00,1444.00,PSN.L,1369.914,2014-02-18,1422.00,1039200
634,1415.00,1387.00,1415.00,PSN.L,1342.402,2014-02-17,1389.00,1170000
635,1392.00,1377.60,1385.00,PSN.L,1313.941,2014-02-14,1388.00,803500
636,1394.00,1372.00,1386.00,PSN.L,1314.89,2014-02-13,1383.00,1078200
637,1431.00,1387.00,1390.00,PSN.L,1318.685,2014-02-12,1430.00,1624900
638,1434.00,1395.44,1434.00,PSN.L,1360.427,2014-02-11,1397.00,1370200
639,1396.00,1378.00,1393.00,PSN.L,1321.531,2014-02-10,1389.00,844500
640,1391.00,1344.60,1385.00,PSN.L,1313.941,2014-02-07,1346.00,1609700
641,1350.00,1303.00,1340.00,PSN.L,1271.25,2014-02-06,1308.00,988600
642,1317.00,1277.00,1301.00,PSN.L,1234.251,2014-02-05,1288.00,928200
643,1317.00,1283.00,1287.00,PSN.L,1220.969,2014-02-04,1289.00,820900
644,1331.00,1296.00,1300.00,PSN.L,1233.302,2014-02-03,1312.00,742900
645,1322.00,1272.00,1313.00,PSN.L,1245.635,2014-01-31,1287.00,900200
646,1304.00,1274.70,1290.00,PSN.L,1223.815,2014-01-30,1279.00,709500
647,1327.00,1261.00,1285.00,PSN.L,1219.072,2014-01-29,1298.00,961400
648,1297.00,1250.00,1292.00,PSN.L,1225.713,2014-01-28,1251.00,596000
649,1267.00,1237.00,1250.00,PSN.L,1185.868,2014-01-27,1265.00,1015200
650,1320.00,1261.00,1264.00,PSN.L,1199.149,2014-01-24,1311.00,907300
651,1349.00,1307.00,1310.00,PSN.L,1242.789,2014-01-23,1323.00,627800
652,1348.00,1312.00,1326.00,PSN.L,1257.968,2014-01-22,1343.00,879100
653,1354.00,1326.60,1336.00,PSN.L,1267.455,2014-01-21,1334.00,750400
654,1355.00,1338.00,1342.00,PSN.L,1273.147,2014-01-20,1343.00,503700
655,1350.00,1329.00,1340.00,PSN.L,1271.25,2014-01-17,1333.00,851900
656,1345.00,1322.72,1328.00,PSN.L,1259.866,2014-01-16,1337.00,704400
657,1349.00,1329.00,1333.00,PSN.L,1264.609,2014-01-15,1338.00,959400
658,1341.00,1320.50,1336.00,PSN.L,1267.455,2014-01-14,1339.00,854700
659,1360.00,1337.00,1346.00,PSN.L,1276.942,2014-01-13,1356.00,1028100
660,1356.00,1283.00,1354.00,PSN.L,1284.532,2014-01-10,1285.00,1533200
661,1303.33,1269.00,1274.00,PSN.L,1208.636,2014-01-09,1295.00,978000
662,1343.80,1280.00,1289.00,PSN.L,1222.867,2014-01-08,1325.00,1911300
663,1299.00,1274.40,1294.00,PSN.L,1227.61,2014-01-07,1291.00,859800
664,1295.00,1255.00,1290.00,PSN.L,1223.815,2014-01-06,1267.00,1111000
665,1266.60,1239.40,1259.00,PSN.L,1194.406,2014-01-03,1251.00,831700
666,1261.00,1226.72,1256.00,PSN.L,1191.56,2014-01-02,1250.00,928000
667,1239.00,1239.00,1239.00,PSN.L,1175.432,2014-01-01,1239.00,000
668,1250.00,1216.00,1239.00,PSN.L,1175.432,2013-12-31,1216.00,423400
669,1229.00,1210.00,1218.00,PSN.L,1155.509,2013-12-30,1221.00,548700
670,1226.00,1194.00,1219.00,PSN.L,1156.458,2013-12-27,1226.00,463400
671,1219.00,1219.00,1219.00,PSN.L,1156.458,2013-12-26,1219.00,000
672,1219.00,1219.00,1219.00,PSN.L,1156.458,2013-12-25,1219.00,000
673,1220.00,1196.60,1219.00,PSN.L,1156.458,2013-12-24,1210.00,161400
674,1203.00,1185.00,1202.00,PSN.L,1140.33,2013-12-23,1195.00,433100
675,1198.00,1176.00,1194.00,PSN.L,1132.741,2013-12-20,1189.00,1090900
676,1198.64,1177.00,1182.00,PSN.L,1121.356,2013-12-19,1185.00,678100
677,1185.00,1155.00,1168.00,PSN.L,1108.075,2013-12-18,1158.00,700100
678,1164.00,1132.99,1155.00,PSN.L,1095.742,2013-12-17,1142.00,671000
679,1145.00,1112.55,1144.00,PSN.L,1085.306,2013-12-16,1132.00,1367700
680,1155.00,1111.00,1136.00,PSN.L,1077.716,2013-12-13,1148.00,1014000
681,1170.95,1133.00,1136.00,PSN.L,1077.716,2013-12-12,1166.00,1209500
682,1204.00,1169.28,1173.00,PSN.L,1112.818,2013-12-11,1180.00,952200
683,1194.51,1167.00,1182.00,PSN.L,1121.356,2013-12-10,1179.00,580700
684,1192.38,1177.00,1183.00,PSN.L,1122.305,2013-12-09,1184.00,588600
685,1193.00,1159.00,1183.00,PSN.L,1122.305,2013-12-06,1170.00,1226400
686,1163.00,1128.50,1154.00,PSN.L,1094.793,2013-12-05,1137.00,1155400
687,1157.60,1129.00,1143.00,PSN.L,1084.357,2013-12-04,1137.00,1007800
688,1164.00,1140.00,1140.00,PSN.L,1081.511,2013-12-03,1157.00,774600
689,1166.40,1146.00,1158.00,PSN.L,1098.588,2013-12-02,1157.00,921900
690,1182.08,1154.00,1160.00,PSN.L,1100.485,2013-11-29,1175.00,1704400
691,1264.00,1140.52,1170.00,PSN.L,1109.972,2013-11-28,1248.00,3856500
692,1250.00,1223.80,1246.00,PSN.L,1182.073,2013-11-27,1231.00,631200
693,1238.00,1218.00,1228.00,PSN.L,1164.996,2013-11-26,1219.00,652300
694,1236.37,1214.72,1215.00,PSN.L,1152.663,2013-11-25,1230.00,374500
695,1224.00,1197.72,1221.00,PSN.L,1158.355,2013-11-22,1200.00,944900
696,1202.00,1151.00,1197.00,PSN.L,1135.587,2013-11-21,1156.00,851500
697,1198.08,1157.00,1163.00,PSN.L,1103.331,2013-11-20,1179.00,739800
698,1193.00,1156.00,1185.00,PSN.L,1124.202,2013-11-19,1159.00,1114200
699,1166.00,1133.00,1165.00,PSN.L,1105.229,2013-11-18,1150.00,734900
700,1179.00,1153.00,1159.00,PSN.L,1099.536,2013-11-15,1165.00,519200
701,1188.60,1156.00,1163.00,PSN.L,1103.331,2013-11-14,1166.00,1366700
702,1199.92,1150.72,1154.00,PSN.L,1094.793,2013-11-13,1199.00,1181500
703,1206.70,1193.00,1200.00,PSN.L,1138.433,2013-11-12,1202.00,704800
704,1203.00,1190.00,1202.00,PSN.L,1140.33,2013-11-11,1195.00,985200
705,1198.00,1162.00,1197.00,PSN.L,1135.587,2013-11-08,1173.00,1041800
706,1190.00,1162.00,1172.00,PSN.L,1111.869,2013-11-07,1189.00,2239200
707,1259.00,1183.00,1186.00,PSN.L,1125.151,2013-11-06,1246.00,2096200
708,1277.00,1213.00,1215.00,PSN.L,1152.663,2013-11-05,1272.00,1608400
709,1283.00,1264.00,1267.00,PSN.L,1201.995,2013-11-04,1273.00,968100
710,1282.00,1250.00,1273.00,PSN.L,1207.688,2013-11-01,1271.00,1010100
711,1280.10,1261.00,1265.00,PSN.L,1200.098,2013-10-31,1262.00,1800400
712,1268.00,1256.00,1264.00,PSN.L,1199.149,2013-10-30,1262.00,1371700
713,1255.13,1225.00,1255.00,PSN.L,1190.611,2013-10-29,1232.00,706300
714,1250.00,1224.00,1224.00,PSN.L,1161.202,2013-10-28,1248.00,535500
715,1257.28,1237.00,1243.00,PSN.L,1179.227,2013-10-25,1245.00,655200
716,1263.00,1248.00,1254.00,PSN.L,1189.662,2013-10-24,1257.00,651200
717,1256.00,1223.24,1256.00,PSN.L,1191.56,2013-10-23,1226.00,814700
718,1256.00,1224.95,1227.00,PSN.L,1164.048,2013-10-22,1248.00,872900
719,1262.00,1229.00,1250.00,PSN.L,1185.868,2013-10-21,1233.00,1287500
720,1230.00,1208.00,1230.00,PSN.L,1166.894,2013-10-18,1219.00,2635700
721,1221.84,1192.00,1210.00,PSN.L,1147.92,2013-10-17,1201.00,907700
722,1219.00,1181.00,1211.00,PSN.L,1148.868,2013-10-16,1196.00,1055700
723,1212.16,1194.00,1202.00,PSN.L,1140.33,2013-10-15,1198.00,946000
724,1198.00,1174.00,1195.00,PSN.L,1133.689,2013-10-14,1190.00,966400
725,1206.00,1189.00,1197.00,PSN.L,1135.587,2013-10-11,1202.00,858400
726,1207.00,1134.64,1195.00,PSN.L,1133.689,2013-10-10,1137.00,1944200
727,1144.00,1090.00,1131.00,PSN.L,1072.973,2013-10-09,1093.00,1724800
728,1091.00,1061.00,1077.00,PSN.L,1021.743,2013-10-08,1072.00,940400
729,1072.00,1043.00,1067.00,PSN.L,1012.257,2013-10-07,1072.00,759100
730,1091.00,1073.00,1077.00,PSN.L,1021.743,2013-10-04,1084.00,681600
731,1106.00,1088.00,1089.00,PSN.L,1033.128,2013-10-03,1099.00,782400
732,1105.00,1089.00,1102.00,PSN.L,1045.461,2013-10-02,1098.00,703600
733,1107.00,1079.00,1106.00,PSN.L,1049.256,2013-10-01,1086.00,853500
734,1088.00,1060.34,1086.00,PSN.L,1030.282,2013-09-30,1079.00,1204800
735,1110.00,1057.00,1061.00,PSN.L,1006.564,2013-09-27,1109.00,1929100
736,1118.00,1099.45,1109.00,PSN.L,1052.102,2013-09-26,1116.00,738200
737,1129.00,1102.00,1115.00,PSN.L,1057.794,2013-09-25,1122.00,672200
738,1129.00,1112.00,1123.00,PSN.L,1065.383,2013-09-24,1117.00,868900
739,1132.00,1110.00,1115.00,PSN.L,1057.794,2013-09-23,1121.00,713700
740,1133.00,1108.80,1127.00,PSN.L,1069.178,2013-09-20,1109.00,1284500
741,1154.00,1110.00,1111.00,PSN.L,1053.999,2013-09-19,1126.00,1915500
742,1150.00,1100.00,1112.00,PSN.L,1054.948,2013-09-18,1145.00,740500
743,1162.00,1139.00,1146.00,PSN.L,1087.203,2013-09-17,1155.00,921700
744,1178.00,1147.00,1153.00,PSN.L,1093.844,2013-09-16,1178.00,788700
745,1167.00,1146.30,1162.00,PSN.L,1102.382,2013-09-13,1149.00,569900
746,1160.00,1139.00,1150.00,PSN.L,1090.998,2013-09-12,1159.00,824100
747,1177.50,1148.77,1154.00,PSN.L,1094.793,2013-09-11,1177.00,853700
748,1203.00,1178.00,1178.00,PSN.L,1117.562,2013-09-10,1185.00,907400
749,1178.00,1156.00,1173.00,PSN.L,1112.818,2013-09-09,1158.00,831800
750,1160.00,1130.00,1160.00,PSN.L,1100.485,2013-09-06,1150.00,1024200
751,1152.00,1112.00,1152.00,PSN.L,1092.896,2013-09-05,1115.00,1524800
752,1140.00,1097.00,1111.00,PSN.L,1053.999,2013-09-04,1139.00,2426600
753,1150.02,1127.65,1142.00,PSN.L,1083.409,2013-09-03,1145.00,1258300
754,1145.00,1110.00,1145.00,PSN.L,1086.255,2013-09-02,1110.00,1198300
755,1120.75,1088.00,1099.00,PSN.L,1042.615,2013-08-30,1108.00,1294800
756,1111.00,1087.00,1102.00,PSN.L,1045.461,2013-08-29,1102.00,1030200
757,1104.76,1072.00,1096.00,PSN.L,1039.769,2013-08-28,1103.00,1376900
758,1144.00,1098.00,1113.00,PSN.L,1055.896,2013-08-27,1133.00,1411300
759,1133.00,1133.00,1133.00,PSN.L,1074.87,2013-08-26,1133.00,000
760,1146.67,1131.00,1133.00,PSN.L,1074.87,2013-08-23,1138.00,1206500
761,1163.62,1133.00,1140.00,PSN.L,1081.511,2013-08-22,1141.00,1178800
762,1166.75,1137.00,1142.00,PSN.L,1083.409,2013-08-21,1161.00,739600
763,1188.39,1129.00,1150.00,PSN.L,1090.998,2013-08-20,1185.00,1006000
764,1203.00,1160.00,1167.00,PSN.L,1107.126,2013-08-19,1188.00,957800
765,1192.00,1100.00,1188.00,PSN.L,1127.049,2013-08-16,1100.00,2351400
766,1184.00,1065.36,1097.00,PSN.L,1040.717,2013-08-15,1184.00,2557800
767,1239.00,1180.00,1184.00,PSN.L,1123.254,2013-08-14,1228.00,893700
768,1243.00,1223.99,1227.00,PSN.L,1164.048,2013-08-13,1238.00,570400
769,1238.00,1216.00,1230.00,PSN.L,1166.894,2013-08-12,1237.00,664500
770,1254.00,1224.36,1232.00,PSN.L,1168.791,2013-08-09,1254.00,956500
771,1271.00,1242.00,1247.00,PSN.L,1183.021,2013-08-08,1245.00,779800
772,1288.00,1247.00,1247.00,PSN.L,1183.021,2013-08-07,1274.00,963900
773,1291.00,1269.00,1280.00,PSN.L,1214.328,2013-08-06,1276.00,891400
774,1282.00,1261.77,1273.00,PSN.L,1207.688,2013-08-05,1265.00,596500
775,1262.00,1241.00,1260.00,PSN.L,1195.355,2013-08-02,1250.00,465800
776,1250.00,1237.00,1242.00,PSN.L,1178.278,2013-08-01,1246.00,730500
777,1255.00,1233.00,1236.00,PSN.L,1172.586,2013-07-31,1238.00,725400
778,1250.00,1236.00,1244.00,PSN.L,1180.175,2013-07-30,1239.00,649700
779,1247.00,1218.00,1225.00,PSN.L,1162.15,2013-07-29,1226.00,493300
780,1272.00,1218.00,1219.00,PSN.L,1156.458,2013-07-26,1257.00,766300
781,1272.00,1242.50,1265.00,PSN.L,1200.098,2013-07-25,1255.00,800400
782,1274.00,1247.00,1260.00,PSN.L,1195.355,2013-07-24,1262.00,562100
783,1277.00,1254.00,1256.00,PSN.L,1191.56,2013-07-23,1266.00,605800
784,1267.72,1250.00,1258.00,PSN.L,1193.457,2013-07-22,1260.00,565300
785,1264.92,1239.00,1255.00,PSN.L,1190.611,2013-07-19,1264.00,678300
786,1269.00,1230.00,1268.00,PSN.L,1202.944,2013-07-18,1234.00,833800
787,1261.00,1221.00,1234.00,PSN.L,1170.688,2013-07-17,1237.00,1196600
788,1321.00,1238.00,1241.00,PSN.L,1177.329,2013-07-16,1313.00,1429700
789,1306.00,1293.91,1305.00,PSN.L,1238.046,2013-07-15,1299.00,759500
790,1300.00,1278.00,1293.00,PSN.L,1226.661,2013-07-12,1281.00,618000
791,1291.00,1266.00,1276.00,PSN.L,1210.534,2013-07-11,1286.00,683400
792,1302.03,1257.50,1265.00,PSN.L,1200.098,2013-07-10,1281.00,749300
793,1293.00,1254.00,1273.00,PSN.L,1207.688,2013-07-09,1280.00,803900
794,1289.00,1262.00,1267.00,PSN.L,1201.995,2013-07-08,1269.00,870700
795,1276.32,1248.00,1256.00,PSN.L,1191.56,2013-07-05,1272.00,691200
796,1270.00,1223.05,1266.00,PSN.L,1201.047,2013-07-04,1225.00,654200
797,1228.00,1173.00,1213.00,PSN.L,1150.766,2013-07-03,1223.00,1068100
798,1266.00,1206.00,1224.00,PSN.L,1161.202,2013-07-02,1261.00,2129800
799,1240.00,1184.00,1240.00,PSN.L,1176.381,2013-07-01,1186.00,1251900
800,1187.00,1160.00,1181.00,PSN.L,1120.408,2013-06-28,1160.00,1217300
801,1176.00,1155.00,1158.00,PSN.L,1098.588,2013-06-27,1158.00,772200
802,1180.00,1135.00,1161.00,PSN.L,1101.434,2013-06-26,1138.00,1039500
803,1138.73,1079.38,1136.00,PSN.L,1077.716,2013-06-25,1091.00,3013800
804,1118.00,1082.00,1088.00,PSN.L,1032.179,2013-06-24,1100.00,1125800
805,1170.00,1107.00,1107.00,PSN.L,1050.204,2013-06-21,1158.00,8184800
806,1208.00,1148.00,1148.00,PSN.L,1089.101,2013-06-20,1204.00,1390200
807,1226.00,1211.63,1224.00,PSN.L,1161.202,2013-06-19,1216.00,1314700
808,1230.00,1212.00,1216.00,PSN.L,1153.612,2013-06-18,1218.00,646300
809,1222.00,1203.00,1218.00,PSN.L,1155.509,2013-06-17,1209.00,625400
810,1221.00,1193.00,1204.00,PSN.L,1142.228,2013-06-14,1197.00,994100
811,1196.12,1170.00,1183.00,PSN.L,1122.305,2013-06-13,1193.00,1282500
812,1222.00,1199.00,1205.00,PSN.L,1143.176,2013-06-12,1213.00,627600
813,1230.00,1200.00,1214.00,PSN.L,1151.715,2013-06-11,1230.00,1161500
814,1229.00,1195.00,1223.00,PSN.L,1160.253,2013-06-10,1207.00,878800
815,1218.00,1174.25,1205.00,PSN.L,1143.176,2013-06-07,1179.00,1401400
816,1179.28,1160.00,1174.00,PSN.L,1113.767,2013-06-06,1160.00,1050300
817,1203.00,1159.00,1160.00,PSN.L,1100.485,2013-06-05,1177.00,1362800
818,1203.00,1175.00,1181.00,PSN.L,1120.408,2013-06-04,1186.00,1232500
819,1218.00,1162.00,1174.00,PSN.L,1113.767,2013-06-03,1213.00,1899500
820,1226.00,1168.00,1220.00,PSN.L,1157.407,2013-05-31,1200.00,18697600
821,1241.20,1197.00,1225.00,PSN.L,1162.15,2013-05-30,1237.00,1305900
822,1278.00,1234.00,1242.00,PSN.L,1178.278,2013-05-29,1278.00,1081100
823,1280.00,1236.00,1280.00,PSN.L,1214.328,2013-05-28,1236.00,1386400
824,1220.00,1220.00,1220.00,PSN.L,1157.407,2013-05-27,1220.00,000
825,1245.19,1205.25,1220.00,PSN.L,1157.407,2013-05-24,1245.00,763900
826,1240.00,1202.36,1233.00,PSN.L,1169.74,2013-05-23,1235.00,1202800
827,1255.00,1214.00,1251.00,PSN.L,1186.816,2013-05-22,1238.00,1046300
828,1253.00,1229.22,1235.00,PSN.L,1171.637,2013-05-21,1250.00,717600
829,1286.14,1242.00,1245.00,PSN.L,1181.124,2013-05-20,1275.00,1178400
830,1272.00,1206.93,1272.00,PSN.L,1206.739,2013-05-17,1219.00,1663400
831,1223.19,1180.00,1206.00,PSN.L,1144.125,2013-05-16,1204.00,2301000
832,1150.00,1091.00,1147.00,PSN.L,1088.152,2013-05-15,1101.00,787700
833,1100.00,1076.00,1098.00,PSN.L,1041.666,2013-05-14,1086.00,600900
834,1103.00,1077.00,1080.00,PSN.L,1024.59,2013-05-13,1103.00,704800
835,1118.00,1095.00,1102.00,PSN.L,1045.461,2013-05-10,1108.00,469500
836,1110.00,1086.00,1109.00,PSN.L,1052.102,2013-05-09,1095.00,543600
837,1092.00,1073.00,1092.00,PSN.L,1035.974,2013-05-08,1083.00,613800
838,1107.00,1057.00,1079.00,PSN.L,1023.641,2013-05-07,1107.00,919000
839,1099.00,1099.00,1099.00,PSN.L,1042.615,2013-05-06,1099.00,000
840,1106.00,1076.00,1099.00,PSN.L,1042.615,2013-05-03,1081.00,812000
841,1089.00,1070.00,1081.00,PSN.L,1025.538,2013-05-02,1085.00,660000
842,1093.00,1076.00,1090.00,PSN.L,1034.077,2013-05-01,1077.00,334400
843,1120.00,1077.00,1080.00,PSN.L,1024.59,2013-04-30,1100.00,937700
844,1137.00,1091.00,1097.00,PSN.L,1040.717,2013-04-29,1100.00,806800
845,1088.00,1065.00,1080.00,PSN.L,1024.59,2013-04-26,1074.00,658600
846,1100.00,1075.00,1076.00,PSN.L,1020.795,2013-04-25,1086.00,920600
847,1091.00,1059.00,1086.00,PSN.L,1030.282,2013-04-24,1071.00,1156100
848,1082.00,1053.00,1068.00,PSN.L,1013.205,2013-04-23,1060.00,1531600
849,1078.00,1051.00,1055.00,PSN.L,1000.872,2013-04-22,1072.00,2777100
850,1153.00,1101.00,1130.00,PSN.L,1072.024,2013-04-19,1122.00,1141200
851,1135.00,1102.00,1109.00,PSN.L,1052.102,2013-04-18,1118.00,1057100
852,1124.00,1084.00,1106.00,PSN.L,1049.256,2013-04-17,1116.00,853500
853,1132.00,1096.00,1108.00,PSN.L,1051.153,2013-04-16,1132.00,1465200
854,1145.97,1112.00,1132.00,PSN.L,1073.922,2013-04-15,1130.00,978800
855,1141.00,1071.53,1123.00,PSN.L,1065.383,2013-04-12,1102.00,890000
856,1116.00,1061.00,1098.00,PSN.L,1041.666,2013-04-11,1067.00,965700
857,1067.00,1015.64,1063.00,PSN.L,1008.462,2013-04-10,1041.00,653800
858,1039.00,1009.02,1033.00,PSN.L,980.001,2013-04-09,1015.00,1217500
859,1039.88,1002.00,1004.00,PSN.L,952.489,2013-04-08,1019.00,1199400
860,1040.38,1008.00,1011.00,PSN.L,959.13,2013-04-05,1028.00,798500
861,1074.48,1027.00,1032.00,PSN.L,979.052,2013-04-04,1066.00,944400
862,1074.00,1057.37,1068.00,PSN.L,1013.205,2013-04-03,1065.00,762000
863,1086.00,1061.50,1073.00,PSN.L,1017.949,2013-04-02,1065.00,750300
864,1069.00,1069.00,1069.00,PSN.L,1014.154,2013-04-01,1069.00,000
865,1069.00,1069.00,1069.00,PSN.L,1014.154,2013-03-29,1069.00,000
866,1077.00,1039.00,1069.00,PSN.L,1014.154,2013-03-28,1039.00,661800
867,1052.73,1028.25,1039.00,PSN.L,985.693,2013-03-27,1039.00,864700
868,1040.00,1021.00,1032.00,PSN.L,979.052,2013-03-26,1026.00,572600
869,1039.00,1024.00,1027.00,PSN.L,974.309,2013-03-25,1035.00,607700
870,1037.00,1026.00,1029.00,PSN.L,976.206,2013-03-22,1032.00,654100
871,1036.00,1014.00,1033.00,PSN.L,980.001,2013-03-21,1015.00,1231200
872,1053.84,970.50,1010.00,PSN.L,958.181,2013-03-20,977.00,1845200
873,984.00,958.18,971.50,PSN.L,921.656,2013-03-19,962.50,697800
874,968.00,937.81,966.00,PSN.L,916.438,2013-03-18,938.00,582800
875,972.50,949.00,953.00,PSN.L,904.105,2013-03-15,968.00,2025900
876,967.00,952.00,965.50,PSN.L,915.964,2013-03-14,960.00,719900
877,959.00,943.50,957.00,PSN.L,907.90,2013-03-13,948.00,587700
878,948.00,935.00,946.00,PSN.L,897.465,2013-03-12,937.00,632900
879,952.00,926.00,936.50,PSN.L,888.452,2013-03-11,947.00,780900
880,965.00,941.68,950.00,PSN.L,901.259,2013-03-08,950.50,455300
881,955.50,942.00,948.00,PSN.L,899.362,2013-03-07,955.50,650200
882,967.50,949.50,950.00,PSN.L,901.259,2013-03-06,959.50,1184000
883,962.50,935.10,956.50,PSN.L,907.426,2013-03-05,941.50,952600
884,942.00,926.90,935.00,PSN.L,887.029,2013-03-04,928.00,1048400
885,943.96,907.751,934.50,PSN.L,886.555,2013-03-01,911.00,1052800
886,916.50,892.00,913.50,PSN.L,866.632,2013-02-28,892.50,858100
887,904.81,881.50,889.00,PSN.L,843.389,2013-02-27,886.00,726300
888,895.927,873.50,885.50,PSN.L,840.069,2013-02-26,891.50,1053800
889,932.00,893.00,898.50,PSN.L,852.402,2013-02-25,932.00,919700
890,914.00,865.50,909.50,PSN.L,862.837,2013-02-22,868.50,927800
891,872.00,854.50,862.50,PSN.L,818.249,2013-02-21,870.00,480300
892,881.00,868.50,871.00,PSN.L,826.313,2013-02-20,870.50,726500
893,878.00,862.02,869.50,PSN.L,824.889,2013-02-19,865.00,423600
894,881.20,856.00,862.00,PSN.L,817.774,2013-02-18,880.50,293400
895,881.767,861.00,875.50,PSN.L,830.582,2013-02-15,869.50,466300
896,879.50,861.50,869.50,PSN.L,824.889,2013-02-14,875.50,338200
897,879.00,856.50,873.50,PSN.L,828.684,2013-02-13,866.00,792600
898,868.50,851.00,868.50,PSN.L,823.941,2013-02-12,851.00,456300
899,867.30,854.00,854.00,PSN.L,810.185,2013-02-11,862.00,447000
900,869.50,862.50,863.50,PSN.L,819.197,2013-02-08,862.50,350400
901,871.50,854.12,863.50,PSN.L,819.197,2013-02-07,862.50,488100
902,875.50,852.63,862.50,PSN.L,818.249,2013-02-06,853.50,728000
903,856.00,835.704,851.00,PSN.L,807.339,2013-02-05,840.50,461100
904,859.00,840.00,841.50,PSN.L,798.326,2013-02-04,859.00,442400
905,861.00,843.58,860.00,PSN.L,815.877,2013-02-01,844.00,693900
906,852.00,837.00,842.50,PSN.L,799.275,2013-01-31,840.00,613400
907,860.50,838.00,840.00,PSN.L,796.903,2013-01-30,858.50,756500
908,867.50,850.00,855.50,PSN.L,811.608,2013-01-29,865.50,566200
909,876.00,860.50,864.50,PSN.L,820.146,2013-01-28,872.50,453000
910,883.00,862.00,874.50,PSN.L,829.633,2013-01-25,862.50,771600
911,871.50,834.50,865.50,PSN.L,821.095,2013-01-24,840.00,534800
912,858.23,837.00,840.50,PSN.L,797.377,2013-01-23,857.50,690200
913,883.50,856.50,857.50,PSN.L,813.505,2013-01-22,883.50,824500
914,893.60,874.00,885.50,PSN.L,840.069,2013-01-21,889.00,485200
915,888.50,868.50,888.50,PSN.L,842.915,2013-01-18,876.50,429200
916,874.92,862.50,871.00,PSN.L,826.313,2013-01-17,874.00,424900
917,874.00,859.00,873.00,PSN.L,828.21,2013-01-16,872.00,734300
918,876.50,860.75,874.00,PSN.L,829.159,2013-01-15,862.00,559800
919,879.50,861.00,863.00,PSN.L,818.723,2013-01-14,873.00,695700
920,870.50,847.50,870.50,PSN.L,825.838,2013-01-11,847.50,1000400
921,853.00,833.50,847.00,PSN.L,803.544,2013-01-10,835.50,745100
922,840.00,828.668,835.50,PSN.L,792.634,2013-01-09,837.50,577800
923,854.00,823.00,836.00,PSN.L,793.108,2013-01-08,840.00,859900
924,841.50,822.50,837.00,PSN.L,794.057,2013-01-07,825.00,719500
925,831.66,806.136,829.00,PSN.L,786.467,2013-01-04,819.00,571700
926,834.00,812.00,822.50,PSN.L,780.301,2013-01-03,817.50,507100
927,827.50,809.269,820.50,PSN.L,778.403,2013-01-02,814.00,533500
928,800.00,800.00,800.00,PSN.L,758.955,2013-01-01,800.00,000
929,806.00,794.82,800.00,PSN.L,758.955,2012-12-31,798.00,140500
930,811.50,799.50,800.00,PSN.L,758.955,2012-12-28,805.00,237200
931,808.50,798.00,804.00,PSN.L,762.75,2012-12-27,803.50,257800
932,808.50,808.50,808.50,PSN.L,767.019,2012-12-26,808.50,000
933,808.50,808.50,808.50,PSN.L,767.019,2012-12-25,808.50,000
934,812.00,783.00,808.50,PSN.L,767.019,2012-12-24,783.00,129800
935,818.50,790.50,800.50,PSN.L,759.43,2012-12-21,815.50,964700
936,828.37,808.00,820.00,PSN.L,777.929,2012-12-20,811.50,924400
937,816.00,808.50,812.00,PSN.L,770.34,2012-12-19,813.50,910600
938,814.50,798.00,812.00,PSN.L,770.34,2012-12-18,798.50,735700
939,812.03,791.00,797.00,PSN.L,756.109,2012-12-17,801.00,431600
940,808.50,791.00,801.50,PSN.L,760.378,2012-12-14,792.50,382800
941,797.00,785.00,791.50,PSN.L,750.891,2012-12-13,789.50,358700
942,799.50,784.00,794.00,PSN.L,753.263,2012-12-12,788.50,626000
943,793.00,786.00,789.50,PSN.L,748.994,2012-12-11,788.00,201400
944,798.00,785.00,789.00,PSN.L,748.52,2012-12-10,792.00,345800
945,798.00,787.50,798.00,PSN.L,757.058,2012-12-07,787.50,577200
946,797.00,784.00,787.00,PSN.L,746.622,2012-12-06,786.50,385900
947,794.50,781.00,784.00,PSN.L,743.776,2012-12-05,785.00,380700
948,792.50,782.50,788.00,PSN.L,747.571,2012-12-04,791.50,373500
949,804.50,790.50,793.50,PSN.L,752.789,2012-12-03,801.00,453600
950,809.00,799.427,801.00,PSN.L,759.904,2012-11-30,802.00,627700
951,823.50,791.50,796.50,PSN.L,755.635,2012-11-29,818.50,1015200
952,773.00,754.273,772.00,PSN.L,732.392,2012-11-28,756.00,431800
953,770.00,754.50,757.50,PSN.L,718.636,2012-11-27,760.00,416900
954,772.50,758.00,759.50,PSN.L,720.533,2012-11-26,770.50,503400
955,779.50,768.50,770.50,PSN.L,730.969,2012-11-23,778.50,252300
956,784.50,773.00,779.00,PSN.L,739.033,2012-11-22,779.50,309300
957,781.50,773.00,778.50,PSN.L,738.558,2012-11-21,778.50,575800
958,778.50,749.357,778.50,PSN.L,738.558,2012-11-20,751.00,743000
959,758.50,749.00,753.50,PSN.L,714.841,2012-11-19,749.00,387000
960,757.00,743.00,745.00,PSN.L,706.777,2012-11-16,753.00,463100
961,757.00,749.00,753.00,PSN.L,714.367,2012-11-15,754.00,510100
962,771.00,753.00,758.00,PSN.L,719.11,2012-11-14,766.50,717900
963,768.50,748.929,766.50,PSN.L,727.174,2012-11-13,765.50,1297800
964,773.50,760.20,767.00,PSN.L,727.648,2012-11-12,766.50,387400
965,783.53,765.50,767.00,PSN.L,727.648,2012-11-09,780.00,389400
966,786.00,776.00,779.50,PSN.L,739.507,2012-11-08,786.00,566300
967,807.50,780.855,782.00,PSN.L,741.879,2012-11-07,807.00,518100
968,807.00,796.63,803.00,PSN.L,761.801,2012-11-06,800.00,400300
969,804.50,795.00,801.00,PSN.L,759.904,2012-11-05,802.50,692500
970,824.00,803.00,804.50,PSN.L,763.224,2012-11-02,815.50,879800
971,816.50,794.37,815.50,PSN.L,773.66,2012-11-01,794.50,815500
972,806.00,795.00,795.00,PSN.L,754.212,2012-10-31,803.00,580300
973,801.50,793.00,800.00,PSN.L,758.955,2012-10-30,797.50,434800
974,798.08,779.062,798.00,PSN.L,757.058,2012-10-29,782.50,370700
975,788.19,776.00,785.00,PSN.L,744.725,2012-10-26,784.00,534200
976,793.50,779.00,789.50,PSN.L,748.994,2012-10-25,779.00,535200
977,793.00,778.00,780.50,PSN.L,740.456,2012-10-24,792.00,656800
978,798.50,788.30,791.00,PSN.L,750.417,2012-10-23,793.50,583900
979,807.50,787.00,794.00,PSN.L,753.263,2012-10-22,807.50,994100
980,811.50,793.00,809.00,PSN.L,767.493,2012-10-19,796.50,886400
981,800.00,781.50,798.00,PSN.L,757.058,2012-10-18,793.50,1015300
982,794.50,773.00,791.50,PSN.L,750.891,2012-10-17,786.00,1998800
983,787.00,747.00,786.00,PSN.L,745.674,2012-10-16,750.00,2861100
984,748.00,728.50,746.50,PSN.L,708.20,2012-10-15,728.50,1200500
985,753.50,738.50,739.00,PSN.L,701.085,2012-10-12,753.50,842600
986,759.00,734.50,753.00,PSN.L,714.367,2012-10-11,736.00,1013500
987,743.93,727.50,734.50,PSN.L,696.816,2012-10-10,739.00,1027400
988,753.50,736.50,739.00,PSN.L,701.085,2012-10-09,752.50,1483700
989,758.50,740.00,751.50,PSN.L,712.944,2012-10-08,753.00,1253000
990,758.50,748.00,754.50,PSN.L,715.79,2012-10-05,754.00,1806100
991,759.75,751.50,753.50,PSN.L,714.841,2012-10-04,759.00,1266400
992,763.50,751.50,755.00,PSN.L,716.264,2012-10-03,759.50,552100
993,770.50,755.50,765.00,PSN.L,725.751,2012-10-02,755.50,969400
994,774.50,757.58,761.00,PSN.L,721.956,2012-10-01,758.00,1144400
995,763.00,751.50,758.50,PSN.L,719.584,2012-09-28,755.50,927700
996,762.00,745.50,755.00,PSN.L,716.264,2012-09-27,761.50,1103000
997,771.60,754.54,755.50,PSN.L,716.738,2012-09-26,770.50,872100
998,778.50,766.50,778.50,PSN.L,738.558,2012-09-25,770.50,835400
999,770.50,761.50,770.50,PSN.L,730.969,2012-09-24,765.50,411400
1000,775.00,763.00,771.50,PSN.L,731.917,2012-09-21,766.50,1589100
1001,765.50,752.00,764.50,PSN.L,725.277,2012-09-20,754.50,1371700
1002,768.50,758.00,758.50,PSN.L,719.584,2012-09-19,760.50,1620800
1003,780.00,759.12,759.50,PSN.L,720.533,2012-09-18,776.00,1778700
1004,787.50,774.50,780.50,PSN.L,740.456,2012-09-17,786.00,539200
1005,798.00,769.139,790.00,PSN.L,749.468,2012-09-14,787.00,1215200
1006,776.50,739.00,774.50,PSN.L,734.764,2012-09-13,739.00,1752400
1007,757.50,736.00,739.00,PSN.L,701.085,2012-09-12,752.50,1317000
1008,758.00,739.50,745.50,PSN.L,707.251,2012-09-11,756.00,2324400
1009,766.00,753.50,760.00,PSN.L,721.007,2012-09-10,756.00,1040000
1010,763.50,753.50,756.00,PSN.L,717.213,2012-09-07,763.50,1523600
1011,763.00,747.60,761.00,PSN.L,721.956,2012-09-06,750.50,1831700
1012,758.00,731.035,747.50,PSN.L,709.149,2012-09-05,735.00,1622000
1013,745.00,724.00,734.00,PSN.L,696.341,2012-09-04,736.50,1247200
1014,734.00,693.50,734.00,PSN.L,696.341,2012-09-03,698.00,1523900
1015,711.50,694.50,698.00,PSN.L,662.188,2012-08-31,699.00,1916700
1016,702.50,690.00,697.00,PSN.L,661.24,2012-08-30,695.50,1021600
1017,702.00,694.50,695.50,PSN.L,659.817,2012-08-29,694.50,887800
1018,698.50,691.00,696.50,PSN.L,660.765,2012-08-28,698.00,666600
1019,695.00,695.00,695.00,PSN.L,659.342,2012-08-27,695.00,000
1020,700.00,690.00,695.00,PSN.L,659.342,2012-08-24,692.50,975100
1021,696.529,683.723,693.50,PSN.L,657.919,2012-08-23,694.50,1189500
1022,699.094,678.45,690.00,PSN.L,654.599,2012-08-22,698.50,1087500
1023,717.00,678.745,697.00,PSN.L,661.24,2012-08-21,705.00,2051500
1024,706.00,690.18,705.00,PSN.L,668.829,2012-08-20,696.00,946700
1025,697.00,683.00,694.00,PSN.L,658.394,2012-08-17,687.50,779000
1026,687.00,675.50,683.00,PSN.L,647.958,2012-08-16,683.00,426700
1027,685.00,666.50,682.50,PSN.L,647.484,2012-08-15,668.00,674000
1028,672.50,663.50,668.00,PSN.L,633.728,2012-08-14,671.00,868900
1029,660.00,652.50,656.00,PSN.L,622.343,2012-08-13,658.00,495200
1030,662.00,651.50,659.00,PSN.L,625.189,2012-08-10,656.00,669200
1031,662.50,638.50,658.00,PSN.L,624.241,2012-08-09,645.00,820100
1032,644.00,636.00,644.00,PSN.L,610.959,2012-08-08,638.50,366800
1033,647.00,632.703,640.50,PSN.L,607.639,2012-08-07,643.00,434000
1034,652.50,637.50,645.00,PSN.L,611.908,2012-08-06,640.50,477800
1035,642.00,622.00,639.50,PSN.L,606.69,2012-08-03,622.00,424100
1036,631.00,617.50,622.00,PSN.L,590.088,2012-08-02,625.50,414600
1037,628.50,613.00,624.50,PSN.L,592.459,2012-08-01,614.00,530300
1038,624.00,611.50,615.50,PSN.L,583.921,2012-07-31,624.00,776300
1039,642.50,622.00,624.50,PSN.L,592.459,2012-07-30,642.50,507500
1040,640.50,628.25,637.50,PSN.L,604.792,2012-07-27,639.50,515800
1041,632.00,607.26,632.00,PSN.L,599.575,2012-07-26,609.50,524000
1042,619.50,600.50,606.00,PSN.L,574.909,2012-07-25,615.50,788200
1043,629.10,615.00,617.00,PSN.L,585.344,2012-07-24,623.00,647400
1044,648.17,611.50,618.00,PSN.L,586.293,2012-07-23,643.00,900000
1045,664.50,651.50,651.50,PSN.L,618.074,2012-07-20,662.00,1284500
1046,664.00,647.46,662.00,PSN.L,628.035,2012-07-19,648.00,866300
1047,651.50,642.00,644.50,PSN.L,611.433,2012-07-18,643.50,507700
1048,654.00,640.419,640.50,PSN.L,607.639,2012-07-17,654.00,557300
1049,649.00,630.00,648.00,PSN.L,614.754,2012-07-16,635.50,763700
1050,636.50,627.17,635.00,PSN.L,602.421,2012-07-13,627.50,379500
1051,629.00,616.50,625.00,PSN.L,592.934,2012-07-12,621.50,833900
1052,638.95,615.50,622.50,PSN.L,590.562,2012-07-11,626.00,472200
1053,637.00,627.50,630.50,PSN.L,598.152,2012-07-10,631.50,844000
1054,638.50,625.50,631.00,PSN.L,598.626,2012-07-09,625.50,931100
1055,640.00,630.00,638.50,PSN.L,605.741,2012-07-06,640.00,649900
1056,641.00,626.00,638.50,PSN.L,605.741,2012-07-05,629.50,1227400
1057,626.00,614.50,626.00,PSN.L,593.882,2012-07-04,621.00,1110000
1058,647.00,619.00,621.50,PSN.L,589.613,2012-07-03,634.00,1483900
1059,636.00,611.00,635.00,PSN.L,602.421,2012-07-02,612.50,1363000
1060,614.00,583.00,609.00,PSN.L,577.755,2012-06-29,586.00,1287500
1061,589.00,566.00,570.00,PSN.L,540.756,2012-06-28,588.50,935900
1062,590.00,580.50,587.50,PSN.L,557.358,2012-06-27,590.00,831700
1063,592.00,585.00,587.50,PSN.L,557.358,2012-06-26,587.00,1083400
1064,607.00,589.00,589.00,PSN.L,558.781,2012-06-25,600.50,829200
1065,605.50,592.00,603.50,PSN.L,572.537,2012-06-22,600.00,1258100
1066,619.00,603.50,608.50,PSN.L,577.28,2012-06-21,608.00,648200
1067,614.50,588.50,614.00,PSN.L,582.498,2012-06-20,596.00,764400
1068,597.26,585.50,593.50,PSN.L,563.05,2012-06-19,592.50,973700
1069,594.50,578.40,590.00,PSN.L,559.729,2012-06-18,593.50,1133600
1070,589.50,568.50,580.00,PSN.L,550.243,2012-06-15,569.50,2176900
1071,568.724,550.00,567.50,PSN.L,538.384,2012-06-14,567.00,922600
1072,584.50,558.00,570.50,PSN.L,541.23,2012-06-13,575.00,932400
1073,593.45,567.00,576.50,PSN.L,546.922,2012-06-12,589.50,1862600
1074,606.41,589.00,591.50,PSN.L,561.153,2012-06-11,600.00,1229800
1075,594.00,573.50,592.00,PSN.L,561.627,2012-06-08,580.50,1243100
1076,588.50,552.333,586.50,PSN.L,556.409,2012-06-07,555.00,1162900
1077,553.50,531.00,553.00,PSN.L,524.628,2012-06-06,533.00,1421600
1078,532.00,532.00,532.00,PSN.L,504.705,2012-06-05,532.00,000
1079,532.00,532.00,532.00,PSN.L,504.705,2012-06-04,532.00,000
1080,570.00,521.50,532.00,PSN.L,504.705,2012-06-01,565.50,2697800
1081,575.00,562.00,568.00,PSN.L,538.858,2012-05-31,565.00,1162900
1082,572.321,560.00,565.00,PSN.L,536.012,2012-05-30,569.50,950100
1083,575.558,557.50,575.50,PSN.L,545.973,2012-05-29,569.50,1332300
1084,572.00,552.00,568.00,PSN.L,538.858,2012-05-28,555.00,590800
1085,562.00,542.50,550.50,PSN.L,522.256,2012-05-25,560.00,853200
1086,563.00,549.00,558.50,PSN.L,529.846,2012-05-24,561.50,591500
1087,567.001,555.00,556.00,PSN.L,527.474,2012-05-23,563.50,801800
1088,575.00,554.00,572.00,PSN.L,542.653,2012-05-22,554.00,1065000
1089,554.50,545.00,548.50,PSN.L,520.359,2012-05-21,551.00,815100
1090,557.50,538.00,550.00,PSN.L,521.782,2012-05-18,557.50,1976900
1091,576.50,555.50,563.50,PSN.L,534.589,2012-05-17,572.00,1128700
1092,574.50,534.30,570.00,PSN.L,540.756,2012-05-16,542.00,1319800
1093,583.76,542.00,548.00,PSN.L,519.884,2012-05-15,577.50,1546800
1094,590.50,569.00,574.50,PSN.L,545.025,2012-05-14,587.50,923000
1095,595.50,583.00,594.50,PSN.L,563.999,2012-05-11,588.50,751300
1096,596.00,572.00,590.00,PSN.L,559.729,2012-05-10,572.50,1553600
1097,565.50,554.95,564.00,PSN.L,535.063,2012-05-09,560.50,1278900
1098,595.00,561.00,563.50,PSN.L,528.264,2012-05-08,594.00,1375800
1099,589.50,589.50,589.50,PSN.L,552.639,2012-05-07,589.50,000
1100,625.50,589.00,589.50,PSN.L,552.639,2012-05-04,625.50,1944900
1101,636.50,624.50,626.00,PSN.L,586.856,2012-05-03,633.50,872900
1102,638.00,627.50,632.50,PSN.L,592.95,2012-05-02,632.50,922800
1103,632.01,619.50,628.00,PSN.L,588.731,2012-05-01,629.00,646900
1104,645.943,625.50,628.50,PSN.L,589.20,2012-04-30,641.00,763100
1105,644.00,627.50,640.00,PSN.L,599.981,2012-04-27,633.50,712100
1106,639.50,628.00,638.50,PSN.L,598.575,2012-04-26,628.00,763100
1107,635.00,623.50,625.00,PSN.L,585.919,2012-04-25,629.00,1865800
1108,630.50,618.00,625.50,PSN.L,586.388,2012-04-24,619.50,1308200
1109,642.00,615.50,618.00,PSN.L,579.357,2012-04-23,640.00,1015400
1110,648.198,637.50,641.00,PSN.L,600.918,2012-04-20,648.00,1318200
1111,652.00,636.50,650.00,PSN.L,609.356,2012-04-19,639.50,1373500
1112,641.50,622.50,634.50,PSN.L,594.825,2012-04-18,641.50,1125200
1113,643.00,618.00,640.50,PSN.L,600.45,2012-04-17,624.00,1404400
1114,637.76,621.00,626.00,PSN.L,586.856,2012-04-16,637.50,1475900
1115,651.50,632.00,639.50,PSN.L,599.512,2012-04-13,637.00,1488200
1116,642.00,622.00,637.00,PSN.L,597.168,2012-04-12,630.00,1780400
1117,637.50,612.17,635.00,PSN.L,595.294,2012-04-11,613.50,1548000
1118,628.50,615.00,615.00,PSN.L,576.544,2012-04-10,620.00,1015800
1119,628.00,628.00,628.00,PSN.L,588.731,2012-04-09,628.00,000
1120,628.00,628.00,628.00,PSN.L,588.731,2012-04-06,628.00,000
1121,632.50,616.50,628.00,PSN.L,588.731,2012-04-05,620.00,895900
1122,635.00,616.00,618.50,PSN.L,579.825,2012-04-04,635.00,1042500
1123,652.00,629.50,635.00,PSN.L,595.294,2012-04-03,652.00,964800
1124,645.50,632.50,644.50,PSN.L,604.20,2012-04-02,644.00,1006300
1125,647.50,636.50,640.00,PSN.L,599.981,2012-03-30,641.50,916000
1126,658.14,628.50,639.50,PSN.L,599.512,2012-03-29,656.00,1058400
1127,666.00,652.00,656.50,PSN.L,615.449,2012-03-28,660.50,862400
1128,667.50,657.00,661.50,PSN.L,620.136,2012-03-27,667.50,917700
1129,662.566,640.00,662.50,PSN.L,621.074,2012-03-26,653.50,1388300
1130,662.00,639.00,641.50,PSN.L,601.387,2012-03-23,653.00,1373200
1131,675.50,657.00,661.00,PSN.L,619.668,2012-03-22,675.50,917500
1132,681.00,661.05,675.50,PSN.L,633.261,2012-03-21,663.50,994300
1133,670.50,654.00,660.00,PSN.L,618.73,2012-03-20,670.50,1304400
1134,684.50,670.00,671.50,PSN.L,629.511,2012-03-19,681.00,551900
1135,693.50,677.50,678.50,PSN.L,636.073,2012-03-16,680.50,1296600
1136,685.50,672.75,681.50,PSN.L,638.886,2012-03-15,675.00,1009000
1137,689.97,672.50,673.50,PSN.L,631.386,2012-03-14,684.00,1008100
1138,685.00,673.50,680.00,PSN.L,637.48,2012-03-13,676.00,1498300
1139,673.50,662.00,670.00,PSN.L,628.105,2012-03-12,664.50,913300
1140,679.00,665.00,670.50,PSN.L,628.574,2012-03-09,668.50,865800
1141,664.00,650.50,662.00,PSN.L,620.605,2012-03-08,650.50,859300
1142,658.83,637.00,655.00,PSN.L,614.043,2012-03-07,639.50,1138900
1143,644.00,631.00,634.50,PSN.L,594.825,2012-03-06,642.00,1927000
1144,656.50,637.50,643.00,PSN.L,602.793,2012-03-05,653.50,1997700
1145,676.00,652.00,654.50,PSN.L,613.574,2012-03-02,676.00,1921300
1146,692.00,670.00,674.50,PSN.L,632.324,2012-03-01,671.50,1624800
1147,707.059,671.50,675.50,PSN.L,633.261,2012-02-29,691.00,3126400
1148,750.00,701.00,706.50,PSN.L,662.323,2012-02-28,701.00,7387100
1149,631.50,605.00,627.00,PSN.L,587.794,2012-02-27,608.50,1102100
1150,625.50,607.00,608.00,PSN.L,569.982,2012-02-24,620.50,1754100
1151,623.50,611.00,621.50,PSN.L,582.638,2012-02-23,612.00,1598200
1152,615.50,602.00,612.50,PSN.L,574.20,2012-02-22,603.00,923600
1153,609.50,599.50,604.00,PSN.L,566.232,2012-02-21,609.50,1461700
1154,618.00,588.00,609.00,PSN.L,570.919,2012-02-20,591.00,2171600
1155,592.50,574.00,588.00,PSN.L,551.232,2012-02-17,574.00,1468300
1156,571.50,555.00,565.00,PSN.L,529.671,2012-02-16,565.50,1139500
1157,572.50,559.297,567.50,PSN.L,532.014,2012-02-15,565.50,815300
1158,565.50,554.00,562.00,PSN.L,526.858,2012-02-14,555.00,506900
1159,561.50,553.00,559.00,PSN.L,524.046,2012-02-13,553.00,495900
1160,552.50,540.915,551.00,PSN.L,516.546,2012-02-10,547.50,745900
1161,559.00,545.50,549.00,PSN.L,514.671,2012-02-09,548.00,838100
1162,560.00,540.00,546.00,PSN.L,511.859,2012-02-08,560.00,921500
1163,561.00,541.50,560.50,PSN.L,525.452,2012-02-07,554.50,1232500
1164,551.00,535.00,550.00,PSN.L,515.609,2012-02-06,544.00,819400
1165,548.50,527.50,548.50,PSN.L,514.202,2012-02-03,527.50,1080700
1166,544.00,529.00,530.00,PSN.L,496.859,2012-02-02,533.50,807300
1167,534.50,522.50,533.00,PSN.L,499.672,2012-02-01,527.50,1154500
1168,529.00,514.18,526.50,PSN.L,493.578,2012-01-31,518.50,720200
1169,521.00,508.54,515.00,PSN.L,482.797,2012-01-30,515.00,558900
1170,523.00,514.50,518.00,PSN.L,485.61,2012-01-27,520.00,389800
1171,528.50,518.00,518.50,PSN.L,486.078,2012-01-26,518.00,546400
1172,523.50,511.00,515.00,PSN.L,482.797,2012-01-25,519.50,551300
1173,527.00,511.50,519.50,PSN.L,487.016,2012-01-24,521.50,611700
1174,525.00,513.50,524.50,PSN.L,491.703,2012-01-23,520.00,573200
1175,534.00,519.50,521.00,PSN.L,488.422,2012-01-20,523.50,592600
1176,525.36,519.26,521.50,PSN.L,488.891,2012-01-19,523.00,746800
1177,524.50,512.50,522.50,PSN.L,489.828,2012-01-18,520.50,524500
1178,529.00,518.50,520.00,PSN.L,487.484,2012-01-17,527.50,552600
1179,522.50,511.246,519.50,PSN.L,487.016,2012-01-16,512.00,403500
1180,523.20,511.50,515.50,PSN.L,483.266,2012-01-13,519.50,689200
1181,516.50,498.536,516.50,PSN.L,484.203,2012-01-12,501.50,824400
1182,508.00,496.20,499.70,PSN.L,468.454,2012-01-11,508.00,1020200
1183,516.50,506.50,506.50,PSN.L,474.829,2012-01-10,507.50,1396200
1184,506.50,487.90,506.50,PSN.L,474.829,2012-01-09,487.90,1610900
1185,482.10,472.10,481.00,PSN.L,450.923,2012-01-06,473.00,610400
1186,476.00,469.10,473.00,PSN.L,443.423,2012-01-05,470.70,625200
1187,477.10,468.00,472.20,PSN.L,442.673,2012-01-04,472.30,904600
1188,485.90,459.80,471.50,PSN.L,442.017,2012-01-03,480.70,718200
1189,470.00,470.00,470.00,PSN.L,440.611,2012-01-02,470.00,000
1190,470.00,458.20,470.00,PSN.L,440.611,2011-12-30,465.50,200200
1191,464.70,457.30,464.10,PSN.L,435.08,2011-12-29,462.50,332400
1192,467.50,449.30,461.50,PSN.L,432.642,2011-12-28,459.10,475400
1193,461.30,461.30,461.30,PSN.L,432.455,2011-12-27,461.30,000
1194,461.30,461.30,461.30,PSN.L,432.455,2011-12-26,461.30,000
1195,468.90,461.30,461.30,PSN.L,432.455,2011-12-23,468.90,135100
1196,469.90,458.60,464.30,PSN.L,435.267,2011-12-22,462.50,563200
1197,469.90,458.00,459.90,PSN.L,431.143,2011-12-21,463.50,966700
1198,461.00,442.583,457.40,PSN.L,428.799,2011-12-20,446.20,845100
1199,459.00,444.60,446.20,PSN.L,418.299,2011-12-19,456.30,1125400
1200,470.50,459.60,460.10,PSN.L,431.33,2011-12-16,470.30,870700
1201,472.80,457.70,468.90,PSN.L,439.58,2011-12-15,462.70,633200
1202,476.70,459.30,461.70,PSN.L,432.83,2011-12-14,470.60,786300
1203,476.30,464.30,476.30,PSN.L,446.517,2011-12-13,470.00,1205500
1204,480.80,469.00,469.00,PSN.L,439.673,2011-12-12,478.60,687800
1205,484.30,467.90,481.70,PSN.L,451.579,2011-12-09,467.90,892200
1206,482.00,469.00,471.00,PSN.L,441.548,2011-12-08,480.00,999300
1207,493.30,473.90,480.10,PSN.L,450.079,2011-12-07,490.30,663600
1208,496.80,485.80,488.20,PSN.L,457.673,2011-12-06,488.10,642400
1209,519.00,491.40,491.40,PSN.L,460.673,2011-12-05,513.00,919300
1210,511.50,496.019,510.00,PSN.L,478.11,2011-12-02,499.20,900000
1211,502.50,485.70,494.90,PSN.L,463.954,2011-12-01,493.50,1844000
1212,496.50,476.60,493.20,PSN.L,462.36,2011-11-30,484.30,1442000
1213,491.80,475.80,490.10,PSN.L,459.454,2011-11-29,476.80,1460200
1214,482.40,462.00,477.30,PSN.L,447.454,2011-11-28,467.00,999700
1215,469.70,457.70,463.50,PSN.L,434.517,2011-11-25,462.00,754500
1216,467.32,458.20,461.70,PSN.L,432.83,2011-11-24,461.70,959100
1217,469.90,457.60,459.40,PSN.L,430.674,2011-11-23,461.50,919400
1218,484.90,466.60,467.40,PSN.L,438.174,2011-11-22,481.00,1217900
1219,495.073,474.90,476.50,PSN.L,446.705,2011-11-21,491.80,1954500
1220,502.50,482.60,495.00,PSN.L,464.048,2011-11-18,497.50,1120600
1221,504.00,490.90,500.50,PSN.L,469.204,2011-11-17,493.60,948500
1222,505.00,488.60,497.50,PSN.L,466.391,2011-11-16,491.00,1452100
1223,491.81,482.856,493.20,PSN.L,462.36,2011-11-15,485.30,1284900
1224,495.30,479.70,491.60,PSN.L,460.86,2011-11-14,491.00,601800
1225,490.60,475.70,486.50,PSN.L,456.079,2011-11-11,482.20,800100
1226,490.60,475.10,478.90,PSN.L,448.954,2011-11-10,476.10,713100
1227,493.90,477.50,486.10,PSN.L,455.704,2011-11-09,489.90,1099900
1228,506.006,489.00,490.00,PSN.L,459.36,2011-11-08,499.80,1552100
1229,507.50,491.80,496.30,PSN.L,465.266,2011-11-07,501.00,795800
1230,515.00,491.50,502.50,PSN.L,471.079,2011-11-04,514.50,1205700
1231,520.00,493.10,517.00,PSN.L,484.672,2011-11-03,493.50,1304600
1232,501.00,482.20,499.20,PSN.L,467.985,2011-11-02,491.50,870100
1233,492.20,475.30,487.80,PSN.L,453.131,2011-11-01,488.30,1189800
1234,514.00,497.70,497.70,PSN.L,462.328,2011-10-31,513.50,1011000
1235,520.00,506.50,510.50,PSN.L,474.218,2011-10-28,520.00,1233500
1236,525.50,515.50,518.50,PSN.L,481.65,2011-10-27,518.50,997800
1237,510.00,499.60,508.50,PSN.L,472.36,2011-10-26,504.00,818700
1238,509.50,499.10,507.00,PSN.L,470.967,2011-10-25,499.50,665400
1239,511.50,485.70,503.00,PSN.L,467.251,2011-10-24,490.90,1084900
1240,494.50,484.30,486.40,PSN.L,451.831,2011-10-21,487.30,555000
1241,493.70,482.90,486.90,PSN.L,452.295,2011-10-20,482.90,770000
1242,495.60,485.00,492.70,PSN.L,457.683,2011-10-19,491.50,751600
1243,490.50,477.90,489.60,PSN.L,454.804,2011-10-18,477.90,609000
1244,497.80,481.40,483.40,PSN.L,449.044,2011-10-17,486.60,730800
1245,495.00,482.20,485.30,PSN.L,450.809,2011-10-14,488.40,592000
1246,496.10,484.60,486.20,PSN.L,451.645,2011-10-13,488.60,1449100
1247,493.20,477.90,488.60,PSN.L,453.875,2011-10-12,481.00,1157000
1248,491.30,475.80,485.10,PSN.L,450.623,2011-10-11,488.80,1060800
1249,501.00,481.80,493.80,PSN.L,458.705,2011-10-10,489.30,684000
1250,489.20,476.20,485.00,PSN.L,450.53,2011-10-07,485.60,1139600
1251,488.80,465.20,483.90,PSN.L,449.509,2011-10-06,468.90,1656800
1252,466.50,449.40,462.00,PSN.L,429.165,2011-10-05,450.40,1481600
1253,447.433,431.00,440.00,PSN.L,408.729,2011-10-04,444.00,971700
1254,452.60,445.90,449.50,PSN.L,417.553,2011-10-03,448.50,557900
1255,457.10,449.973,455.50,PSN.L,423.127,2011-09-30,455.90,814200
1256,461.00,453.20,460.20,PSN.L,427.493,2011-09-29,454.30,574500
1257,465.00,455.00,457.70,PSN.L,425.171,2011-09-28,457.10,916200
1258,469.40,459.779,460.30,PSN.L,427.586,2011-09-27,467.80,1243900
1259,472.40,451.283,456.20,PSN.L,423.777,2011-09-26,451.50,1070100
1260,461.10,444.13,460.30,PSN.L,427.586,2011-09-23,459.30,767100
1261,461.50,452.20,454.50,PSN.L,422.198,2011-09-22,461.00,1055300
1262,476.40,459.80,470.00,PSN.L,436.597,2011-09-21,460.70,1447100
1263,462.50,434.20,462.00,PSN.L,429.165,2011-09-20,434.20,863900
1264,452.80,439.70,440.20,PSN.L,408.914,2011-09-19,444.50,934100
1265,463.80,450.20,454.40,PSN.L,422.105,2011-09-16,459.00,899600
1266,459.90,429.40,455.90,PSN.L,423.499,2011-09-15,436.00,829200
1267,441.80,429.60,437.20,PSN.L,406.128,2011-09-14,430.80,777000
1268,437.90,426.40,430.20,PSN.L,399.625,2011-09-13,435.70,728000
1269,437.30,425.10,432.10,PSN.L,401.39,2011-09-12,428.30,959900
1270,451.20,434.70,436.20,PSN.L,405.199,2011-09-09,445.50,529200
1271,458.30,441.70,449.70,PSN.L,417.739,2011-09-08,447.60,676200
1272,454.00,440.60,445.70,PSN.L,414.024,2011-09-07,446.90,843500
1273,444.00,427.80,436.30,PSN.L,405.292,2011-09-06,432.30,1093400
1274,438.50,431.80,434.30,PSN.L,403.434,2011-09-05,436.50,1180300
1275,454.50,438.30,445.40,PSN.L,413.745,2011-09-02,450.60,828800
1276,462.80,443.60,455.90,PSN.L,423.499,2011-09-01,458.10,1460500
1277,454.345,441.00,454.30,PSN.L,422.012,2011-08-31,441.00,1560800
1278,443.10,432.60,440.60,PSN.L,409.286,2011-08-30,435.40,1128100
1279,436.90,424.00,430.50,PSN.L,399.904,2011-08-26,430.30,1125600
1280,434.90,413.20,430.50,PSN.L,399.904,2011-08-25,416.30,2093700
1281,414.70,393.20,408.70,PSN.L,379.653,2011-08-24,396.80,2053000
1282,401.40,294.40,396.00,PSN.L,367.856,2011-08-23,389.70,2532500
1283,387.90,365.80,383.10,PSN.L,355.873,2011-08-22,372.50,1469900
1284,384.00,361.30,374.00,PSN.L,347.419,2011-08-19,377.30,1306000
1285,405.30,374.20,378.20,PSN.L,351.321,2011-08-18,405.30,1185600
1286,416.00,400.60,409.20,PSN.L,380.118,2011-08-17,412.40,1046400
1287,419.20,409.60,413.30,PSN.L,383.926,2011-08-16,416.30,733900
1288,428.80,413.10,418.50,PSN.L,388.757,2011-08-15,425.00,617300
1289,420.60,395.30,420.60,PSN.L,390.707,2011-08-12,405.20,1395900
1290,406.20,382.30,403.10,PSN.L,374.451,2011-08-11,405.60,1609800
1291,413.80,390.20,394.80,PSN.L,366.741,2011-08-10,400.40,2167500
1292,394.70,371.70,393.80,PSN.L,365.812,2011-08-09,384.80,2825500
1293,412.50,385.40,385.60,PSN.L,358.195,2011-08-08,397.00,1280100
1294,420.40,381.20,404.50,PSN.L,375.752,2011-08-05,397.90,1190800
1295,441.60,399.30,406.50,PSN.L,377.61,2011-08-04,439.40,2031100
1296,438.10,425.77,431.30,PSN.L,400.647,2011-08-03,436.10,1517800
1297,452.10,441.00,442.20,PSN.L,410.772,2011-08-02,444.20,1288900
1298,472.443,445.80,445.80,PSN.L,414.116,2011-08-01,468.70,1892900
1299,463.50,452.30,461.80,PSN.L,428.979,2011-07-29,458.50,1302900
1300,461.70,450.00,460.10,PSN.L,427.40,2011-07-28,452.50,752800
