,Close,Symbol,Open,High,Date,Low,Volume,Adj_Close
0,1.84,PNA.AX,1.84,1.84,2015-06-12,1.84,000,1.84
1,1.84,PNA.AX,1.84,1.84,2015-06-11,1.84,000,1.84
2,1.84,PNA.AX,1.84,1.84,2015-06-10,1.84,000,1.84
3,1.84,PNA.AX,1.845,1.845,2015-06-09,1.84,710100,1.84
4,1.84,PNA.AX,1.84,1.84,2015-06-08,1.84,000,1.84
5,1.84,PNA.AX,1.84,1.845,2015-06-05,1.84,192800,1.84
6,1.84,PNA.AX,1.84,1.845,2015-06-04,1.84,712700,1.84
7,1.84,PNA.AX,1.84,1.845,2015-06-03,1.84,996100,1.84
8,1.84,PNA.AX,1.84,1.845,2015-06-02,1.84,493100,1.84
9,1.84,PNA.AX,1.84,1.85,2015-06-01,1.84,185800,1.84
10,1.84,PNA.AX,1.845,1.85,2015-05-29,1.84,1595400,1.84
11,1.845,PNA.AX,1.845,1.85,2015-05-28,1.83,1179400,1.845
12,1.845,PNA.AX,1.845,1.85,2015-05-27,1.845,540700,1.845
13,1.845,PNA.AX,1.845,1.85,2015-05-26,1.845,861100,1.845
14,1.845,PNA.AX,1.85,1.85,2015-05-25,1.845,1729600,1.845
15,1.85,PNA.AX,1.85,1.855,2015-05-22,1.845,5188600,1.85
16,1.85,PNA.AX,1.85,1.855,2015-05-21,1.85,2783800,1.85
17,1.845,PNA.AX,1.845,1.85,2015-05-20,1.845,2416200,1.845
18,1.845,PNA.AX,1.845,1.85,2015-05-19,1.845,1402800,1.845
19,1.845,PNA.AX,1.85,1.85,2015-05-18,1.845,974000,1.845
20,1.85,PNA.AX,1.85,1.85,2015-05-15,1.845,4002700,1.85
21,1.855,PNA.AX,1.845,1.855,2015-05-14,1.845,10301400,1.855
22,1.85,PNA.AX,1.85,1.855,2015-05-13,1.85,16434800,1.85
23,1.85,PNA.AX,1.85,1.855,2015-05-12,1.85,23943800,1.85
24,1.85,PNA.AX,1.85,1.855,2015-05-11,1.85,67660500,1.85
25,1.73,PNA.AX,1.73,1.73,2015-05-08,1.73,000,1.73
26,1.73,PNA.AX,1.735,1.74,2015-05-07,1.725,2958900,1.73
27,1.74,PNA.AX,1.745,1.755,2015-05-06,1.74,8149000,1.74
28,1.755,PNA.AX,1.755,1.76,2015-05-05,1.75,1793600,1.755
29,1.76,PNA.AX,1.76,1.76,2015-05-04,1.74,1852200,1.76
30,1.755,PNA.AX,1.745,1.755,2015-05-01,1.745,3622700,1.755
31,1.745,PNA.AX,1.74,1.75,2015-04-30,1.74,3194500,1.745
32,1.74,PNA.AX,1.74,1.75,2015-04-29,1.74,2677900,1.74
33,1.74,PNA.AX,1.75,1.75,2015-04-28,1.74,10020300,1.74
34,1.75,PNA.AX,1.745,1.755,2015-04-27,1.745,2792100,1.75
35,1.74,PNA.AX,1.75,1.76,2015-04-24,1.74,2395600,1.74
36,1.74,PNA.AX,1.74,1.75,2015-04-23,1.735,3925100,1.74
37,1.74,PNA.AX,1.735,1.74,2015-04-22,1.735,3494800,1.74
38,1.735,PNA.AX,1.735,1.74,2015-04-21,1.735,2350400,1.735
39,1.74,PNA.AX,1.735,1.74,2015-04-20,1.735,3673300,1.74
40,1.735,PNA.AX,1.74,1.745,2015-04-17,1.735,6079800,1.735
41,1.745,PNA.AX,1.74,1.75,2015-04-16,1.74,5566000,1.745
42,1.735,PNA.AX,1.735,1.755,2015-04-15,1.735,3706000,1.735
43,1.74,PNA.AX,1.74,1.75,2015-04-14,1.735,2332100,1.74
44,1.74,PNA.AX,1.745,1.75,2015-04-13,1.735,2957800,1.74
45,1.75,PNA.AX,1.75,1.755,2015-04-10,1.745,1640200,1.75
46,1.745,PNA.AX,1.75,1.755,2015-04-09,1.745,2490100,1.745
47,1.745,PNA.AX,1.745,1.755,2015-04-08,1.74,3042100,1.745
48,1.735,PNA.AX,1.74,1.745,2015-04-07,1.735,3124700,1.735
49,1.74,PNA.AX,1.74,1.74,2015-04-06,1.74,000,1.74
50,1.74,PNA.AX,1.74,1.74,2015-04-03,1.74,000,1.74
51,1.74,PNA.AX,1.725,1.745,2015-04-02,1.725,3202500,1.74
52,1.72,PNA.AX,1.72,1.725,2015-04-01,1.72,25195500,1.72
53,1.72,PNA.AX,1.72,1.73,2015-03-31,1.72,19146000,1.72
54,1.715,PNA.AX,1.72,1.725,2015-03-30,1.71,60154900,1.715
55,1.225,PNA.AX,1.27,1.28,2015-03-27,1.215,2669100,1.225
56,1.25,PNA.AX,1.23,1.27,2015-03-26,1.197,3002000,1.25
57,1.265,PNA.AX,1.245,1.285,2015-03-25,1.23,4369700,1.265
58,1.24,PNA.AX,1.23,1.27,2015-03-24,1.195,8293500,1.24
59,1.18,PNA.AX,1.18,1.195,2015-03-23,1.16,2080000,1.18
60,1.15,PNA.AX,1.115,1.165,2015-03-20,1.115,2329600,1.15
61,1.12,PNA.AX,1.12,1.135,2015-03-19,1.105,2022300,1.12
62,1.10,PNA.AX,1.14,1.14,2015-03-18,1.095,2877600,1.10
63,1.145,PNA.AX,1.165,1.175,2015-03-17,1.135,2873900,1.145
64,1.17,PNA.AX,1.17,1.18,2015-03-16,1.152,1717500,1.17
65,1.165,PNA.AX,1.175,1.235,2015-03-13,1.15,4358000,1.165
66,1.14,PNA.AX,1.20,1.21,2015-03-12,1.135,6750900,1.14
67,1.195,PNA.AX,1.155,1.21,2015-03-11,1.14,2323800,1.195
68,1.18,PNA.AX,1.235,1.24,2015-03-10,1.17,5908600,1.18
69,1.225,PNA.AX,1.24,1.24,2015-03-09,1.21,2468400,1.225
70,1.265,PNA.AX,1.32,1.33,2015-03-06,1.26,2504400,1.265
71,1.32,PNA.AX,1.305,1.34,2015-03-05,1.305,2888900,1.32
72,1.31,PNA.AX,1.31,1.325,2015-03-04,1.295,3442000,1.31
73,1.33,PNA.AX,1.33,1.34,2015-03-03,1.31,3845400,1.33
74,1.315,PNA.AX,1.315,1.33,2015-03-02,1.30,2579400,1.315
75,1.31,PNA.AX,1.30,1.32,2015-02-27,1.29,6092000,1.31
76,1.275,PNA.AX,1.275,1.30,2015-02-26,1.245,1840300,1.275
77,1.28,PNA.AX,1.215,1.29,2015-02-25,1.205,8651400,1.28
78,1.18,PNA.AX,1.19,1.215,2015-02-24,1.17,4601800,1.18
79,1.19,PNA.AX,1.27,1.275,2015-02-23,1.18,4897200,1.19
80,1.26,PNA.AX,1.335,1.335,2015-02-20,1.225,2670900,1.26
81,1.35,PNA.AX,1.48,1.49,2015-02-19,1.34,3974900,1.35
82,1.45,PNA.AX,1.45,1.455,2015-02-18,1.415,1893100,1.45
83,1.46,PNA.AX,1.425,1.475,2015-02-17,1.415,2420000,1.46
84,1.42,PNA.AX,1.42,1.44,2015-02-16,1.40,1815600,1.42
85,1.38,PNA.AX,1.34,1.385,2015-02-13,1.32,3290600,1.38
86,1.28,PNA.AX,1.32,1.32,2015-02-12,1.27,1639000,1.28
87,1.30,PNA.AX,1.34,1.34,2015-02-11,1.28,1835600,1.30
88,1.345,PNA.AX,1.325,1.355,2015-02-10,1.325,4612400,1.345
89,1.33,PNA.AX,1.36,1.37,2015-02-09,1.30,7962400,1.33
90,1.395,PNA.AX,1.37,1.42,2015-02-06,1.335,3587200,1.395
91,1.355,PNA.AX,1.37,1.375,2015-02-05,1.32,2806400,1.355
92,1.36,PNA.AX,1.30,1.37,2015-02-04,1.29,7333000,1.36
93,1.245,PNA.AX,1.185,1.255,2015-02-03,1.185,5460800,1.245
94,1.165,PNA.AX,1.235,1.24,2015-02-02,1.16,5894900,1.165
95,1.21,PNA.AX,1.25,1.25,2015-01-30,1.18,4537800,1.21
96,1.27,PNA.AX,1.23,1.315,2015-01-29,1.227,4021500,1.27
97,1.21,PNA.AX,1.23,1.252,2015-01-28,1.20,3354400,1.21
98,1.25,PNA.AX,1.33,1.335,2015-01-27,1.23,2406700,1.25
99,1.33,PNA.AX,1.33,1.33,2015-01-26,1.33,000,1.33
100,1.33,PNA.AX,1.31,1.34,2015-01-23,1.29,1526000,1.33
101,1.305,PNA.AX,1.29,1.31,2015-01-22,1.275,1726700,1.305
102,1.28,PNA.AX,1.315,1.32,2015-01-21,1.265,2073100,1.28
103,1.305,PNA.AX,1.265,1.325,2015-01-20,1.255,1830300,1.305
104,1.265,PNA.AX,1.27,1.295,2015-01-19,1.25,1795500,1.265
105,1.22,PNA.AX,1.30,1.33,2015-01-16,1.215,3003400,1.22
106,1.265,PNA.AX,1.26,1.30,2015-01-15,1.245,3096100,1.265
107,1.305,PNA.AX,1.38,1.39,2015-01-14,1.297,4031200,1.305
108,1.445,PNA.AX,1.40,1.45,2015-01-13,1.375,1568000,1.445
109,1.405,PNA.AX,1.405,1.43,2015-01-12,1.38,758200,1.405
110,1.425,PNA.AX,1.44,1.45,2015-01-09,1.405,2469800,1.425
111,1.44,PNA.AX,1.44,1.465,2015-01-08,1.425,2115400,1.44
112,1.455,PNA.AX,1.44,1.465,2015-01-07,1.41,1650400,1.455
113,1.45,PNA.AX,1.45,1.465,2015-01-06,1.425,1215700,1.45
114,1.47,PNA.AX,1.43,1.495,2015-01-05,1.43,998100,1.47
115,1.445,PNA.AX,1.42,1.46,2015-01-02,1.405,337400,1.445
116,1.415,PNA.AX,1.415,1.415,2015-01-01,1.415,000,1.415
117,1.415,PNA.AX,1.47,1.475,2014-12-31,1.385,1023100,1.415
118,1.45,PNA.AX,1.49,1.49,2014-12-30,1.445,659000,1.45
119,1.495,PNA.AX,1.435,1.51,2014-12-29,1.43,786200,1.495
120,1.425,PNA.AX,1.425,1.425,2014-12-26,1.425,000,1.425
121,1.425,PNA.AX,1.425,1.425,2014-12-25,1.425,000,1.425
122,1.425,PNA.AX,1.45,1.45,2014-12-24,1.425,160900,1.425
123,1.445,PNA.AX,1.505,1.505,2014-12-23,1.425,688700,1.445
124,1.515,PNA.AX,1.485,1.53,2014-12-22,1.465,1479700,1.515
125,1.47,PNA.AX,1.43,1.535,2014-12-19,1.415,2782000,1.47
126,1.41,PNA.AX,1.35,1.44,2014-12-18,1.35,4177400,1.41
127,1.34,PNA.AX,1.30,1.357,2014-12-17,1.27,4531300,1.34
128,1.335,PNA.AX,1.32,1.365,2014-12-16,1.28,2742900,1.335
129,1.375,PNA.AX,1.37,1.40,2014-12-15,1.35,1420500,1.375
130,1.425,PNA.AX,1.465,1.465,2014-12-12,1.415,1698900,1.425
131,1.42,PNA.AX,1.415,1.44,2014-12-11,1.39,1901900,1.42
132,1.46,PNA.AX,1.455,1.49,2014-12-10,1.425,2178600,1.46
133,1.45,PNA.AX,1.44,1.48,2014-12-09,1.425,1878300,1.45
134,1.50,PNA.AX,1.455,1.505,2014-12-08,1.42,2543600,1.50
135,1.495,PNA.AX,1.48,1.51,2014-12-05,1.465,1728800,1.495
136,1.49,PNA.AX,1.46,1.49,2014-12-04,1.415,1664100,1.49
137,1.455,PNA.AX,1.40,1.46,2014-12-03,1.385,2957200,1.455
138,1.41,PNA.AX,1.41,1.42,2014-12-02,1.365,5892900,1.41
139,1.33,PNA.AX,1.60,1.60,2014-12-01,1.21,9782700,1.33
140,1.645,PNA.AX,1.655,1.6625,2014-11-28,1.625,1300300,1.645
141,1.67,PNA.AX,1.69,1.69,2014-11-27,1.645,7360400,1.67
142,1.705,PNA.AX,1.695,1.72,2014-11-26,1.685,1467300,1.705
143,1.715,PNA.AX,1.73,1.75,2014-11-25,1.71,1307700,1.715
144,1.765,PNA.AX,1.71,1.78,2014-11-24,1.695,2740000,1.765
145,1.66,PNA.AX,1.675,1.685,2014-11-21,1.64,868600,1.66
146,1.68,PNA.AX,1.68,1.735,2014-11-20,1.67,1791100,1.68
147,1.675,PNA.AX,1.695,1.71,2014-11-19,1.665,2259300,1.675
148,1.71,PNA.AX,1.67,1.72,2014-11-18,1.665,4337800,1.71
149,1.67,PNA.AX,1.635,1.69,2014-11-17,1.635,2513700,1.67
150,1.63,PNA.AX,1.625,1.667,2014-11-14,1.592,2068800,1.63
151,1.625,PNA.AX,1.645,1.645,2014-11-13,1.62,1198700,1.625
152,1.64,PNA.AX,1.645,1.6475,2014-11-12,1.615,1403500,1.64
153,1.625,PNA.AX,1.615,1.64,2014-11-11,1.58,2407400,1.625
154,1.62,PNA.AX,1.585,1.64,2014-11-10,1.585,2847600,1.62
155,1.58,PNA.AX,1.58,1.6025,2014-11-07,1.555,3891900,1.58
156,1.595,PNA.AX,1.66,1.69,2014-11-06,1.575,4323900,1.595
157,1.67,PNA.AX,1.70,1.70,2014-11-05,1.65,1908600,1.67
158,1.71,PNA.AX,1.695,1.72,2014-11-04,1.675,2613200,1.71
159,1.695,PNA.AX,1.69,1.70,2014-11-03,1.665,2343500,1.695
160,1.71,PNA.AX,1.775,1.775,2014-10-31,1.685,3979700,1.71
161,1.75,PNA.AX,1.74,1.79,2014-10-30,1.70,2800400,1.75
162,1.785,PNA.AX,1.785,1.80,2014-10-29,1.74,3029800,1.785
163,1.735,PNA.AX,1.685,1.74,2014-10-28,1.67,21249500,1.735
164,1.68,PNA.AX,1.71,1.745,2014-10-27,1.67,1489000,1.68
165,1.715,PNA.AX,1.71,1.715,2014-10-24,1.695,1611600,1.715
166,1.69,PNA.AX,1.70,1.707,2014-10-23,1.665,1577000,1.69
167,1.72,PNA.AX,1.75,1.7525,2014-10-22,1.715,1810700,1.72
168,1.71,PNA.AX,1.725,1.73,2014-10-21,1.705,1631500,1.71
169,1.725,PNA.AX,1.825,1.825,2014-10-20,1.72,3183700,1.725
170,1.75,PNA.AX,1.77,1.77,2014-10-17,1.72,2385900,1.75
171,1.775,PNA.AX,1.84,1.845,2014-10-16,1.75,6442800,1.775
172,1.90,PNA.AX,1.925,1.96,2014-10-15,1.875,3278500,1.90
173,1.935,PNA.AX,1.715,1.935,2014-10-14,1.715,3759500,1.935
174,1.745,PNA.AX,1.715,1.745,2014-10-13,1.69,3095200,1.745
175,1.77,PNA.AX,1.795,1.815,2014-10-10,1.74,1758100,1.77
176,1.815,PNA.AX,1.81,1.825,2014-10-09,1.79,12620400,1.815
177,1.785,PNA.AX,1.78,1.815,2014-10-08,1.76,2519300,1.785
178,1.80,PNA.AX,1.81,1.825,2014-10-07,1.775,2161000,1.80
179,1.80,PNA.AX,1.80,1.805,2014-10-06,1.782,1234100,1.80
180,1.79,PNA.AX,1.80,1.82,2014-10-03,1.772,3352700,1.79
181,1.825,PNA.AX,1.86,1.865,2014-10-02,1.805,4441700,1.825
182,1.875,PNA.AX,1.92,1.925,2014-10-01,1.862,2357400,1.875
183,1.95,PNA.AX,1.98,1.985,2014-09-30,1.95,2548700,1.95
184,1.98,PNA.AX,1.95,2.00,2014-09-29,1.95,1256300,1.98
185,1.955,PNA.AX,1.95,1.975,2014-09-26,1.947,1382100,1.955
186,2.01,PNA.AX,2.00,2.03,2014-09-25,1.995,913700,2.01
187,2.00,PNA.AX,2.01,2.02,2014-09-24,1.95,2911900,2.00
188,2.03,PNA.AX,2.01,2.03,2014-09-23,1.985,2515200,2.03
189,2.02,PNA.AX,2.02,2.03,2014-09-22,2.00,2017800,2.02
190,2.03,PNA.AX,1.99,2.04,2014-09-19,1.99,1299700,2.03
191,2.03,PNA.AX,2.02,2.05,2014-09-18,1.985,2127500,2.03
192,2.01,PNA.AX,2.01,2.06,2014-09-17,2.01,5578000,2.01
193,1.985,PNA.AX,2.06,2.06,2014-09-16,1.95,8149100,1.985
194,2.08,PNA.AX,2.10,2.11,2014-09-15,2.07,1460000,2.08
195,2.12,PNA.AX,2.15,2.16,2014-09-12,2.11,1900800,2.12
196,2.16,PNA.AX,2.19,2.20,2014-09-11,2.16,548800,2.16
197,2.19,PNA.AX,2.19,2.21,2014-09-10,2.18,903500,2.19
198,2.22,PNA.AX,2.20,2.23,2014-09-09,2.20,751200,2.22
199,2.21,PNA.AX,2.21,2.24,2014-09-08,2.19,786200,2.21
200,2.22,PNA.AX,2.24,2.24,2014-09-05,2.19,2523800,2.22
201,2.24,PNA.AX,2.23,2.25,2014-09-04,2.23,960200,2.24
202,2.24,PNA.AX,2.20,2.26,2014-09-03,2.20,863900,2.24
203,2.22,PNA.AX,2.26,2.28,2014-09-02,2.21,1392700,2.22
204,2.26,PNA.AX,2.28,2.31,2014-09-01,2.25,746100,2.23
205,2.29,PNA.AX,2.30,2.30,2014-08-29,2.28,560300,2.2596
206,2.30,PNA.AX,2.27,2.30,2014-08-28,2.26,735100,2.26947
207,2.31,PNA.AX,2.30,2.33,2014-08-27,2.285,891500,2.27934
208,2.31,PNA.AX,2.32,2.32,2014-08-26,2.28,6349600,2.27934
209,2.33,PNA.AX,2.31,2.33,2014-08-25,2.30,740800,2.29907
210,2.33,PNA.AX,2.30,2.34,2014-08-22,2.30,922900,2.29907
211,2.30,PNA.AX,2.31,2.335,2014-08-21,2.23,1621400,2.26947
212,2.35,PNA.AX,2.35,2.35,2014-08-20,2.34,533300,2.31881
213,2.35,PNA.AX,2.31,2.35,2014-08-19,2.305,1391500,2.31881
214,2.30,PNA.AX,2.31,2.32,2014-08-18,2.285,1517100,2.26947
215,2.33,PNA.AX,2.29,2.33,2014-08-15,2.285,666400,2.29907
216,2.29,PNA.AX,2.30,2.30,2014-08-14,2.26,3040000,2.2596
217,2.31,PNA.AX,2.27,2.33,2014-08-13,2.27,2384200,2.27934
218,2.33,PNA.AX,2.30,2.33,2014-08-12,2.28,1245300,2.29907
219,2.31,PNA.AX,2.29,2.315,2014-08-11,2.285,1681900,2.27934
220,2.27,PNA.AX,2.28,2.29,2014-08-08,2.26,1100400,2.23987
221,2.29,PNA.AX,2.29,2.30,2014-08-07,2.28,1540200,2.2596
222,2.29,PNA.AX,2.28,2.29,2014-08-06,2.26,1921200,2.2596
223,2.30,PNA.AX,2.25,2.30,2014-08-05,2.25,1624400,2.26947
224,2.26,PNA.AX,2.23,2.265,2014-08-04,2.23,1079300,2.23
225,2.26,PNA.AX,2.27,2.28,2014-08-01,2.245,1556700,2.23
226,2.28,PNA.AX,2.26,2.28,2014-07-31,2.25,1428600,2.24973
227,2.27,PNA.AX,2.25,2.27,2014-07-30,2.24,1124300,2.23987
228,2.27,PNA.AX,2.23,2.27,2014-07-29,2.22,1703200,2.23987
229,2.23,PNA.AX,2.18,2.24,2014-07-28,2.18,5447500,2.2004
230,2.20,PNA.AX,2.20,2.225,2014-07-25,2.19,1321300,2.1708
231,2.22,PNA.AX,2.24,2.24,2014-07-24,2.20,624700,2.19053
232,2.24,PNA.AX,2.23,2.25,2014-07-23,2.21,1080900,2.21027
233,2.22,PNA.AX,2.23,2.23,2014-07-22,2.18,1002600,2.19053
234,2.22,PNA.AX,2.22,2.23,2014-07-21,2.19,1314200,2.19053
235,2.23,PNA.AX,2.20,2.23,2014-07-18,2.20,444300,2.2004
236,2.22,PNA.AX,2.25,2.255,2014-07-17,2.21,1410000,2.19053
237,2.23,PNA.AX,2.21,2.25,2014-07-16,2.19,2306800,2.2004
238,2.19,PNA.AX,2.12,2.19,2014-07-15,2.12,2238000,2.16093
239,2.15,PNA.AX,2.26,2.26,2014-07-14,2.05,5708200,2.12146
240,2.25,PNA.AX,2.25,2.27,2014-07-11,2.25,562200,2.22013
241,2.26,PNA.AX,2.25,2.27,2014-07-10,2.25,738600,2.23
242,2.25,PNA.AX,2.25,2.275,2014-07-09,2.25,810800,2.22013
243,2.26,PNA.AX,2.25,2.27,2014-07-08,2.25,669600,2.23
244,2.25,PNA.AX,2.25,2.27,2014-07-07,2.25,524500,2.22013
245,2.27,PNA.AX,2.26,2.27,2014-07-04,2.25,641900,2.23987
246,2.27,PNA.AX,2.26,2.275,2014-07-03,2.26,982300,2.23987
247,2.26,PNA.AX,2.27,2.27,2014-07-02,2.25,2186700,2.23
248,2.26,PNA.AX,2.26,2.28,2014-07-01,2.24,1105500,2.23
249,2.25,PNA.AX,2.24,2.27,2014-06-30,2.24,1063500,2.22013
250,2.25,PNA.AX,2.25,2.27,2014-06-27,2.25,1661600,2.22013
251,2.26,PNA.AX,2.27,2.28,2014-06-26,2.24,1750900,2.23
252,2.23,PNA.AX,2.20,2.25,2014-06-25,2.18,2855600,2.2004
253,2.24,PNA.AX,2.27,2.27,2014-06-24,2.24,2474700,2.21027
254,2.28,PNA.AX,2.27,2.28,2014-06-23,2.26,2083100,2.24973
255,2.25,PNA.AX,2.21,2.27,2014-06-20,2.20,2173000,2.22013
256,2.22,PNA.AX,2.20,2.23,2014-06-19,2.20,6622400,2.19053
257,2.19,PNA.AX,2.16,2.19,2014-06-18,2.16,1836300,2.16093
258,2.17,PNA.AX,2.16,2.17,2014-06-17,2.16,810800,2.14119
259,2.18,PNA.AX,2.15,2.18,2014-06-16,2.15,1482300,2.15106
260,2.15,PNA.AX,2.17,2.18,2014-06-13,2.13,3484100,2.12146
261,2.17,PNA.AX,2.18,2.185,2014-06-12,2.17,1905400,2.14119
262,2.20,PNA.AX,2.17,2.20,2014-06-11,2.17,1671600,2.1708
263,2.17,PNA.AX,2.18,2.19,2014-06-10,2.17,2383400,2.14119
264,2.17,PNA.AX,2.17,2.17,2014-06-09,2.17,000,2.14119
265,2.17,PNA.AX,2.19,2.19,2014-06-06,2.17,1386400,2.14119
266,2.19,PNA.AX,2.20,2.20,2014-06-05,2.18,1735600,2.16093
267,2.21,PNA.AX,2.20,2.21,2014-06-04,2.18,1747000,2.18066
268,2.19,PNA.AX,2.20,2.21,2014-06-03,2.185,3472200,2.16093
269,2.20,PNA.AX,2.20,2.22,2014-06-02,2.20,2456700,2.1708
270,2.20,PNA.AX,2.20,2.23,2014-05-30,2.19,4923400,2.1708
271,2.19,PNA.AX,2.19,2.21,2014-05-29,2.18,3315000,2.16093
272,2.19,PNA.AX,2.19,2.21,2014-05-28,2.18,6143000,2.16093
273,2.20,PNA.AX,2.19,2.20,2014-05-27,2.17,6000400,2.1708
274,2.20,PNA.AX,2.19,2.20,2014-05-26,2.18,1015900,2.1708
275,2.18,PNA.AX,2.20,2.20,2014-05-23,2.18,12450600,2.15106
276,2.20,PNA.AX,2.19,2.22,2014-05-22,2.18,4861600,2.1708
277,2.19,PNA.AX,2.17,2.19,2014-05-21,2.17,7823500,2.16093
278,2.17,PNA.AX,2.17,2.19,2014-05-20,2.17,6708800,2.14119
279,2.16,PNA.AX,2.19,2.20,2014-05-19,2.16,6753900,2.13133
280,2.19,PNA.AX,2.20,2.21,2014-05-16,2.18,13014900,2.16093
281,2.21,PNA.AX,2.19,2.22,2014-05-15,2.18,14447800,2.18066
282,2.18,PNA.AX,2.14,2.21,2014-05-14,2.14,24126600,2.15106
283,2.12,PNA.AX,1.92,2.14,2014-05-13,1.915,31293600,2.09186
284,1.58,PNA.AX,1.53,1.59,2014-05-12,1.485,6353500,1.55903
285,1.53,PNA.AX,1.53,1.5525,2014-05-09,1.515,3139700,1.50969
286,1.535,PNA.AX,1.55,1.575,2014-05-08,1.53,4553500,1.51462
287,1.54,PNA.AX,1.575,1.575,2014-05-07,1.53,3172600,1.51956
288,1.59,PNA.AX,1.615,1.62,2014-05-06,1.555,2457300,1.56889
289,1.605,PNA.AX,1.56,1.61,2014-05-05,1.56,2756300,1.58369
290,1.535,PNA.AX,1.58,1.585,2014-05-02,1.527,4732200,1.51462
291,1.59,PNA.AX,1.62,1.635,2014-05-01,1.585,4174600,1.56889
292,1.605,PNA.AX,1.57,1.625,2014-04-30,1.555,5407300,1.58369
293,1.54,PNA.AX,1.615,1.62,2014-04-29,1.537,4733900,1.51956
294,1.585,PNA.AX,1.605,1.625,2014-04-28,1.572,3477200,1.56396
295,1.615,PNA.AX,1.615,1.615,2014-04-25,1.615,000,1.59356
296,1.615,PNA.AX,1.62,1.635,2014-04-24,1.605,2258400,1.59356
297,1.605,PNA.AX,1.62,1.632,2014-04-23,1.595,1779500,1.58369
298,1.59,PNA.AX,1.62,1.63,2014-04-22,1.585,4268500,1.56889
299,1.62,PNA.AX,1.62,1.62,2014-04-21,1.62,000,1.5985
300,1.62,PNA.AX,1.62,1.62,2014-04-18,1.62,000,1.5985
301,1.62,PNA.AX,1.65,1.66,2014-04-17,1.615,7796300,1.5985
302,1.64,PNA.AX,1.655,1.672,2014-04-16,1.62,3466900,1.61823
303,1.675,PNA.AX,1.605,1.7075,2014-04-15,1.605,5303100,1.65277
304,1.58,PNA.AX,1.61,1.64,2014-04-14,1.58,4389000,1.55903
305,1.625,PNA.AX,1.635,1.65,2014-04-11,1.60,2643900,1.60343
306,1.65,PNA.AX,1.695,1.695,2014-04-10,1.635,4034700,1.6281
307,1.69,PNA.AX,1.705,1.71,2014-04-09,1.67,3723800,1.66757
308,1.695,PNA.AX,1.61,1.705,2014-04-08,1.595,4204100,1.6725
309,1.62,PNA.AX,1.63,1.645,2014-04-07,1.60,5385700,1.5985
310,1.665,PNA.AX,1.60,1.67,2014-04-04,1.595,3253900,1.6429
311,1.62,PNA.AX,1.66,1.66,2014-04-03,1.60,5810700,1.5985
312,1.675,PNA.AX,1.565,1.695,2014-04-02,1.565,10074400,1.65277
313,1.55,PNA.AX,1.54,1.565,2014-04-01,1.512,4096000,1.52942
314,1.575,PNA.AX,1.57,1.58,2014-03-31,1.525,4178200,1.55409
315,1.535,PNA.AX,1.535,1.555,2014-03-28,1.505,4786100,1.51462
316,1.525,PNA.AX,1.54,1.552,2014-03-27,1.51,5886100,1.50476
317,1.595,PNA.AX,1.65,1.665,2014-03-26,1.572,5805600,1.57383
318,1.61,PNA.AX,1.615,1.625,2014-03-25,1.58,3441300,1.58863
319,1.62,PNA.AX,1.575,1.63,2014-03-24,1.575,3622600,1.5985
320,1.59,PNA.AX,1.56,1.61,2014-03-21,1.56,5505600,1.56889
321,1.575,PNA.AX,1.595,1.61,2014-03-20,1.56,6865600,1.55409
322,1.605,PNA.AX,1.645,1.67,2014-03-19,1.587,9329100,1.58369
323,1.67,PNA.AX,1.62,1.675,2014-03-18,1.62,6240700,1.64783
324,1.595,PNA.AX,1.605,1.63,2014-03-17,1.58,5381000,1.57383
325,1.595,PNA.AX,1.56,1.615,2014-03-14,1.54,7287800,1.57383
326,1.635,PNA.AX,1.585,1.6425,2014-03-13,1.565,8145300,1.6133
327,1.55,PNA.AX,1.58,1.60,2014-03-12,1.49,13432500,1.52942
328,1.615,PNA.AX,1.61,1.65,2014-03-11,1.555,6798800,1.59356
329,1.67,PNA.AX,1.76,1.76,2014-03-10,1.655,5690500,1.64783
330,1.82,PNA.AX,1.81,1.835,2014-03-07,1.79,9537900,1.79584
331,1.80,PNA.AX,1.83,1.847,2014-03-06,1.79,8017600,1.77611
332,1.835,PNA.AX,1.77,1.835,2014-03-05,1.77,3926300,1.81064
333,1.735,PNA.AX,1.80,1.81,2014-03-04,1.73,3166800,1.71197
334,1.795,PNA.AX,1.77,1.81,2014-03-03,1.765,3698100,1.77117
335,1.765,PNA.AX,1.845,1.85,2014-02-28,1.76,3260600,1.74157
336,1.845,PNA.AX,1.8625,1.877,2014-02-27,1.84,2152900,1.79091
337,1.865,PNA.AX,1.90,1.91,2014-02-26,1.852,3325700,1.81032
338,1.92,PNA.AX,1.99,1.995,2014-02-25,1.90,5271200,1.86371
339,1.975,PNA.AX,1.975,2.01,2014-02-24,1.955,3926600,1.9171
340,1.975,PNA.AX,1.94,2.00,2014-02-21,1.905,18961700,1.9171
341,1.895,PNA.AX,1.93,1.987,2014-02-20,1.85,4861000,1.83944
342,1.99,PNA.AX,2.00,2.055,2014-02-19,1.952,3718400,1.93166
343,2.02,PNA.AX,2.13,2.15,2014-02-18,1.97,7918800,1.96078
344,2.09,PNA.AX,1.995,2.09,2014-02-17,1.995,7951700,2.02872
345,1.97,PNA.AX,1.855,1.97,2014-02-14,1.855,10412300,1.91224
346,1.845,PNA.AX,1.79,1.85,2014-02-13,1.787,8403100,1.79091
347,1.78,PNA.AX,1.73,1.795,2014-02-12,1.665,8771800,1.72781
348,1.685,PNA.AX,1.66,1.70,2014-02-11,1.645,16162600,1.6356
349,1.65,PNA.AX,1.645,1.70,2014-02-10,1.64,2374000,1.60162
350,1.64,PNA.AX,1.60,1.64,2014-02-07,1.58,2052500,1.59192
351,1.60,PNA.AX,1.555,1.63,2014-02-06,1.545,2228800,1.55309
352,1.55,PNA.AX,1.57,1.585,2014-02-05,1.54,2851500,1.50456
353,1.565,PNA.AX,1.59,1.625,2014-02-04,1.56,3477500,1.51912
354,1.625,PNA.AX,1.625,1.652,2014-02-03,1.595,3372900,1.57736
355,1.635,PNA.AX,1.68,1.695,2014-01-31,1.63,2273600,1.58706
356,1.69,PNA.AX,1.655,1.725,2014-01-30,1.652,4036000,1.64045
357,1.675,PNA.AX,1.665,1.697,2014-01-29,1.655,4412600,1.62589
358,1.64,PNA.AX,1.65,1.687,2014-01-28,1.625,6767600,1.59192
359,1.715,PNA.AX,1.715,1.715,2014-01-27,1.715,000,1.66472
360,1.715,PNA.AX,1.79,1.815,2014-01-24,1.70,5194300,1.66472
361,1.785,PNA.AX,1.805,1.905,2014-01-23,1.77,6279100,1.73267
362,1.80,PNA.AX,1.82,1.83,2014-01-22,1.765,2224600,1.74723
363,1.835,PNA.AX,1.85,1.855,2014-01-21,1.81,1026600,1.7812
364,1.84,PNA.AX,1.835,1.865,2014-01-20,1.815,1841600,1.78605
365,1.835,PNA.AX,1.80,1.855,2014-01-17,1.80,2050800,1.7812
366,1.805,PNA.AX,1.85,1.91,2014-01-16,1.795,4704100,1.75208
367,1.85,PNA.AX,1.795,1.86,2014-01-15,1.78,3557500,1.79576
368,1.795,PNA.AX,1.815,1.83,2014-01-14,1.78,2434700,1.74237
369,1.825,PNA.AX,1.76,1.84,2014-01-13,1.76,2228600,1.77149
370,1.77,PNA.AX,1.77,1.77,2014-01-10,1.735,2180600,1.71811
371,1.80,PNA.AX,1.79,1.80,2014-01-09,1.757,2134400,1.74723
372,1.79,PNA.AX,1.79,1.81,2014-01-08,1.785,1969700,1.73752
373,1.77,PNA.AX,1.76,1.805,2014-01-07,1.76,2465500,1.71811
374,1.76,PNA.AX,1.82,1.835,2014-01-06,1.76,1859100,1.7084
375,1.795,PNA.AX,1.845,1.845,2014-01-03,1.79,3191600,1.74237
376,1.85,PNA.AX,1.81,1.855,2014-01-02,1.78,2628600,1.79576
377,1.805,PNA.AX,1.805,1.805,2014-01-01,1.805,000,1.75208
378,1.805,PNA.AX,1.75,1.825,2013-12-31,1.75,3293200,1.75208
379,1.755,PNA.AX,1.69,1.77,2013-12-30,1.685,3009000,1.70355
380,1.675,PNA.AX,1.66,1.6875,2013-12-27,1.66,1785100,1.62589
381,1.635,PNA.AX,1.635,1.635,2013-12-26,1.635,000,1.58706
382,1.635,PNA.AX,1.635,1.635,2013-12-25,1.635,000,1.58706
383,1.635,PNA.AX,1.63,1.635,2013-12-24,1.57,1225600,1.58706
384,1.60,PNA.AX,1.62,1.63,2013-12-23,1.56,2936100,1.55309
385,1.61,PNA.AX,1.54,1.645,2013-12-20,1.495,9652700,1.5628
386,1.53,PNA.AX,1.495,1.5425,2013-12-19,1.49,4286000,1.48514
387,1.48,PNA.AX,1.50,1.515,2013-12-18,1.47,2608700,1.43661
388,1.495,PNA.AX,1.58,1.607,2013-12-17,1.49,4236000,1.45117
389,1.55,PNA.AX,1.515,1.56,2013-12-16,1.51,2738000,1.50456
390,1.515,PNA.AX,1.46,1.545,2013-12-13,1.46,2428600,1.47058
391,1.485,PNA.AX,1.495,1.505,2013-12-12,1.46,3885600,1.44146
392,1.495,PNA.AX,1.56,1.565,2013-12-11,1.48,8000400,1.45117
393,1.545,PNA.AX,1.59,1.62,2013-12-10,1.54,10551500,1.4997
394,1.625,PNA.AX,1.645,1.65,2013-12-09,1.60,3436400,1.57736
395,1.67,PNA.AX,1.58,1.68,2013-12-06,1.555,5235000,1.62104
396,1.585,PNA.AX,1.495,1.605,2013-12-05,1.495,5061600,1.53853
397,1.45,PNA.AX,1.465,1.54,2013-12-04,1.45,5529200,1.40749
398,1.465,PNA.AX,1.50,1.505,2013-12-03,1.46,4683000,1.42205
399,1.525,PNA.AX,1.54,1.5525,2013-12-02,1.495,3227200,1.48029
400,1.52,PNA.AX,1.55,1.56,2013-11-29,1.49,4072700,1.47544
401,1.56,PNA.AX,1.575,1.59,2013-11-28,1.555,2724100,1.51426
402,1.57,PNA.AX,1.615,1.625,2013-11-27,1.57,2703900,1.52397
403,1.62,PNA.AX,1.57,1.6475,2013-11-26,1.57,3798400,1.5725
404,1.57,PNA.AX,1.585,1.595,2013-11-25,1.545,3903700,1.52397
405,1.56,PNA.AX,1.58,1.595,2013-11-22,1.55,3553700,1.51426
406,1.535,PNA.AX,1.63,1.63,2013-11-21,1.525,7016600,1.49
407,1.65,PNA.AX,1.63,1.67,2013-11-20,1.63,3462100,1.60162
408,1.65,PNA.AX,1.70,1.705,2013-11-19,1.64,4005300,1.60162
409,1.715,PNA.AX,1.765,1.765,2013-11-18,1.705,2004300,1.66472
410,1.765,PNA.AX,1.75,1.775,2013-11-15,1.72,2985300,1.71325
411,1.765,PNA.AX,1.735,1.79,2013-11-14,1.735,5732600,1.71325
412,1.73,PNA.AX,1.83,1.835,2013-11-13,1.70,6292900,1.67928
413,1.84,PNA.AX,1.865,1.87,2013-11-12,1.835,1912600,1.78605
414,1.845,PNA.AX,1.895,1.895,2013-11-11,1.84,2219800,1.79091
415,1.865,PNA.AX,1.87,1.875,2013-11-08,1.835,3046000,1.81032
416,1.88,PNA.AX,1.93,1.945,2013-11-07,1.865,3727800,1.82488
417,1.915,PNA.AX,1.88,1.93,2013-11-06,1.87,4044800,1.85885
418,1.885,PNA.AX,1.88,1.91,2013-11-05,1.875,3079900,1.82973
419,1.85,PNA.AX,1.90,1.925,2013-11-04,1.85,3610600,1.79576
420,1.91,PNA.AX,1.98,1.99,2013-11-01,1.90,4723400,1.854
421,2.02,PNA.AX,2.05,2.075,2013-10-31,2.015,2074600,1.96078
422,2.05,PNA.AX,2.08,2.08,2013-10-30,2.01,1068700,1.9899
423,2.06,PNA.AX,2.06,2.08,2013-10-29,2.03,1619900,1.9996
424,2.05,PNA.AX,2.08,2.095,2013-10-28,2.05,1611800,1.9899
425,2.06,PNA.AX,2.11,2.11,2013-10-25,2.04,1239700,1.9996
426,2.09,PNA.AX,2.06,2.11,2013-10-24,2.03,1739600,2.02872
427,2.07,PNA.AX,2.06,2.105,2013-10-23,2.05,3353200,2.00931
428,2.01,PNA.AX,1.99,2.02,2013-10-22,1.985,1478000,1.95107
429,1.975,PNA.AX,2.03,2.05,2013-10-21,1.97,2114300,1.9171
430,2.03,PNA.AX,2.01,2.04,2013-10-18,2.00,1882000,1.97048
431,1.975,PNA.AX,1.94,1.98,2013-10-17,1.925,2464200,1.9171
432,1.94,PNA.AX,1.93,1.945,2013-10-16,1.90,2035100,1.88312
433,1.93,PNA.AX,1.94,1.975,2013-10-15,1.93,2604300,1.87341
434,1.895,PNA.AX,1.935,1.94,2013-10-14,1.895,2480500,1.83944
435,1.935,PNA.AX,1.96,1.97,2013-10-11,1.92,4376200,1.87827
436,1.89,PNA.AX,1.94,1.945,2013-10-10,1.867,5144100,1.83459
437,1.95,PNA.AX,1.925,1.965,2013-10-09,1.915,3865100,1.89283
438,1.955,PNA.AX,2.00,2.02,2013-10-08,1.917,2715400,1.89768
439,2.00,PNA.AX,2.07,2.10,2013-10-07,2.00,903900,1.94136
440,2.04,PNA.AX,2.11,2.11,2013-10-04,2.03,2628400,1.98019
441,2.12,PNA.AX,2.11,2.15,2013-10-03,2.10,1298300,2.05784
442,2.12,PNA.AX,2.06,2.16,2013-10-02,2.06,2055700,2.05784
443,2.06,PNA.AX,2.12,2.135,2013-10-01,2.06,1429600,1.9996
444,2.11,PNA.AX,2.18,2.21,2013-09-30,2.10,2183800,2.04814
445,2.18,PNA.AX,2.22,2.23,2013-09-27,2.18,827400,2.11609
446,2.18,PNA.AX,2.21,2.21,2013-09-26,2.17,745900,2.11609
447,2.21,PNA.AX,2.24,2.275,2013-09-25,2.20,1130800,2.14521
448,2.24,PNA.AX,2.25,2.265,2013-09-24,2.22,1676000,2.17433
449,2.29,PNA.AX,2.27,2.32,2013-09-23,2.25,765700,2.22286
450,2.33,PNA.AX,2.33,2.34,2013-09-20,2.30,2787700,2.26169
451,2.34,PNA.AX,2.29,2.35,2013-09-19,2.27,4232600,2.27139
452,2.19,PNA.AX,2.18,2.21,2013-09-18,2.175,2804600,2.12579
453,2.17,PNA.AX,2.18,2.22,2013-09-17,2.17,2065500,2.10638
454,2.21,PNA.AX,2.22,2.25,2013-09-16,2.19,771700,2.14521
455,2.22,PNA.AX,2.24,2.24,2013-09-13,2.19,1660000,2.15491
456,2.26,PNA.AX,2.30,2.32,2013-09-12,2.25,2843900,2.19374
457,2.29,PNA.AX,2.27,2.29,2013-09-11,2.25,1841900,2.22286
458,2.26,PNA.AX,2.24,2.28,2013-09-10,2.215,1734000,2.19374
459,2.22,PNA.AX,2.20,2.24,2013-09-09,2.18,1801000,2.15491
460,2.19,PNA.AX,2.18,2.19,2013-09-06,2.14,2090100,2.12579
461,2.18,PNA.AX,2.20,2.22,2013-09-05,2.16,3476600,2.11609
462,2.23,PNA.AX,2.24,2.26,2013-09-04,2.215,2496300,2.16462
463,2.23,PNA.AX,2.25,2.31,2013-09-03,2.23,2639400,2.16462
464,2.23,PNA.AX,2.25,2.26,2013-09-02,2.18,4157100,2.16462
465,2.18,PNA.AX,2.15,2.23,2013-08-30,2.13,4055300,2.11609
466,2.23,PNA.AX,2.25,2.28,2013-08-29,2.20,3340400,2.1355
467,2.24,PNA.AX,2.25,2.25,2013-08-28,2.20,3008700,2.14508
468,2.28,PNA.AX,2.25,2.29,2013-08-27,2.23,2906500,2.18338
469,2.28,PNA.AX,2.28,2.325,2013-08-26,2.26,3297700,2.18338
470,2.25,PNA.AX,2.31,2.34,2013-08-23,2.23,8674800,2.15465
471,2.26,PNA.AX,2.22,2.34,2013-08-22,2.16,3720500,2.16423
472,2.24,PNA.AX,2.31,2.32,2013-08-21,2.24,5549400,2.14508
473,2.29,PNA.AX,2.37,2.39,2013-08-20,2.28,4998900,2.19296
474,2.43,PNA.AX,2.40,2.48,2013-08-19,2.34,10575500,2.32702
475,2.34,PNA.AX,2.27,2.35,2013-08-16,2.27,3388500,2.24084
476,2.27,PNA.AX,2.17,2.28,2013-08-15,2.16,4982600,2.1738
477,2.14,PNA.AX,2.18,2.20,2013-08-14,2.12,2333900,2.04931
478,2.21,PNA.AX,2.14,2.235,2013-08-13,2.09,6430800,2.11635
479,2.14,PNA.AX,2.00,2.15,2013-08-12,1.99,6978900,2.04931
480,1.94,PNA.AX,1.90,1.95,2013-08-09,1.90,5927100,1.85779
481,1.865,PNA.AX,1.87,1.93,2013-08-08,1.85,4550400,1.78597
482,1.85,PNA.AX,1.945,1.95,2013-08-07,1.84,4159700,1.7716
483,1.96,PNA.AX,1.95,1.967,2013-08-06,1.94,2503000,1.87694
484,1.945,PNA.AX,1.99,2.00,2013-08-05,1.94,2652400,1.86258
485,1.995,PNA.AX,1.98,2.02,2013-08-02,1.97,5349400,1.91046
486,1.95,PNA.AX,1.95,1.982,2013-08-01,1.935,4372300,1.86736
487,1.96,PNA.AX,1.95,1.982,2013-07-31,1.925,2543200,1.87694
488,1.995,PNA.AX,1.96,2.015,2013-07-30,1.915,5316900,1.91046
489,1.975,PNA.AX,2.04,2.08,2013-07-29,1.89,8464900,1.89131
490,2.11,PNA.AX,2.02,2.18,2013-07-26,2.02,5784400,2.02058
491,2.00,PNA.AX,2.02,2.04,2013-07-25,1.97,2900600,1.91525
492,2.06,PNA.AX,2.02,2.09,2013-07-24,2.00,4329900,1.9727
493,1.995,PNA.AX,1.945,2.00,2013-07-23,1.93,3166200,1.91046
494,1.89,PNA.AX,1.89,1.91,2013-07-22,1.84,4385400,1.80991
495,1.855,PNA.AX,1.88,1.88,2013-07-19,1.81,2170300,1.77639
496,1.87,PNA.AX,1.865,1.89,2013-07-18,1.845,2576200,1.79075
497,1.86,PNA.AX,1.87,1.915,2013-07-17,1.845,3226200,1.78118
498,1.85,PNA.AX,1.91,1.92,2013-07-16,1.815,3505800,1.7716
499,1.94,PNA.AX,1.99,2.02,2013-07-15,1.875,3724100,1.85779
500,1.99,PNA.AX,1.97,2.065,2013-07-12,1.955,3418600,1.90567
501,1.90,PNA.AX,1.81,1.94,2013-07-11,1.81,5645400,1.81948
502,1.75,PNA.AX,1.87,1.88,2013-07-10,1.73,3127500,1.67584
503,1.85,PNA.AX,1.82,1.86,2013-07-09,1.80,1903900,1.7716
504,1.775,PNA.AX,1.83,1.86,2013-07-08,1.77,2785000,1.69978
505,1.895,PNA.AX,1.90,1.955,2013-07-05,1.885,1963700,1.8147
506,1.905,PNA.AX,1.95,1.965,2013-07-04,1.905,3562200,1.82427
507,1.895,PNA.AX,1.975,1.975,2013-07-03,1.835,4983500,1.8147
508,1.995,PNA.AX,1.96,2.01,2013-07-02,1.94,3142400,1.91046
509,1.885,PNA.AX,1.84,1.945,2013-07-01,1.84,4076300,1.80512
510,1.825,PNA.AX,1.93,1.95,2013-06-28,1.82,3241400,1.74766
511,1.94,PNA.AX,1.84,1.96,2013-06-27,1.825,3166300,1.85779
512,1.835,PNA.AX,1.845,1.895,2013-06-26,1.82,2363500,1.75724
513,1.785,PNA.AX,1.79,1.88,2013-06-25,1.765,3439700,1.70936
514,1.80,PNA.AX,1.99,2.00,2013-06-24,1.785,4391300,1.72372
515,1.98,PNA.AX,1.96,2.01,2013-06-21,1.905,6288100,1.89609
516,2.07,PNA.AX,2.16,2.18,2013-06-20,2.02,4799700,1.98228
517,2.24,PNA.AX,2.18,2.25,2013-06-19,2.16,2144600,2.14508
518,2.16,PNA.AX,2.23,2.26,2013-06-18,2.135,2891600,2.06847
519,2.28,PNA.AX,2.20,2.29,2013-06-17,2.18,2993500,2.18338
520,2.25,PNA.AX,2.31,2.35,2013-06-14,2.23,3936600,2.15465
521,2.30,PNA.AX,2.32,2.34,2013-06-13,2.30,3884300,2.20253
522,2.36,PNA.AX,2.38,2.41,2013-06-12,2.34,2080500,2.25999
523,2.40,PNA.AX,2.42,2.44,2013-06-11,2.38,1712100,2.29829
524,2.44,PNA.AX,2.44,2.44,2013-06-10,2.44,000,2.3366
525,2.44,PNA.AX,2.47,2.50,2013-06-07,2.42,1976800,2.3366
526,2.53,PNA.AX,2.48,2.57,2013-06-06,2.46,2858900,2.42279
527,2.52,PNA.AX,2.50,2.54,2013-06-05,2.46,2279300,2.41321
528,2.52,PNA.AX,2.42,2.55,2013-06-04,2.42,3749400,2.41321
529,2.41,PNA.AX,2.39,2.44,2013-06-03,2.32,1914200,2.30787
530,2.39,PNA.AX,2.41,2.44,2013-05-31,2.39,2195600,2.28872
531,2.39,PNA.AX,2.35,2.44,2013-05-30,2.35,2572200,2.28872
532,2.40,PNA.AX,2.30,2.40,2013-05-29,2.24,2771400,2.29829
533,2.24,PNA.AX,2.25,2.27,2013-05-28,2.24,1236200,2.14508
534,2.27,PNA.AX,2.29,2.31,2013-05-27,2.22,2065400,2.1738
535,2.32,PNA.AX,2.40,2.41,2013-05-24,2.32,2413400,2.22168
536,2.39,PNA.AX,2.35,2.43,2013-05-23,2.34,5989500,2.28872
537,2.34,PNA.AX,2.36,2.39,2013-05-22,2.32,3189900,2.24084
538,2.35,PNA.AX,2.26,2.37,2013-05-21,2.26,3652700,2.25041
539,2.24,PNA.AX,2.22,2.27,2013-05-20,2.20,3763500,2.14508
540,2.22,PNA.AX,2.27,2.28,2013-05-17,2.22,4407500,2.12592
541,2.20,PNA.AX,2.40,2.40,2013-05-16,2.20,6310500,2.10677
542,2.38,PNA.AX,2.45,2.46,2013-05-15,2.35,9210600,2.27914
543,2.47,PNA.AX,2.45,2.52,2013-05-14,2.41,5256600,2.36533
544,2.48,PNA.AX,2.53,2.535,2013-05-13,2.44,2526700,2.3749
545,2.52,PNA.AX,2.51,2.56,2013-05-10,2.47,2211100,2.41321
546,2.50,PNA.AX,2.59,2.59,2013-05-09,2.47,2587700,2.39406
547,2.52,PNA.AX,2.44,2.55,2013-05-08,2.44,3459200,2.41321
548,2.39,PNA.AX,2.35,2.41,2013-05-07,2.32,2851400,2.28872
549,2.39,PNA.AX,2.27,2.41,2013-05-06,2.27,3847300,2.28872
550,2.17,PNA.AX,2.22,2.235,2013-05-03,2.155,2759200,2.07804
551,2.18,PNA.AX,2.19,2.23,2013-05-02,2.17,2088100,2.08762
552,2.24,PNA.AX,2.26,2.26,2013-05-01,2.225,1305200,2.14508
553,2.32,PNA.AX,2.30,2.32,2013-04-30,2.24,2605400,2.22168
554,2.23,PNA.AX,2.29,2.29,2013-04-29,2.17,2449700,2.1355
555,2.30,PNA.AX,2.33,2.36,2013-04-26,2.28,2381400,2.20253
556,2.22,PNA.AX,2.22,2.22,2013-04-25,2.22,000,2.12592
557,2.22,PNA.AX,2.19,2.23,2013-04-24,2.13,4016700,2.12592
558,2.22,PNA.AX,2.28,2.30,2013-04-23,2.15,4164100,2.12592
559,2.23,PNA.AX,2.32,2.34,2013-04-22,2.23,3689300,2.1355
560,2.31,PNA.AX,2.22,2.37,2013-04-19,2.21,7405500,2.21211
561,2.19,PNA.AX,2.28,2.28,2013-04-18,2.16,5313200,2.09719
562,2.33,PNA.AX,2.34,2.39,2013-04-17,2.30,7039600,2.23126
563,2.28,PNA.AX,2.19,2.31,2013-04-16,2.16,9970500,2.18338
564,2.38,PNA.AX,2.53,2.53,2013-04-15,2.24,6072400,2.27914
565,2.60,PNA.AX,2.57,2.625,2013-04-12,2.56,3796000,2.48982
566,2.51,PNA.AX,2.54,2.54,2013-04-11,2.47,4048500,2.40363
567,2.58,PNA.AX,2.60,2.61,2013-04-10,2.55,6425500,2.47067
568,2.46,PNA.AX,2.33,2.46,2013-04-09,2.32,5039700,2.35575
569,2.31,PNA.AX,2.34,2.39,2013-04-08,2.29,1994300,2.21211
570,2.29,PNA.AX,2.25,2.34,2013-04-05,2.23,3559000,2.19296
571,2.19,PNA.AX,2.30,2.33,2013-04-04,2.12,5251100,2.09719
572,2.32,PNA.AX,2.40,2.42,2013-04-03,2.31,3022400,2.22168
573,2.37,PNA.AX,2.48,2.49,2013-04-02,2.36,3593900,2.26957
574,2.48,PNA.AX,2.48,2.48,2013-04-01,2.48,000,2.3749
575,2.48,PNA.AX,2.48,2.48,2013-03-29,2.48,000,2.3749
576,2.48,PNA.AX,2.43,2.52,2013-03-28,2.43,8350100,2.3749
577,2.38,PNA.AX,2.39,2.42,2013-03-27,2.34,1832200,2.27914
578,2.35,PNA.AX,2.44,2.45,2013-03-26,2.32,3286500,2.25041
579,2.48,PNA.AX,2.45,2.49,2013-03-25,2.45,1307900,2.3749
580,2.45,PNA.AX,2.51,2.53,2013-03-22,2.43,1670300,2.34618
581,2.50,PNA.AX,2.47,2.53,2013-03-21,2.45,5101500,2.39406
582,2.40,PNA.AX,2.47,2.48,2013-03-20,2.39,2614600,2.29829
583,2.49,PNA.AX,2.53,2.57,2013-03-19,2.48,2900500,2.38448
584,2.50,PNA.AX,2.55,2.58,2013-03-18,2.48,1409000,2.39406
585,2.59,PNA.AX,2.54,2.59,2013-03-15,2.52,2110400,2.48024
586,2.51,PNA.AX,2.53,2.54,2013-03-14,2.46,7171400,2.40363
587,2.53,PNA.AX,2.59,2.64,2013-03-13,2.525,3367400,2.42279
588,2.56,PNA.AX,2.63,2.65,2013-03-12,2.55,1671300,2.45151
589,2.60,PNA.AX,2.67,2.68,2013-03-11,2.59,3569700,2.48982
590,2.67,PNA.AX,2.65,2.68,2013-03-08,2.64,3087800,2.55685
591,2.60,PNA.AX,2.62,2.71,2013-03-07,2.59,3359400,2.48982
592,2.67,PNA.AX,2.68,2.72,2013-03-06,2.645,4245000,2.53004
593,2.61,PNA.AX,2.66,2.68,2013-03-05,2.54,6173200,2.47318
594,2.59,PNA.AX,2.75,2.77,2013-03-04,2.57,3920900,2.45423
595,2.76,PNA.AX,2.71,2.77,2013-03-01,2.68,3310200,2.61532
596,2.76,PNA.AX,2.80,2.81,2013-02-28,2.73,3074800,2.61532
597,2.73,PNA.AX,2.79,2.82,2013-02-27,2.71,4638900,2.58689
598,2.74,PNA.AX,2.74,2.78,2013-02-26,2.70,2341300,2.59637
599,2.78,PNA.AX,2.81,2.86,2013-02-25,2.76,3973100,2.63427
600,2.81,PNA.AX,2.70,2.85,2013-02-22,2.67,9819500,2.6627
601,2.62,PNA.AX,2.80,2.80,2013-02-21,2.61,7573900,2.48266
602,2.81,PNA.AX,2.88,2.90,2013-02-20,2.72,6132600,2.6627
603,2.85,PNA.AX,3.07,3.11,2013-02-19,2.77,10337100,2.7006
604,3.07,PNA.AX,3.19,3.21,2013-02-18,3.07,3815800,2.90907
605,3.20,PNA.AX,3.23,3.24,2013-02-15,3.16,5980500,3.03226
606,3.21,PNA.AX,3.13,3.27,2013-02-14,3.12,7162300,3.04173
607,3.11,PNA.AX,3.01,3.125,2013-02-13,2.99,3957600,2.94697
608,3.01,PNA.AX,2.99,3.03,2013-02-12,2.96,2228000,2.85222
609,2.99,PNA.AX,3.01,3.03,2013-02-11,2.97,1409200,2.83327
610,3.00,PNA.AX,2.91,3.01,2013-02-08,2.91,2981600,2.84274
611,2.91,PNA.AX,3.00,3.02,2013-02-07,2.91,3241000,2.75746
612,2.99,PNA.AX,3.02,3.05,2013-02-06,2.98,3744700,2.83327
613,3.00,PNA.AX,3.01,3.04,2013-02-05,2.98,3369300,2.84274
614,3.06,PNA.AX,3.11,3.14,2013-02-04,3.06,4191000,2.8996
615,3.05,PNA.AX,2.97,3.08,2013-02-01,2.96,6061100,2.89012
616,2.95,PNA.AX,3.02,3.02,2013-01-31,2.90,5283200,2.79536
617,3.00,PNA.AX,2.98,3.03,2013-01-30,2.97,3638100,2.84274
618,2.96,PNA.AX,2.98,2.985,2013-01-29,2.83,6693500,2.80484
619,2.90,PNA.AX,2.90,2.90,2013-01-28,2.90,000,2.74798
620,2.90,PNA.AX,3.09,3.13,2013-01-25,2.80,16021900,2.74798
621,3.05,PNA.AX,3.33,3.33,2013-01-24,3.05,9517200,2.89012
622,3.35,PNA.AX,3.32,3.39,2013-01-23,3.32,1731600,3.17439
623,3.32,PNA.AX,3.34,3.38,2013-01-22,3.32,1547500,3.14597
624,3.36,PNA.AX,3.34,3.38,2013-01-21,3.34,1383400,3.18387
625,3.38,PNA.AX,3.40,3.41,2013-01-18,3.38,1516100,3.20282
626,3.34,PNA.AX,3.36,3.39,2013-01-17,3.34,1393700,3.16492
627,3.37,PNA.AX,3.45,3.46,2013-01-16,3.35,2575200,3.19335
628,3.40,PNA.AX,3.46,3.47,2013-01-15,3.39,1270300,3.22177
629,3.44,PNA.AX,3.44,3.47,2013-01-14,3.405,1436300,3.25968
630,3.43,PNA.AX,3.41,3.45,2013-01-11,3.39,2034000,3.2502
631,3.36,PNA.AX,3.35,3.39,2013-01-10,3.32,1829800,3.18387
632,3.34,PNA.AX,3.45,3.45,2013-01-09,3.28,2270800,3.16492
633,3.42,PNA.AX,3.45,3.48,2013-01-08,3.37,1872800,3.24072
634,3.45,PNA.AX,3.46,3.47,2013-01-07,3.43,1514200,3.26915
635,3.43,PNA.AX,3.47,3.47,2013-01-04,3.41,690500,3.2502
636,3.51,PNA.AX,3.47,3.51,2013-01-03,3.44,3137000,3.32601
637,3.40,PNA.AX,3.37,3.45,2013-01-02,3.37,1404500,3.22177
638,3.34,PNA.AX,3.34,3.34,2013-01-01,3.34,000,3.16492
639,3.34,PNA.AX,3.40,3.40,2012-12-31,3.34,1360400,3.16492
640,3.44,PNA.AX,3.34,3.47,2012-12-28,3.34,987400,3.25968
641,3.31,PNA.AX,3.31,3.34,2012-12-27,3.30,1027500,3.13649
642,3.32,PNA.AX,3.32,3.32,2012-12-26,3.32,000,3.14597
643,3.32,PNA.AX,3.32,3.32,2012-12-25,3.32,000,3.14597
644,3.32,PNA.AX,3.35,3.40,2012-12-24,3.32,192600,3.14597
645,3.35,PNA.AX,3.36,3.44,2012-12-21,3.32,1838500,3.17439
646,3.38,PNA.AX,3.40,3.41,2012-12-20,3.35,3209400,3.20282
647,3.37,PNA.AX,3.43,3.44,2012-12-19,3.34,2307800,3.19335
648,3.43,PNA.AX,3.44,3.45,2012-12-18,3.41,1934500,3.2502
649,3.41,PNA.AX,3.40,3.46,2012-12-17,3.39,2434500,3.23125
650,3.40,PNA.AX,3.39,3.45,2012-12-14,3.37,3209900,3.22177
651,3.47,PNA.AX,3.46,3.50,2012-12-13,3.42,2372700,3.2881
652,3.49,PNA.AX,3.50,3.51,2012-12-12,3.45,1762100,3.30706
653,3.48,PNA.AX,3.34,3.49,2012-12-11,3.34,3487500,3.29758
654,3.31,PNA.AX,3.34,3.355,2012-12-10,3.30,1124000,3.13649
655,3.34,PNA.AX,3.33,3.37,2012-12-07,3.30,1525700,3.16492
656,3.27,PNA.AX,3.31,3.33,2012-12-06,3.25,1539900,3.09859
657,3.33,PNA.AX,3.27,3.33,2012-12-05,3.24,1150100,3.15544
658,3.31,PNA.AX,3.41,3.42,2012-12-04,3.29,1337900,3.13649
659,3.41,PNA.AX,3.40,3.435,2012-12-03,3.385,1059400,3.23125
660,3.43,PNA.AX,3.42,3.445,2012-11-30,3.40,1135300,3.2502
661,3.39,PNA.AX,3.37,3.39,2012-11-29,3.335,1175100,3.2123
662,3.37,PNA.AX,3.35,3.38,2012-11-28,3.32,1146100,3.19335
663,3.37,PNA.AX,3.32,3.395,2012-11-27,3.30,1221000,3.19335
664,3.36,PNA.AX,3.22,3.36,2012-11-26,3.22,3148500,3.18387
665,3.19,PNA.AX,3.19,3.26,2012-11-23,3.17,924100,3.02278
666,3.25,PNA.AX,3.25,3.26,2012-11-22,3.21,1065000,3.07964
667,3.20,PNA.AX,3.20,3.23,2012-11-21,3.165,1296200,3.03226
668,3.23,PNA.AX,3.25,3.27,2012-11-20,3.21,1680000,3.06068
669,3.18,PNA.AX,3.19,3.21,2012-11-19,3.14,1101700,3.01331
670,3.16,PNA.AX,3.13,3.18,2012-11-16,3.10,2631200,2.99435
671,3.10,PNA.AX,3.08,3.12,2012-11-15,3.07,2360200,2.9375
672,3.20,PNA.AX,3.26,3.29,2012-11-14,3.18,1299200,3.03226
673,3.25,PNA.AX,3.29,3.33,2012-11-13,3.21,2069100,3.07964
674,3.30,PNA.AX,3.25,3.37,2012-11-12,3.25,2796100,3.12702
675,3.30,PNA.AX,3.27,3.33,2012-11-09,3.23,3731700,3.12702
676,3.28,PNA.AX,3.30,3.33,2012-11-08,3.26,2870200,3.10806
677,3.38,PNA.AX,3.37,3.40,2012-11-07,3.31,2314500,3.20282
678,3.37,PNA.AX,3.39,3.39,2012-11-06,3.29,1245500,3.19335
679,3.44,PNA.AX,3.37,3.445,2012-11-05,3.35,1804800,3.25968
680,3.39,PNA.AX,3.32,3.41,2012-11-02,3.32,2523000,3.2123
681,3.27,PNA.AX,3.29,3.31,2012-11-01,3.21,4810400,3.09859
682,3.33,PNA.AX,3.35,3.44,2012-10-31,3.33,2896800,3.15544
683,3.30,PNA.AX,3.32,3.36,2012-10-30,3.28,1046100,3.12702
684,3.30,PNA.AX,3.33,3.38,2012-10-29,3.29,763300,3.12702
685,3.28,PNA.AX,3.35,3.38,2012-10-26,3.26,1517800,3.10806
686,3.37,PNA.AX,3.40,3.42,2012-10-25,3.36,1153800,3.19335
687,3.40,PNA.AX,3.40,3.46,2012-10-24,3.39,2201200,3.22177
688,3.45,PNA.AX,3.43,3.53,2012-10-23,3.43,1818200,3.26915
689,3.44,PNA.AX,3.43,3.45,2012-10-22,3.38,2566400,3.25968
690,3.50,PNA.AX,3.46,3.525,2012-10-19,3.44,3314500,3.31653
691,3.43,PNA.AX,3.39,3.475,2012-10-18,3.36,3077500,3.2502
692,3.33,PNA.AX,3.20,3.33,2012-10-17,3.20,3025100,3.15544
693,3.18,PNA.AX,3.17,3.22,2012-10-16,3.16,2100500,3.01331
694,3.20,PNA.AX,3.20,3.22,2012-10-15,3.16,1480800,3.03226
695,3.23,PNA.AX,3.22,3.26,2012-10-12,3.21,1094600,3.06068
696,3.22,PNA.AX,3.19,3.25,2012-10-11,3.18,1732000,3.05121
697,3.27,PNA.AX,3.18,3.28,2012-10-10,3.16,2228100,3.09859
698,3.21,PNA.AX,3.19,3.23,2012-10-09,3.06,2478100,3.04173
699,3.24,PNA.AX,3.25,3.26,2012-10-08,3.19,2207500,3.07016
700,3.25,PNA.AX,3.18,3.26,2012-10-05,3.18,3559300,3.07964
701,3.17,PNA.AX,3.17,3.19,2012-10-04,3.14,2171800,3.00383
702,3.14,PNA.AX,3.08,3.18,2012-10-03,3.08,1674400,2.9754
703,3.09,PNA.AX,3.03,3.10,2012-10-02,3.02,1608700,2.92802
704,3.02,PNA.AX,3.00,3.06,2012-10-01,2.995,922500,2.86169
705,3.07,PNA.AX,3.06,3.11,2012-09-28,3.03,1967300,2.90907
706,3.04,PNA.AX,3.01,3.04,2012-09-27,2.91,4320100,2.88064
707,3.04,PNA.AX,3.10,3.10,2012-09-26,3.02,2738900,2.88064
708,3.13,PNA.AX,3.10,3.135,2012-09-25,3.07,3125600,2.96593
709,3.12,PNA.AX,3.20,3.20,2012-09-24,3.09,1971300,2.95645
710,3.20,PNA.AX,3.11,3.205,2012-09-21,3.11,2120300,3.01236
711,3.14,PNA.AX,3.26,3.26,2012-09-20,3.13,4457300,2.95588
712,3.23,PNA.AX,3.14,3.25,2012-09-19,3.14,4017100,3.0406
713,3.17,PNA.AX,3.12,3.195,2012-09-18,3.11,2602200,2.98412
714,3.21,PNA.AX,3.27,3.28,2012-09-17,3.20,4425100,3.02177
715,3.24,PNA.AX,3.14,3.28,2012-09-14,3.13,6369600,3.05001
716,3.01,PNA.AX,3.02,3.08,2012-09-13,2.98,3467500,2.8335
717,3.05,PNA.AX,3.01,3.06,2012-09-12,3.00,3442900,2.87115
718,2.98,PNA.AX,3.06,3.07,2012-09-11,2.94,3242900,2.80526
719,3.08,PNA.AX,2.87,3.11,2012-09-10,2.87,10459900,2.89939
720,2.81,PNA.AX,2.78,2.84,2012-09-07,2.75,5741600,2.64523
721,2.69,PNA.AX,2.61,2.695,2012-09-06,2.58,3404900,2.53226
722,2.55,PNA.AX,2.57,2.59,2012-09-05,2.54,4309700,2.40047
723,2.60,PNA.AX,2.61,2.66,2012-09-04,2.59,2835300,2.44754
724,2.63,PNA.AX,2.64,2.67,2012-09-03,2.59,4184000,2.47578
725,2.65,PNA.AX,2.60,2.65,2012-08-31,2.59,3175200,2.49461
726,2.64,PNA.AX,2.73,2.75,2012-08-30,2.61,4931900,2.4852
727,2.76,PNA.AX,2.76,2.80,2012-08-29,2.73,2120500,2.59816
728,2.76,PNA.AX,2.78,2.80,2012-08-28,2.74,5138400,2.59816
729,2.79,PNA.AX,2.77,2.82,2012-08-27,2.75,4477300,2.6264
730,2.74,PNA.AX,2.75,2.75,2012-08-24,2.68,2960400,2.57933
731,2.77,PNA.AX,2.60,2.77,2012-08-23,2.60,4774100,2.60757
732,2.58,PNA.AX,2.62,2.63,2012-08-22,2.56,4705100,2.42871
733,2.60,PNA.AX,2.71,2.71,2012-08-21,2.595,4906100,2.44754
734,2.68,PNA.AX,2.62,2.71,2012-08-20,2.61,4698400,2.52285
735,2.61,PNA.AX,2.57,2.615,2012-08-17,2.54,1981500,2.45695
736,2.53,PNA.AX,2.49,2.53,2012-08-16,2.465,3012600,2.38165
737,2.47,PNA.AX,2.45,2.52,2012-08-15,2.43,4237400,2.32516
738,2.47,PNA.AX,2.58,2.58,2012-08-14,2.44,4055400,2.32516
739,2.59,PNA.AX,2.55,2.595,2012-08-13,2.52,3822700,2.43813
740,2.52,PNA.AX,2.48,2.58,2012-08-10,2.48,6908900,2.37223
741,2.47,PNA.AX,2.49,2.53,2012-08-09,2.465,7307300,2.32516
742,2.51,PNA.AX,2.41,2.52,2012-08-08,2.39,9901000,2.36282
743,2.40,PNA.AX,2.37,2.42,2012-08-07,2.36,5292700,2.25927
744,2.35,PNA.AX,2.41,2.42,2012-08-06,2.35,1892400,2.2122
745,2.32,PNA.AX,2.37,2.38,2012-08-03,2.31,2403500,2.18396
746,2.44,PNA.AX,2.35,2.45,2012-08-02,2.33,2909600,2.29692
747,2.36,PNA.AX,2.37,2.38,2012-08-01,2.30,1887100,2.22161
748,2.38,PNA.AX,2.40,2.42,2012-07-31,2.35,3138100,2.24044
749,2.43,PNA.AX,2.41,2.44,2012-07-30,2.39,3066600,2.28751
750,2.37,PNA.AX,2.36,2.39,2012-07-27,2.31,2798100,2.23103
751,2.31,PNA.AX,2.28,2.32,2012-07-26,2.27,4476700,2.17455
752,2.26,PNA.AX,2.25,2.30,2012-07-25,2.22,2205000,2.12748
753,2.27,PNA.AX,2.20,2.29,2012-07-24,2.20,2054700,2.13689
754,2.23,PNA.AX,2.26,2.27,2012-07-23,2.21,4057300,2.09924
755,2.34,PNA.AX,2.25,2.38,2012-07-20,2.25,5747700,2.20279
756,2.22,PNA.AX,2.41,2.41,2012-07-19,2.19,14435600,2.08982
757,2.33,PNA.AX,2.41,2.41,2012-07-18,2.27,5532200,2.19337
758,2.42,PNA.AX,2.40,2.47,2012-07-17,2.38,3895800,2.2781
759,2.41,PNA.AX,2.46,2.49,2012-07-16,2.36,4572100,2.26868
760,2.42,PNA.AX,2.41,2.46,2012-07-13,2.33,4901400,2.2781
761,2.41,PNA.AX,2.52,2.54,2012-07-12,2.40,6790300,2.26868
762,2.53,PNA.AX,2.51,2.54,2012-07-11,2.43,7385200,2.38165
763,2.51,PNA.AX,2.63,2.64,2012-07-10,2.51,6306200,2.36282
764,2.64,PNA.AX,2.72,2.72,2012-07-09,2.64,1945500,2.4852
765,2.71,PNA.AX,2.74,2.755,2012-07-06,2.70,2911100,2.55109
766,2.76,PNA.AX,2.80,2.80,2012-07-05,2.75,2149600,2.59816
767,2.83,PNA.AX,2.80,2.84,2012-07-04,2.78,4138900,2.66405
768,2.75,PNA.AX,2.76,2.76,2012-07-03,2.71,1550500,2.58875
769,2.78,PNA.AX,2.80,2.82,2012-07-02,2.73,3356100,2.61699
770,2.73,PNA.AX,2.63,2.73,2012-06-29,2.615,3162600,2.56992
771,2.65,PNA.AX,2.66,2.69,2012-06-28,2.64,3009700,2.49461
772,2.65,PNA.AX,2.67,2.67,2012-06-27,2.64,2078400,2.49461
773,2.67,PNA.AX,2.67,2.70,2012-06-26,2.62,2593900,2.51344
774,2.70,PNA.AX,2.69,2.71,2012-06-25,2.63,5238700,2.54168
775,2.71,PNA.AX,2.70,2.72,2012-06-22,2.67,2681600,2.55109
776,2.79,PNA.AX,2.89,2.89,2012-06-21,2.77,4262200,2.6264
777,2.88,PNA.AX,2.91,2.93,2012-06-20,2.87,5023800,2.71112
778,2.86,PNA.AX,2.89,2.89,2012-06-19,2.81,3056700,2.69229
779,2.93,PNA.AX,2.82,2.93,2012-06-18,2.81,3685100,2.75819
780,2.78,PNA.AX,2.68,2.78,2012-06-15,2.66,5349000,2.61699
781,2.67,PNA.AX,2.68,2.70,2012-06-14,2.625,2367700,2.51344
782,2.69,PNA.AX,2.73,2.74,2012-06-13,2.655,1907800,2.53226
783,2.69,PNA.AX,2.74,2.76,2012-06-12,2.68,2124100,2.53226
784,2.75,PNA.AX,2.75,2.75,2012-06-11,2.75,000,2.58875
785,2.75,PNA.AX,2.81,2.83,2012-06-08,2.68,3600800,2.58875
786,2.83,PNA.AX,2.93,2.96,2012-06-07,2.80,4512800,2.66405
787,2.84,PNA.AX,2.85,2.95,2012-06-06,2.81,3385500,2.67347
788,2.80,PNA.AX,2.78,2.87,2012-06-05,2.76,4126900,2.63581
789,2.74,PNA.AX,2.68,2.78,2012-06-04,2.66,6341200,2.57933
790,2.80,PNA.AX,2.81,2.85,2012-06-01,2.755,4023400,2.63581
791,2.86,PNA.AX,2.83,2.91,2012-05-31,2.75,5155700,2.69229
792,2.90,PNA.AX,2.99,2.99,2012-05-30,2.88,2325400,2.72995
793,2.99,PNA.AX,2.89,3.02,2012-05-29,2.85,3754000,2.81467
794,2.94,PNA.AX,2.85,2.99,2012-05-28,2.80,4183600,2.7676
795,2.81,PNA.AX,2.83,2.87,2012-05-25,2.79,2270400,2.64523
796,2.81,PNA.AX,2.83,2.86,2012-05-24,2.79,3651700,2.64523
797,2.81,PNA.AX,2.81,2.845,2012-05-23,2.76,4482800,2.64523
798,2.88,PNA.AX,2.80,2.96,2012-05-22,2.80,4925200,2.71112
799,2.76,PNA.AX,2.71,2.76,2012-05-21,2.68,2397400,2.59816
800,2.71,PNA.AX,2.71,2.78,2012-05-18,2.66,4186300,2.55109
801,2.75,PNA.AX,2.71,2.76,2012-05-17,2.68,2641200,2.58875
802,2.68,PNA.AX,2.64,2.73,2012-05-16,2.64,4784000,2.52285
803,2.79,PNA.AX,2.82,2.84,2012-05-15,2.73,7510100,2.6264
804,2.90,PNA.AX,2.92,2.92,2012-05-14,2.86,3401000,2.72995
805,2.92,PNA.AX,2.92,2.96,2012-05-11,2.90,2068400,2.74878
806,2.96,PNA.AX,2.89,3.03,2012-05-10,2.88,4678800,2.78643
807,2.85,PNA.AX,2.99,3.01,2012-05-09,2.82,6111600,2.68288
808,3.05,PNA.AX,3.05,3.05,2012-05-08,2.99,2706300,2.87115
809,2.98,PNA.AX,3.05,3.06,2012-05-07,2.96,3167200,2.80526
810,3.11,PNA.AX,3.19,3.19,2012-05-04,3.08,2288800,2.92764
811,3.19,PNA.AX,3.28,3.28,2012-05-03,3.18,1502600,3.00294
812,3.25,PNA.AX,3.21,3.27,2012-05-02,3.21,1939500,3.05943
813,3.21,PNA.AX,3.22,3.25,2012-05-01,3.19,2824300,3.02177
814,3.26,PNA.AX,3.24,3.28,2012-04-30,3.21,2143900,3.06884
815,3.21,PNA.AX,3.24,3.27,2012-04-27,3.20,3402000,3.02177
816,3.20,PNA.AX,3.32,3.33,2012-04-26,3.20,2792400,3.01236
817,3.24,PNA.AX,3.24,3.24,2012-04-25,3.24,000,3.05001
818,3.24,PNA.AX,3.21,3.28,2012-04-24,3.21,1884000,3.05001
819,3.27,PNA.AX,3.34,3.34,2012-04-23,3.25,1415900,3.07825
820,3.33,PNA.AX,3.33,3.34,2012-04-20,3.31,2718100,3.13473
821,3.31,PNA.AX,3.30,3.34,2012-04-19,3.265,4666700,3.11591
822,3.29,PNA.AX,3.22,3.29,2012-04-18,3.19,3191900,3.09708
823,3.14,PNA.AX,3.22,3.24,2012-04-17,3.13,1600100,2.95588
824,3.24,PNA.AX,3.29,3.29,2012-04-16,3.19,2517800,3.05001
825,3.27,PNA.AX,3.25,3.35,2012-04-13,3.22,6265000,3.07825
826,3.13,PNA.AX,3.01,3.17,2012-04-12,3.01,4082200,2.94646
827,2.97,PNA.AX,3.00,3.02,2012-04-11,2.96,2711600,2.79584
828,3.04,PNA.AX,3.02,3.07,2012-04-10,3.00,1486400,2.86174
829,3.07,PNA.AX,3.07,3.07,2012-04-09,3.07,000,2.88998
830,3.07,PNA.AX,3.07,3.07,2012-04-06,3.07,000,2.88998
831,3.07,PNA.AX,3.07,3.07,2012-04-05,3.03,2486000,2.88998
832,3.14,PNA.AX,3.16,3.20,2012-04-04,3.11,2902000,2.95588
833,3.22,PNA.AX,3.24,3.24,2012-04-03,3.14,3555900,3.03119
834,3.19,PNA.AX,3.20,3.25,2012-04-02,3.16,4128700,3.00294
835,3.04,PNA.AX,3.01,3.10,2012-03-30,3.01,3929300,2.86174
836,3.00,PNA.AX,3.10,3.12,2012-03-29,3.00,4470700,2.82409
837,3.15,PNA.AX,3.13,3.17,2012-03-28,3.09,5902600,2.96529
838,3.14,PNA.AX,3.11,3.19,2012-03-27,3.10,6005100,2.95588
839,3.00,PNA.AX,3.03,3.06,2012-03-26,2.98,3618000,2.82409
840,3.02,PNA.AX,3.10,3.10,2012-03-23,3.00,3547400,2.84291
841,3.13,PNA.AX,3.17,3.18,2012-03-22,3.10,3003200,2.94646
842,3.14,PNA.AX,3.17,3.22,2012-03-21,3.13,2401300,2.95588
843,3.20,PNA.AX,3.24,3.28,2012-03-20,3.18,1542700,3.01236
844,3.27,PNA.AX,3.22,3.31,2012-03-19,3.22,1812700,3.07825
845,3.21,PNA.AX,3.31,3.34,2012-03-16,3.21,3494300,3.02177
846,3.29,PNA.AX,3.40,3.40,2012-03-15,3.24,3018000,3.09708
847,3.41,PNA.AX,3.38,3.50,2012-03-14,3.38,3601300,3.21004
848,3.29,PNA.AX,3.35,3.35,2012-03-13,3.28,1813300,3.09708
849,3.31,PNA.AX,3.30,3.345,2012-03-12,3.27,1243200,3.11591
850,3.32,PNA.AX,3.23,3.32,2012-03-09,3.20,4467600,3.12532
851,3.23,PNA.AX,3.22,3.28,2012-03-08,3.22,2947900,3.0406
852,3.25,PNA.AX,3.16,3.30,2012-03-07,3.13,5376300,3.05943
853,3.38,PNA.AX,3.51,3.52,2012-03-06,3.30,9133800,3.1818
854,3.53,PNA.AX,3.53,3.54,2012-03-05,3.50,2053700,3.32301
855,3.57,PNA.AX,3.61,3.61,2012-03-02,3.55,3086400,3.36066
856,3.59,PNA.AX,3.57,3.60,2012-03-01,3.52,1593100,3.37949
857,3.64,PNA.AX,3.62,3.67,2012-02-29,3.60,2928200,3.42656
858,3.60,PNA.AX,3.60,3.64,2012-02-28,3.58,4157500,3.3889
859,3.59,PNA.AX,3.60,3.61,2012-02-27,3.58,1237800,3.37949
860,3.59,PNA.AX,3.60,3.62,2012-02-24,3.49,3038800,3.37949
861,3.57,PNA.AX,3.63,3.66,2012-02-23,3.48,2552300,3.36066
862,3.65,PNA.AX,3.63,3.69,2012-02-22,3.63,1606200,3.43597
863,3.68,PNA.AX,3.60,3.70,2012-02-21,3.54,3726800,3.46421
864,3.59,PNA.AX,3.64,3.65,2012-02-20,3.59,2505600,3.37949
865,3.57,PNA.AX,3.57,3.595,2012-02-17,3.53,2143400,3.36066
866,3.56,PNA.AX,3.57,3.58,2012-02-16,3.49,3529400,3.35125
867,3.62,PNA.AX,3.63,3.67,2012-02-15,3.58,2375300,3.40773
868,3.63,PNA.AX,3.74,3.74,2012-02-14,3.63,3006400,3.41714
869,3.74,PNA.AX,3.76,3.77,2012-02-13,3.69,2414600,3.52069
870,3.77,PNA.AX,3.78,3.84,2012-02-10,3.75,4577200,3.54893
871,3.77,PNA.AX,3.69,3.785,2012-02-09,3.68,3357500,3.54893
872,3.70,PNA.AX,3.70,3.72,2012-02-08,3.68,2872700,3.48304
873,3.68,PNA.AX,3.73,3.74,2012-02-07,3.63,3034800,3.46421
874,3.73,PNA.AX,3.67,3.79,2012-02-06,3.66,3272100,3.51128
875,3.58,PNA.AX,3.56,3.58,2012-02-03,3.55,2202600,3.37008
876,3.60,PNA.AX,3.56,3.63,2012-02-02,3.55,4050500,3.3889
877,3.50,PNA.AX,3.53,3.53,2012-02-01,3.46,3057900,3.29477
878,3.51,PNA.AX,3.50,3.56,2012-01-31,3.41,4351200,3.30418
879,3.50,PNA.AX,3.53,3.545,2012-01-30,3.46,2213800,3.29477
880,3.49,PNA.AX,3.55,3.58,2012-01-27,3.48,3596300,3.28535
881,3.51,PNA.AX,3.51,3.51,2012-01-26,3.51,000,3.30418
882,3.51,PNA.AX,3.55,3.575,2012-01-25,3.50,7098900,3.30418
883,3.60,PNA.AX,3.76,3.76,2012-01-24,3.56,5322800,3.3889
884,3.73,PNA.AX,3.77,3.78,2012-01-23,3.73,2118100,3.51128
885,3.77,PNA.AX,3.74,3.80,2012-01-20,3.74,1779300,3.54893
886,3.72,PNA.AX,3.76,3.82,2012-01-19,3.70,4567700,3.50187
887,3.70,PNA.AX,3.63,3.72,2012-01-18,3.61,4130900,3.48304
888,3.59,PNA.AX,3.50,3.63,2012-01-17,3.48,3375200,3.37949
889,3.44,PNA.AX,3.52,3.54,2012-01-16,3.44,1922800,3.23828
890,3.53,PNA.AX,3.48,3.57,2012-01-13,3.47,2221500,3.32301
891,3.45,PNA.AX,3.46,3.48,2012-01-12,3.42,1419400,3.2477
892,3.47,PNA.AX,3.42,3.48,2012-01-11,3.41,4915000,3.26653
893,3.39,PNA.AX,3.37,3.40,2012-01-10,3.35,2236600,3.19122
894,3.35,PNA.AX,3.40,3.40,2012-01-09,3.325,3546300,3.15356
895,3.38,PNA.AX,3.38,3.41,2012-01-06,3.37,3117600,3.1818
896,3.38,PNA.AX,3.32,3.39,2012-01-05,3.30,1113600,3.1818
897,3.39,PNA.AX,3.33,3.40,2012-01-04,3.33,1552600,3.19122
898,3.26,PNA.AX,3.23,3.28,2012-01-03,3.18,571500,3.06884
899,3.20,PNA.AX,3.20,3.20,2012-01-02,3.20,000,3.01236
900,3.20,PNA.AX,3.20,3.24,2011-12-30,3.18,417100,3.01236
901,3.17,PNA.AX,3.13,3.18,2011-12-29,3.10,1395500,2.98412
902,3.20,PNA.AX,3.25,3.25,2011-12-28,3.17,394700,3.01236
903,3.20,PNA.AX,3.20,3.20,2011-12-27,3.20,000,3.01236
904,3.20,PNA.AX,3.20,3.20,2011-12-26,3.20,000,3.01236
905,3.24,PNA.AX,3.25,3.26,2011-12-23,3.23,461200,3.05001
906,3.20,PNA.AX,3.23,3.23,2011-12-22,3.18,1073900,3.01236
907,3.27,PNA.AX,3.29,3.33,2011-12-21,3.24,1607600,3.07825
908,3.19,PNA.AX,3.09,3.21,2011-12-20,3.08,2106300,3.00294
909,3.14,PNA.AX,3.11,3.17,2011-12-19,3.07,2562800,2.95588
910,3.20,PNA.AX,3.12,3.28,2011-12-16,3.09,3570300,3.01236
911,3.08,PNA.AX,3.15,3.155,2011-12-15,3.00,4962700,2.89939
912,3.21,PNA.AX,3.20,3.23,2011-12-14,3.13,2131200,3.02177
913,3.23,PNA.AX,3.25,3.30,2011-12-13,3.22,1778300,3.0406
914,3.37,PNA.AX,3.40,3.42,2011-12-12,3.36,1062000,3.17239
915,3.32,PNA.AX,3.35,3.375,2011-12-09,3.29,1546200,3.12532
916,3.42,PNA.AX,3.40,3.43,2011-12-08,3.36,1301200,3.21946
917,3.40,PNA.AX,3.41,3.46,2011-12-07,3.37,2323700,3.20063
918,3.39,PNA.AX,3.42,3.45,2011-12-06,3.35,5630600,3.19122
919,3.46,PNA.AX,3.40,3.46,2011-12-05,3.37,3203000,3.25711
920,3.39,PNA.AX,3.30,3.43,2011-12-02,3.28,3971300,3.19122
921,3.30,PNA.AX,3.31,3.34,2011-12-01,3.27,7135500,3.10649
922,3.14,PNA.AX,3.14,3.165,2011-11-30,3.10,2341700,2.95588
923,3.12,PNA.AX,3.14,3.22,2011-11-29,3.08,4425500,2.93705
924,3.12,PNA.AX,3.00,3.12,2011-11-28,2.99,3871000,2.93705
925,2.95,PNA.AX,3.01,3.02,2011-11-25,2.90,3668000,2.77702
926,3.01,PNA.AX,3.05,3.09,2011-11-24,2.97,3384800,2.8335
927,3.09,PNA.AX,3.16,3.18,2011-11-23,3.09,2115900,2.90881
928,3.21,PNA.AX,3.16,3.235,2011-11-22,3.10,2434500,3.02177
929,3.20,PNA.AX,3.30,3.335,2011-11-21,3.20,3133500,3.01236
930,3.30,PNA.AX,3.34,3.42,2011-11-18,3.26,2102500,3.10649
931,3.43,PNA.AX,3.39,3.47,2011-11-17,3.35,1750500,3.22887
932,3.41,PNA.AX,3.50,3.50,2011-11-16,3.40,1580200,3.21004
933,3.50,PNA.AX,3.35,3.50,2011-11-15,3.35,3352000,3.29477
934,3.40,PNA.AX,3.43,3.46,2011-11-14,3.40,1135900,3.20063
935,3.37,PNA.AX,3.34,3.37,2011-11-11,3.24,3219700,3.17239
936,3.30,PNA.AX,3.20,3.33,2011-11-10,3.20,3150900,3.10649
937,3.44,PNA.AX,3.40,3.48,2011-11-09,3.39,3097100,3.23828
938,3.33,PNA.AX,3.29,3.36,2011-11-08,3.25,2236700,3.13473
939,3.30,PNA.AX,3.32,3.34,2011-11-07,3.23,2401100,3.10649
940,3.38,PNA.AX,3.21,3.38,2011-11-04,3.16,3909400,3.1818
941,3.06,PNA.AX,3.20,3.21,2011-11-03,3.04,3126000,2.88057
942,3.15,PNA.AX,3.00,3.19,2011-11-02,3.00,2554000,2.96529
943,3.21,PNA.AX,3.18,3.32,2011-11-01,3.14,1569600,3.02177
944,3.26,PNA.AX,3.39,3.39,2011-10-31,3.26,3464100,3.06884
945,3.45,PNA.AX,3.43,3.46,2011-10-28,3.33,6121400,3.2477
946,3.28,PNA.AX,3.07,3.30,2011-10-27,3.01,5202700,3.08767
947,3.07,PNA.AX,2.94,3.07,2011-10-26,2.94,1460500,2.88998
948,3.05,PNA.AX,3.13,3.13,2011-10-25,3.02,6131600,2.87115
949,3.08,PNA.AX,2.95,3.09,2011-10-24,2.92,3131200,2.89939
950,2.84,PNA.AX,2.87,2.90,2011-10-21,2.81,2552200,2.67347
951,2.85,PNA.AX,2.95,3.00,2011-10-20,2.81,3613700,2.68288
952,3.01,PNA.AX,3.00,3.06,2011-10-19,2.95,4285900,2.8335
953,2.92,PNA.AX,3.04,3.04,2011-10-18,2.92,2500200,2.74878
954,3.12,PNA.AX,3.05,3.13,2011-10-17,3.05,3217000,2.93705
955,3.00,PNA.AX,3.04,3.09,2011-10-14,3.00,8128200,2.82409
956,3.10,PNA.AX,3.22,3.27,2011-10-13,3.08,5742300,2.91822
957,3.11,PNA.AX,2.94,3.14,2011-10-12,2.94,7464500,2.92764
958,3.00,PNA.AX,3.05,3.06,2011-10-11,2.95,5567000,2.82409
959,2.91,PNA.AX,2.87,2.99,2011-10-10,2.84,3006700,2.73936
960,2.90,PNA.AX,2.83,2.92,2011-10-07,2.69,6566400,2.72995
961,2.69,PNA.AX,2.55,2.69,2011-10-06,2.55,5109000,2.53226
962,2.51,PNA.AX,2.51,2.57,2011-10-05,2.42,4233500,2.36282
963,2.43,PNA.AX,2.26,2.45,2011-10-04,2.24,8590700,2.28751
964,2.35,PNA.AX,2.48,2.49,2011-10-03,2.33,3970100,2.2122
965,2.54,PNA.AX,2.53,2.60,2011-09-30,2.52,7090100,2.39106
966,2.48,PNA.AX,2.43,2.50,2011-09-29,2.37,13447800,2.33458
967,2.69,PNA.AX,2.69,2.71,2011-09-28,2.62,5413700,2.53226
968,2.66,PNA.AX,2.57,2.66,2011-09-27,2.53,4346300,2.50402
969,2.42,PNA.AX,2.55,2.58,2011-09-26,2.39,7376600,2.2781
970,2.48,PNA.AX,2.45,2.57,2011-09-23,2.42,10607300,2.33458
971,2.62,PNA.AX,2.79,2.80,2011-09-22,2.61,14590400,2.46637
972,2.95,PNA.AX,3.04,3.04,2011-09-21,2.92,7073300,2.77702
973,3.04,PNA.AX,3.10,3.11,2011-09-20,3.01,3479000,2.86174
974,3.16,PNA.AX,3.23,3.24,2011-09-19,3.14,1453600,2.9747
975,3.25,PNA.AX,3.22,3.33,2011-09-16,3.22,2740900,3.05943
976,3.15,PNA.AX,3.23,3.23,2011-09-15,3.09,3282200,2.96529
977,3.16,PNA.AX,3.27,3.33,2011-09-14,3.14,2605000,2.9747
978,3.28,PNA.AX,3.20,3.32,2011-09-13,3.20,4226300,3.08767
979,3.14,PNA.AX,3.24,3.25,2011-09-12,3.12,5108700,2.95588
980,3.37,PNA.AX,3.43,3.47,2011-09-09,3.36,3653900,3.17239
981,3.42,PNA.AX,3.51,3.51,2011-09-08,3.39,2662600,3.21946
982,3.44,PNA.AX,3.40,3.45,2011-09-07,3.35,4039200,3.23828
983,3.31,PNA.AX,3.35,3.36,2011-09-06,3.28,6358800,3.11591
984,3.44,PNA.AX,3.56,3.56,2011-09-05,3.42,2687800,3.23828
985,3.60,PNA.AX,3.65,3.67,2011-09-02,3.55,2246000,3.3889
986,3.65,PNA.AX,3.69,3.74,2011-09-01,3.65,1610800,3.43597
987,3.64,PNA.AX,3.64,3.68,2011-08-31,3.60,3603600,3.42656
988,3.67,PNA.AX,3.66,3.70,2011-08-30,3.61,2847200,3.4548
989,3.58,PNA.AX,3.50,3.60,2011-08-29,3.475,4328300,3.37008
990,3.46,PNA.AX,3.56,3.58,2011-08-26,3.44,4297300,3.25711
991,3.64,PNA.AX,3.59,3.67,2011-08-25,3.57,2488000,3.42656
992,3.55,PNA.AX,3.67,3.69,2011-08-24,3.54,2952600,3.34183
993,3.62,PNA.AX,3.44,3.62,2011-08-23,3.40,5257200,3.40773
994,3.37,PNA.AX,3.38,3.49,2011-08-22,3.36,4478200,3.17239
995,3.40,PNA.AX,3.47,3.55,2011-08-19,3.38,5115800,3.20063
996,3.64,PNA.AX,3.80,3.80,2011-08-18,3.63,2955000,3.42656
997,3.75,PNA.AX,3.69,3.76,2011-08-17,3.68,2374000,3.53011
998,3.64,PNA.AX,3.75,3.76,2011-08-16,3.63,3996900,3.42656
999,3.74,PNA.AX,3.74,3.80,2011-08-15,3.71,2950100,3.52069
1000,3.63,PNA.AX,3.74,3.75,2011-08-12,3.61,3433100,3.41714
1001,3.61,PNA.AX,3.45,3.71,2011-08-11,3.42,4101600,3.39832
1002,3.62,PNA.AX,3.68,3.74,2011-08-10,3.58,7106900,3.40773
1003,3.47,PNA.AX,3.31,3.57,2011-08-09,3.15,11199600,3.26653
1004,3.57,PNA.AX,3.49,3.78,2011-08-08,3.45,7400700,3.36066
1005,3.61,PNA.AX,3.70,3.70,2011-08-05,3.52,7956100,3.39832
1006,3.91,PNA.AX,3.93,3.95,2011-08-04,3.87,3091700,3.68072
1007,3.93,PNA.AX,3.95,3.98,2011-08-03,3.92,5062200,3.69955
1008,4.05,PNA.AX,4.09,4.10,2011-08-02,4.05,4846000,3.81252
1009,4.13,PNA.AX,4.14,4.22,2011-08-01,4.11,2173400,3.88782
1010,4.10,PNA.AX,4.17,4.17,2011-07-29,4.06,2812500,3.85958
1011,4.14,PNA.AX,4.12,4.17,2011-07-28,4.08,2464400,3.89724
