,Date,Low,Close,Symbol,Adj_Close,Volume,Open,High
0,2016-07-28,13.90,14.14,600862.SS,14.14,9021300,14.20,14.45
1,2016-07-27,13.99,14.25,600862.SS,14.25,18242300,15.27,15.38
2,2016-07-26,15.08,15.26,600862.SS,15.26,7973500,15.30,15.30
3,2016-07-25,15.03,15.18,600862.SS,15.18,10092300,15.14,15.35
4,2016-07-22,14.81,15.05,600862.SS,15.05,14211000,14.85,15.15
5,2016-07-21,14.68,14.71,600862.SS,14.71,6695400,14.80,14.89
6,2016-07-20,14.79,14.80,600862.SS,14.80,5637900,14.87,14.99
7,2016-07-19,14.68,14.90,600862.SS,14.90,7794600,14.73,14.94
8,2016-07-18,14.68,14.73,600862.SS,14.73,12312900,14.92,15.03
9,2016-07-15,14.98,15.07,600862.SS,15.07,11513500,15.32,15.49
10,2016-07-14,15.01,15.37,600862.SS,15.37,14922900,15.25,15.56
11,2016-07-13,15.00,15.21,600862.SS,15.21,13273700,15.34,15.65
12,2016-07-12,14.85,15.21,600862.SS,15.21,17174700,15.15,15.26
13,2016-07-11,15.21,15.28,600862.SS,15.28,24936100,15.35,15.88
14,2016-07-08,14.83,15.12,600862.SS,15.12,19171800,14.96,15.36
15,2016-07-07,14.73,14.95,600862.SS,14.95,19375500,15.20,15.24
16,2016-07-06,15.03,15.20,600862.SS,15.20,18717300,15.03,15.36
17,2016-07-05,15.05,15.09,600862.SS,15.09,42638200,15.25,15.95
18,2016-07-04,14.12,15.16,600862.SS,15.16,33644700,14.24,15.36
19,2016-07-01,14.13,14.38,600862.SS,14.38,22000700,14.20,14.88
20,2016-06-30,13.94,14.18,600862.SS,14.18,9255200,14.10,14.20
21,2016-06-29,14.07,14.10,600862.SS,14.10,12436800,14.36,14.40
22,2016-06-28,14.01,14.34,600862.SS,14.34,18944100,14.10,14.56
23,2016-06-27,13.60,14.15,600862.SS,14.15,13787500,13.62,14.16
24,2016-06-24,13.35,13.67,600862.SS,13.67,17425200,14.11,14.30
25,2016-06-23,13.93,14.22,600862.SS,14.22,16822800,14.24,14.42
26,2016-06-22,13.76,14.22,600862.SS,14.22,13194000,13.87,14.25
27,2016-06-21,13.75,13.86,600862.SS,13.86,16853600,14.22,14.42
28,2016-06-20,13.81,14.08,600862.SS,14.08,12326900,14.08,14.18
29,2016-06-17,14.03,14.17,600862.SS,14.17,19304200,14.50,14.55
30,2016-06-16,14.17,14.42,600862.SS,14.42,24916600,14.25,14.60
31,2016-06-15,13.80,14.37,600862.SS,14.37,41193900,13.90,14.75
32,2016-06-14,13.05,14.20,600862.SS,14.20,40788900,13.20,14.35
33,2016-06-13,12.90,13.21,600862.SS,13.21,31679900,12.91,13.86
34,2016-06-10,13.14,13.14,600862.SS,13.14,000,13.14,13.14
35,2016-06-09,13.14,13.14,600862.SS,13.14,000,13.14,13.14
36,2016-06-08,12.37,13.14,600862.SS,13.14,24372400,12.55,13.44
37,2016-06-07,12.49,12.55,600862.SS,12.55,6468200,12.66,12.70
38,2016-06-06,12.60,12.67,600862.SS,12.67,7668200,12.78,12.79
39,2016-06-03,12.55,12.72,600862.SS,12.72,10005900,12.70,12.79
40,2016-06-02,12.51,12.68,600862.SS,12.68,12440500,12.57,12.80
41,2016-06-01,12.59,12.61,600862.SS,12.61,14487900,12.71,12.88
42,2016-05-31,12.22,12.72,600862.SS,12.72,12949600,12.23,12.75
43,2016-05-30,12.16,12.21,600862.SS,12.21,8242800,12.30,12.36
44,2016-05-27,12.28,12.36,600862.SS,12.36,7946000,12.38,12.58
45,2016-05-26,12.12,12.46,600862.SS,12.46,8571600,12.53,12.67
46,2016-05-25,12.48,12.50,600862.SS,12.50,13289000,13.16,13.19
47,2016-05-24,12.98,13.03,600862.SS,13.03,9661900,13.55,13.55
48,2016-05-23,13.38,13.63,600862.SS,13.63,10195100,13.57,13.70
49,2016-05-20,13.24,13.78,600862.SS,13.78,18136900,13.85,13.98
50,2016-05-19,13.25,14.01,600862.SS,14.01,15236600,13.36,14.14
51,2016-05-18,13.09,13.46,600862.SS,13.46,12349100,13.19,13.62
52,2016-05-17,13.14,13.23,600862.SS,13.23,9949300,13.41,13.60
53,2016-05-16,12.60,13.03,600862.SS,13.03,4429500,12.92,13.05
54,2016-05-13,12.74,12.95,600862.SS,12.95,4917100,12.83,13.09
55,2016-05-12,12.16,12.81,600862.SS,12.81,5193900,12.69,12.84
56,2016-05-11,12.61,12.84,600862.SS,12.84,5452300,12.95,13.05
57,2016-05-10,12.68,12.85,600862.SS,12.85,3726900,12.75,12.87
58,2016-05-09,12.63,12.71,600862.SS,12.71,8595200,13.21,13.40
59,2016-05-06,13.32,13.38,600862.SS,13.38,11247100,14.10,14.10
60,2016-05-05,13.80,14.14,600862.SS,14.14,13925100,13.84,14.35
61,2016-05-04,13.53,13.67,600862.SS,13.67,5238900,13.60,13.77
62,2016-05-03,13.19,13.70,600862.SS,13.70,6544900,13.29,13.77
63,2016-05-02,13.28,13.28,600862.SS,13.28,000,13.28,13.28
64,2016-04-29,13.20,13.28,600862.SS,13.28,4394900,13.20,13.44
65,2016-04-28,13.12,13.36,600862.SS,13.36,5605200,13.54,13.54
66,2016-04-27,13.42,13.49,600862.SS,13.49,5809100,13.58,13.65
67,2016-04-26,13.37,13.58,600862.SS,13.58,6033100,13.53,13.60
68,2016-04-25,13.42,13.51,600862.SS,13.51,6948800,13.42,13.63
69,2016-04-22,13.11,13.63,600862.SS,13.63,7204600,13.36,13.66
70,2016-04-21,13.36,13.40,600862.SS,13.40,8951900,13.60,13.83
71,2016-04-20,13.43,13.71,600862.SS,13.71,15822300,14.66,14.80
72,2016-04-19,14.43,14.57,600862.SS,14.57,8246000,14.63,14.77
73,2016-04-18,14.40,14.61,600862.SS,14.61,11792400,14.85,14.87
74,2016-04-15,14.73,14.99,600862.SS,14.99,12613700,14.76,15.07
75,2016-04-14,14.46,14.79,600862.SS,14.79,18597000,14.74,14.95
76,2016-04-13,14.60,14.88,600862.SS,14.88,33328000,14.60,15.57
77,2016-04-12,13.98,14.15,600862.SS,14.15,8973000,14.11,14.30
78,2016-04-11,14.01,14.11,600862.SS,14.11,9244600,14.01,14.30
79,2016-04-08,13.60,13.87,600862.SS,13.87,10359400,13.92,14.02
80,2016-04-07,14.05,14.09,600862.SS,14.09,13788200,14.30,14.55
81,2016-04-06,13.91,14.29,600862.SS,14.29,12960100,14.02,14.40
82,2016-04-05,13.61,14.08,600862.SS,14.08,12075300,13.68,14.25
83,2016-04-04,13.65,13.65,600862.SS,13.65,000,13.65,13.65
84,2016-04-01,13.30,13.65,600862.SS,13.65,11683200,13.70,13.78
85,2016-03-31,13.66,13.80,600862.SS,13.80,13088500,13.85,14.19
86,2016-03-30,13.42,13.77,600862.SS,13.77,7423400,13.50,13.82
87,2016-03-29,13.10,13.31,600862.SS,13.31,10982700,13.82,13.85
88,2016-03-28,13.78,13.87,600862.SS,13.87,12116900,14.36,14.38
89,2016-03-25,13.71,14.08,600862.SS,14.08,13042100,13.78,14.30
90,2016-03-24,13.62,13.78,600862.SS,13.78,11596000,13.80,14.07
91,2016-03-23,13.70,13.95,600862.SS,13.95,10686200,13.80,14.10
92,2016-03-22,13.44,14.05,600862.SS,14.05,15943300,13.65,14.47
93,2016-03-21,13.50,13.71,600862.SS,13.71,16220800,13.97,14.18
94,2016-03-18,12.75,13.26,600862.SS,13.26,14982100,12.75,13.34
95,2016-03-17,12.33,12.71,600862.SS,12.71,9434500,12.33,12.88
96,2016-03-16,12.18,12.23,600862.SS,12.23,7243600,12.72,12.85
97,2016-03-15,12.49,12.55,600862.SS,12.55,5344500,12.74,12.80
98,2016-03-14,12.40,12.71,600862.SS,12.71,8516100,12.52,12.93
99,2016-03-11,12.08,12.29,600862.SS,12.29,3508300,12.18,12.38
100,2016-03-10,12.18,12.25,600862.SS,12.25,5794300,12.50,12.64
101,2016-03-09,12.30,12.49,600862.SS,12.49,7481800,12.60,13.02
102,2016-03-08,12.08,12.90,600862.SS,12.90,6879700,12.91,13.00
103,2016-03-07,12.70,12.92,600862.SS,12.92,5535400,12.70,13.09
104,2016-03-04,12.45,12.67,600862.SS,12.67,10168000,13.18,13.45
105,2016-03-03,12.91,13.11,600862.SS,13.11,9431300,13.28,13.45
106,2016-03-02,12.36,13.13,600862.SS,13.13,10092400,12.43,13.26
107,2016-03-01,11.93,12.40,600862.SS,12.40,8212500,12.16,12.46
108,2016-02-29,12.04,12.06,600862.SS,12.06,12769200,13.20,13.30
109,2016-02-26,12.95,13.38,600862.SS,13.38,10959700,13.88,14.03
110,2016-02-25,13.77,13.77,600862.SS,13.77,14942900,15.10,15.14
111,2016-02-24,14.03,15.30,600862.SS,15.30,21776500,14.11,15.32
112,2016-02-23,13.90,14.23,600862.SS,14.23,10613900,14.48,14.54
113,2016-02-22,14.30,14.47,600862.SS,14.47,11799800,14.57,14.60
114,2016-02-19,13.95,14.36,600862.SS,14.36,8593400,14.20,14.40
115,2016-02-18,14.24,14.28,600862.SS,14.28,8181000,14.66,14.75
116,2016-02-17,14.33,14.53,600862.SS,14.53,9424300,14.47,14.95
117,2016-02-16,14.00,14.36,600862.SS,14.36,7454300,14.00,14.50
118,2016-02-15,13.33,13.91,600862.SS,13.91,4866700,13.45,14.04
119,2016-02-12,13.96,13.96,600862.SS,13.96,000,13.96,13.96
120,2016-02-11,13.96,13.96,600862.SS,13.96,000,13.96,13.96
121,2016-02-10,13.96,13.96,600862.SS,13.96,000,13.96,13.96
122,2016-02-09,13.96,13.96,600862.SS,13.96,000,13.96,13.96
123,2016-02-08,13.96,13.96,600862.SS,13.96,000,13.96,13.96
124,2016-02-05,13.80,13.96,600862.SS,13.96,7217000,14.04,14.40
125,2016-02-04,13.50,13.82,600862.SS,13.82,7961700,13.66,14.30
126,2016-02-03,12.93,13.45,600862.SS,13.45,6758200,13.00,13.59
127,2016-02-02,12.81,13.33,600862.SS,13.33,7426000,12.81,13.46
128,2016-02-01,12.51,12.83,600862.SS,12.83,6839500,13.15,13.41
129,2016-01-29,12.15,12.94,600862.SS,12.94,10630800,12.50,13.18
130,2016-01-28,12.20,12.52,600862.SS,12.52,9912600,12.90,13.18
131,2016-01-27,12.31,13.31,600862.SS,13.31,12751600,13.57,13.58
132,2016-01-26,13.18,13.41,600862.SS,13.41,9485200,14.37,14.57
133,2016-01-25,14.35,14.64,600862.SS,14.64,6613500,14.59,14.82
134,2016-01-22,13.72,14.35,600862.SS,14.35,9183400,14.37,14.55
135,2016-01-21,13.80,14.05,600862.SS,14.05,10610800,14.60,15.11
136,2016-01-20,14.78,14.92,600862.SS,14.92,12921800,14.86,15.60
137,2016-01-19,14.30,15.09,600862.SS,15.09,16007300,14.69,15.50
138,2016-01-18,14.15,14.85,600862.SS,14.85,13433800,14.20,15.20
139,2016-01-15,14.48,14.75,600862.SS,14.75,21507300,14.81,15.55
140,2016-01-14,12.59,14.56,600862.SS,14.56,13534600,12.60,14.56
141,2016-01-13,13.12,13.24,600862.SS,13.24,9772100,14.29,14.62
142,2016-01-12,13.76,14.14,600862.SS,14.14,12964400,14.98,15.25
143,2016-01-11,15.01,15.01,600862.SS,15.01,11037500,16.01,16.56
144,2016-01-08,15.61,16.68,600862.SS,16.68,13899900,16.95,17.38
145,2016-01-07,16.65,16.71,600862.SS,16.71,2472100,18.18,18.18
146,2016-01-06,17.70,18.50,600862.SS,18.50,13821500,17.95,18.71
147,2016-01-05,16.27,17.79,600862.SS,17.79,14174500,16.94,18.60
148,2016-01-04,17.90,17.92,600862.SS,17.92,8495300,20.25,20.39
149,2016-01-01,19.89,19.89,600862.SS,19.89,000,19.89,19.89
150,2015-12-31,19.70,19.89,600862.SS,19.89,4733100,20.10,20.26
151,2015-12-30,19.64,20.10,600862.SS,20.10,8216900,19.80,20.33
152,2015-12-29,19.18,19.60,600862.SS,19.60,7874200,19.50,19.69
153,2015-12-28,19.33,19.47,600862.SS,19.47,9578000,20.19,20.29
154,2015-12-25,19.84,20.15,600862.SS,20.15,7215400,19.92,20.45
155,2015-12-24,19.30,19.85,600862.SS,19.85,8105800,20.05,20.13
156,2015-12-23,19.97,20.21,600862.SS,20.21,12144600,20.83,20.84
157,2015-12-22,20.41,20.78,600862.SS,20.78,8406600,20.50,20.91
158,2015-12-21,20.20,20.45,600862.SS,20.45,10385300,20.46,20.71
159,2015-12-18,20.37,20.45,600862.SS,20.45,12765200,21.20,21.20
160,2015-12-17,20.46,21.09,600862.SS,21.09,13296500,20.46,21.15
161,2015-12-16,20.29,20.50,600862.SS,20.50,7554100,20.29,20.66
162,2015-12-15,20.14,20.22,600862.SS,20.22,8176200,20.24,20.62
163,2015-12-14,19.20,20.17,600862.SS,20.17,9730700,19.20,20.33
164,2015-12-11,19.40,19.62,600862.SS,19.62,6820000,19.52,19.94
165,2015-12-10,19.34,19.80,600862.SS,19.80,10511400,19.34,20.15
166,2015-12-09,19.00,19.61,600862.SS,19.61,11971600,19.00,19.80
167,2015-12-08,19.15,19.19,600862.SS,19.19,11368500,19.89,19.98
168,2015-12-07,19.70,20.07,600862.SS,20.07,14098000,20.10,20.33
169,2015-12-04,20.06,20.38,600862.SS,20.38,11497300,20.41,20.85
170,2015-12-03,20.35,20.88,600862.SS,20.88,10669200,20.42,20.95
171,2015-12-02,19.50,20.73,600862.SS,20.73,14131600,21.46,21.46
172,2015-12-01,20.50,21.12,600862.SS,21.12,16036100,20.88,21.53
173,2015-11-30,19.07,21.14,600862.SS,21.14,31490200,21.01,21.62
174,2015-11-27,20.92,21.16,600862.SS,21.16,29555800,23.50,23.50
175,2015-11-26,22.10,23.24,600862.SS,23.24,25128300,22.45,23.29
176,2015-11-25,22.10,22.51,600862.SS,22.51,22322200,22.56,23.18
177,2015-11-24,20.89,21.93,600862.SS,21.93,18467900,21.88,21.99
178,2015-11-23,21.88,21.95,600862.SS,21.95,26230700,22.20,23.24
179,2015-11-20,21.19,22.25,600862.SS,22.25,31953000,21.55,22.53
180,2015-11-19,20.18,21.29,600862.SS,21.29,19679400,20.60,21.33
181,2015-11-18,20.43,20.51,600862.SS,20.51,20112100,21.08,21.48
182,2015-11-17,20.28,21.25,600862.SS,21.25,35357900,20.60,21.93
183,2015-11-16,19.78,20.41,600862.SS,20.41,20755300,20.00,20.70
184,2015-11-13,20.27,20.51,600862.SS,20.51,31995000,20.43,21.59
185,2015-11-12,19.79,20.68,600862.SS,20.68,31538800,19.83,21.10
186,2015-11-11,19.50,19.72,600862.SS,19.72,20837000,19.94,20.14
187,2015-11-10,19.79,20.01,600862.SS,20.01,21547300,19.85,20.38
188,2015-11-09,19.55,20.16,600862.SS,20.16,31939900,19.63,20.66
189,2015-11-06,19.00,19.85,600862.SS,19.85,30151200,19.38,20.30
190,2015-11-05,18.62,19.28,600862.SS,19.28,28359100,18.87,19.78
191,2015-11-04,17.72,18.91,600862.SS,18.91,26877000,17.90,18.98
192,2015-11-03,17.14,17.26,600862.SS,17.26,17926600,17.81,18.06
193,2015-11-02,17.59,17.63,600862.SS,17.63,18376300,18.48,18.87
194,2015-10-30,18.62,18.81,600862.SS,18.81,19817700,19.40,19.52
195,2015-10-29,18.67,19.54,600862.SS,19.54,25118900,19.20,20.15
196,2015-10-28,18.60,19.17,600862.SS,19.17,38364300,19.09,20.59
197,2015-10-27,17.23,19.04,600862.SS,19.04,24458700,18.38,19.20
198,2015-10-26,18.18,18.41,600862.SS,18.41,24234000,18.60,19.00
199,2015-10-23,17.75,18.34,600862.SS,18.34,20694100,18.10,18.55
200,2015-10-22,16.50,17.82,600862.SS,17.82,26212100,17.10,18.14
201,2015-10-21,17.20,17.20,600862.SS,17.20,34476300,19.10,19.20
202,2015-10-20,18.60,19.11,600862.SS,19.11,17670800,18.88,19.23
203,2015-10-19,18.40,19.02,600862.SS,19.02,25420400,19.10,19.50
204,2015-10-16,18.29,19.09,600862.SS,19.09,36554800,19.32,19.55
205,2015-10-15,16.70,18.92,600862.SS,18.92,35868200,17.04,18.92
206,2015-10-14,16.80,17.20,600862.SS,17.20,31392600,17.61,18.20
207,2015-10-13,15.87,17.24,600862.SS,17.24,29882900,16.10,17.37
208,2015-10-12,15.02,16.21,600862.SS,16.21,30072200,15.02,16.39
209,2015-10-09,14.63,14.95,600862.SS,14.95,21285800,14.83,15.36
210,2015-10-08,14.12,14.78,600862.SS,14.78,22028600,14.48,15.20
211,2015-10-07,13.91,13.91,600862.SS,13.91,000,13.91,13.91
212,2015-10-06,13.91,13.91,600862.SS,13.91,000,13.91,13.91
213,2015-10-05,13.91,13.91,600862.SS,13.91,000,13.91,13.91
214,2015-10-02,13.91,13.91,600862.SS,13.91,000,13.91,13.91
215,2015-10-01,13.91,13.91,600862.SS,13.91,000,13.91,13.91
216,2015-09-30,13.37,13.91,600862.SS,13.91,21530700,13.47,14.30
217,2015-09-29,13.17,13.27,600862.SS,13.27,11053000,13.50,13.63
218,2015-09-28,13.18,13.87,600862.SS,13.87,13568700,13.99,14.00
219,2015-09-25,13.71,13.99,600862.SS,13.99,25714900,13.85,14.75
220,2015-09-24,13.62,13.94,600862.SS,13.94,15252900,13.75,13.99
221,2015-09-23,13.38,13.49,600862.SS,13.49,16099200,13.60,13.90
222,2015-09-22,13.70,14.00,600862.SS,14.00,26174900,14.10,14.32
223,2015-09-21,13.35,14.21,600862.SS,14.21,26651300,13.35,14.33
224,2015-09-18,12.81,13.27,600862.SS,13.27,22563900,13.62,13.86
225,2015-09-17,13.21,13.28,600862.SS,13.28,36561500,13.96,14.92
226,2015-09-16,11.94,14.31,600862.SS,14.31,39944500,12.29,14.59
227,2015-09-15,13.26,13.26,600862.SS,13.26,000,13.26,13.26
228,2015-09-14,13.26,13.26,600862.SS,13.26,000,13.26,13.26
229,2015-09-11,13.26,13.26,600862.SS,13.26,000,13.26,13.26
230,2015-09-10,13.26,13.26,600862.SS,13.26,000,13.26,13.26
231,2015-09-09,13.26,13.26,600862.SS,13.26,000,13.26,13.26
232,2015-09-08,11.70,13.26,600862.SS,13.26,22589000,12.05,13.30
233,2015-09-07,11.59,12.09,600862.SS,12.09,25842800,12.15,12.84
234,2015-09-04,11.87,11.87,600862.SS,11.87,000,11.87,11.87
235,2015-09-03,11.87,11.87,600862.SS,11.87,000,11.87,11.87
236,2015-09-02,11.85,11.87,600862.SS,11.87,29842700,12.01,13.58
237,2015-09-01,13.17,13.17,600862.SS,13.17,21557300,14.55,14.55
238,2015-08-31,14.28,14.63,600862.SS,14.63,43521100,15.93,15.93
239,2015-08-28,14.30,15.77,600862.SS,15.77,47212100,14.78,15.77
240,2015-08-27,12.55,14.34,600862.SS,14.34,38312900,14.10,14.78
241,2015-08-26,13.90,13.90,600862.SS,13.90,49160300,14.11,15.99
242,2015-08-25,15.44,15.44,600862.SS,15.44,3033300,15.44,15.44
243,2015-08-24,17.16,17.16,600862.SS,17.16,9844500,17.79,17.88
244,2015-08-21,19.07,19.07,600862.SS,19.07,31235400,20.60,21.59
245,2015-08-20,21.14,21.19,600862.SS,21.19,24995900,22.58,23.00
246,2015-08-19,21.14,23.24,600862.SS,23.24,36605200,22.05,24.32
247,2015-08-18,23.49,23.49,600862.SS,23.49,35801300,26.05,26.50
248,2015-08-17,25.01,26.10,600862.SS,26.10,29254100,25.30,27.00
249,2015-08-14,24.88,25.33,600862.SS,25.33,27846200,25.00,25.75
250,2015-08-13,23.26,25.01,600862.SS,25.01,25571800,23.76,25.12
251,2015-08-12,23.80,24.30,600862.SS,24.30,33007300,25.80,26.15
252,2015-08-11,24.50,24.79,600862.SS,24.79,37574700,24.88,25.68
253,2015-08-10,22.15,24.43,600862.SS,24.43,32587600,22.60,24.43
254,2015-08-07,21.50,22.21,600862.SS,22.21,23558900,22.00,22.49
255,2015-08-06,21.00,21.38,600862.SS,21.38,29709800,21.99,23.00
256,2015-08-05,22.12,22.90,600862.SS,22.90,39809900,24.28,24.83
257,2015-08-04,21.51,23.90,600862.SS,23.90,37169000,21.60,24.04
258,2015-08-03,21.85,21.85,600862.SS,21.85,26115400,23.00,23.72
259,2015-07-31,23.85,24.32,600862.SS,24.32,35418900,25.50,26.99
260,2015-07-30,25.70,26.55,600862.SS,26.55,41621700,26.00,28.13
261,2015-07-29,22.80,25.73,600862.SS,25.73,39422200,24.17,25.73
262,2015-07-28,21.84,23.49,600862.SS,23.49,41985600,21.91,25.88
263,2015-07-27,24.27,24.27,600862.SS,24.27,40303600,26.00,27.99
264,2015-07-24,26.30,26.97,600862.SS,26.97,43519100,28.20,29.10
265,2015-07-23,25.60,27.88,600862.SS,27.88,33755400,25.65,28.20
266,2015-07-22,22.96,25.65,600862.SS,25.65,38817900,23.32,25.65
267,2015-07-21,21.01,23.32,600862.SS,23.32,43019900,21.82,23.85
268,2015-07-20,20.36,21.87,600862.SS,21.87,49591100,21.49,21.87
269,2015-07-17,18.23,19.88,600862.SS,19.88,25078100,18.40,19.88
270,2015-07-16,16.36,18.07,600862.SS,18.07,33301200,16.36,19.21
271,2015-07-15,18.18,18.18,600862.SS,18.18,27612700,19.05,20.20
272,2015-07-14,18.66,20.20,600862.SS,20.20,62005900,19.40,20.48
273,2015-07-13,17.50,18.62,600862.SS,18.62,40784100,18.60,18.62
274,2015-07-10,15.39,16.93,600862.SS,16.93,26781600,15.45,16.93
275,2015-07-09,12.59,15.39,600862.SS,15.39,82927400,12.59,15.39
276,2015-07-08,13.99,13.99,600862.SS,13.99,384400,13.99,13.99
277,2015-07-07,15.54,15.54,600862.SS,15.54,3454700,15.56,16.00
278,2015-07-06,17.27,17.27,600862.SS,17.27,27396100,21.11,21.11
279,2015-07-03,19.19,19.19,600862.SS,19.19,22649700,19.40,21.40
280,2015-07-02,21.32,21.32,600862.SS,21.32,20502800,23.80,23.88
281,2015-07-01,23.10,23.69,600862.SS,23.69,24886500,25.40,27.49
282,2015-06-30,21.25,25.39,600862.SS,25.39,27304600,22.00,25.95
283,2015-06-29,23.61,23.61,600862.SS,23.61,22773100,26.90,26.90
284,2015-06-26,26.23,26.23,600862.SS,26.23,12341200,27.40,27.40
285,2015-06-25,29.10,29.14,600862.SS,29.14,17871300,32.47,32.48
286,2015-06-24,31.05,32.33,600862.SS,32.33,15887100,33.03,33.89
287,2015-06-23,30.59,32.74,600862.SS,32.74,17158600,34.00,34.48
288,2015-06-22,33.99,33.99,600862.SS,33.99,000,33.99,33.99
289,2015-06-19,33.99,33.99,600862.SS,33.99,13422300,37.21,37.21
290,2015-06-18,37.28,37.77,600862.SS,37.77,12379800,39.35,39.38
291,2015-06-17,35.87,38.05,600862.SS,38.05,13295100,36.82,38.98
292,2015-06-16,35.25,36.86,600862.SS,36.86,13722800,37.85,37.85
293,2015-06-15,38.32,38.52,600862.SS,38.52,16968900,39.68,40.65
294,2015-06-12,38.50,39.16,600862.SS,39.16,13840000,38.80,39.48
295,2015-06-11,37.78,38.81,600862.SS,38.81,17087100,38.01,39.57
296,2015-06-10,36.88,38.51,600862.SS,38.51,16438200,37.56,39.49
297,2015-06-09,35.99,37.42,600862.SS,37.42,17313800,37.30,40.00
298,2015-06-08,37.92,38.32,600862.SS,38.32,26403700,42.58,42.58
299,2015-06-05,39.35,41.98,600862.SS,41.98,23830700,39.35,43.00
300,2015-06-04,34.01,39.35,600862.SS,39.35,28740800,35.80,39.62
301,2015-06-03,35.00,36.02,600862.SS,36.02,22946000,37.60,37.60
302,2015-06-02,37.00,37.66,600862.SS,37.66,17061400,37.85,38.73
303,2015-06-01,36.00,38.27,600862.SS,38.27,20786600,37.85,38.85
304,2015-05-29,33.01,37.78,600862.SS,37.78,27810700,36.45,39.50
305,2015-05-28,36.55,36.55,600862.SS,36.55,27999100,40.10,40.30
306,2015-05-27,39.27,40.61,600862.SS,40.61,31137600,41.22,42.78
307,2015-05-26,38.00,40.01,600862.SS,40.01,21976200,39.08,40.01
308,2015-05-25,33.15,36.37,600862.SS,36.37,15905500,34.00,36.37
309,2015-05-22,32.96,33.06,600862.SS,33.06,27916300,35.13,35.98
310,2015-05-21,31.20,33.47,600862.SS,33.47,17135300,31.20,33.47
311,2015-05-20,27.69,30.43,600862.SS,30.43,20332400,27.90,30.43
312,2015-05-19,27.11,27.66,600862.SS,27.66,14120300,27.61,28.17
313,2015-05-18,26.00,27.53,600862.SS,27.53,21226400,26.53,27.79
314,2015-05-15,25.89,26.48,600862.SS,26.48,18536000,27.00,27.68
315,2015-05-14,25.75,26.34,600862.SS,26.34,27632200,27.03,28.30
316,2015-05-13,24.90,27.03,600862.SS,27.03,27368700,25.35,27.72
317,2015-05-12,22.80,25.30,600862.SS,25.30,24764800,23.14,25.30
318,2015-05-11,21.50,23.00,600862.SS,23.00,26636800,22.15,23.86
319,2015-05-08,20.06,21.97,600862.SS,21.97,22188000,20.35,22.09
320,2015-05-07,18.95,20.08,600862.SS,20.08,22014400,19.00,20.55
321,2015-05-06,18.92,19.41,600862.SS,19.41,17676800,19.28,19.95
322,2015-05-05,18.59,19.29,600862.SS,19.29,17125600,19.06,19.48
323,2015-05-04,18.00,19.04,600862.SS,19.04,12810000,18.37,19.15
324,2015-05-01,18.36,18.36,600862.SS,18.36,000,18.36,18.36
325,2015-04-30,17.91,18.36,600862.SS,18.36,11701800,18.11,18.86
326,2015-04-29,17.60,18.11,600862.SS,18.11,8222200,17.85,18.29
327,2015-04-28,17.69,17.85,600862.SS,17.85,16674500,18.70,18.77
328,2015-04-27,18.49,18.69,600862.SS,18.69,17396100,18.95,19.40
329,2015-04-24,18.51,18.95,600862.SS,18.95,16972400,18.53,19.61
330,2015-04-23,18.81,18.98,600862.SS,18.98,12109200,19.18,19.25
331,2015-04-22,18.99,19.14,600862.SS,19.14,16983800,19.11,19.48
332,2015-04-21,18.30,19.15,600862.SS,19.15,15897000,18.40,19.30
333,2015-04-20,17.90,18.45,600862.SS,18.45,22981100,18.65,19.24
334,2015-04-17,17.69,18.57,600862.SS,18.57,22770100,17.70,19.20
335,2015-04-16,16.60,17.58,600862.SS,17.58,12145100,16.85,17.97
336,2015-04-15,17.18,17.26,600862.SS,17.26,12496800,17.90,17.90
337,2015-04-14,17.68,17.92,600862.SS,17.92,11810400,18.04,18.04
338,2015-04-13,17.59,18.05,600862.SS,18.05,16813100,17.89,18.10
339,2015-04-10,16.67,17.79,600862.SS,17.79,17377700,16.67,18.09
340,2015-04-09,16.08,16.94,600862.SS,16.94,16823300,17.60,17.63
341,2015-04-08,17.13,17.34,600862.SS,17.34,21653700,18.08,18.09
342,2015-04-07,17.90,18.08,600862.SS,18.08,10144400,17.97,18.17
343,2015-04-06,18.03,18.03,600862.SS,18.03,000,18.03,18.03
344,2015-04-03,17.70,18.03,600862.SS,18.03,9902900,17.86,18.15
345,2015-04-02,17.72,17.89,600862.SS,17.89,10141200,17.90,18.05
346,2015-04-01,17.55,17.91,600862.SS,17.91,13246200,17.69,18.18
347,2015-03-31,16.38,17.70,600862.SS,17.70,24294700,16.52,18.20
348,2015-03-30,16.52,16.72,600862.SS,16.72,12939600,16.52,16.85
349,2015-03-27,15.83,16.38,600862.SS,16.38,12523700,15.99,16.50
350,2015-03-26,15.81,15.99,600862.SS,15.99,15088500,15.82,16.48
351,2015-03-25,15.70,16.01,600862.SS,16.01,13307900,16.17,16.17
352,2015-03-24,15.41,16.18,600862.SS,16.18,19343800,16.29,16.45
353,2015-03-23,16.06,16.29,600862.SS,16.29,13573800,16.10,16.50
354,2015-03-20,15.86,16.21,600862.SS,16.21,17527100,16.05,16.39
355,2015-03-19,14.75,16.05,600862.SS,16.05,28624700,14.89,16.30
356,2015-03-18,14.81,14.94,600862.SS,14.94,16471800,15.11,15.15
357,2015-03-17,14.96,15.01,600862.SS,15.01,20489900,15.50,15.67
358,2015-03-16,14.60,14.95,600862.SS,14.95,12292700,14.98,15.07
359,2015-03-13,14.57,14.70,600862.SS,14.70,7781600,14.63,15.04
360,2015-03-12,14.40,14.57,600862.SS,14.57,8334000,14.70,14.70
361,2015-03-11,14.50,14.55,600862.SS,14.55,14518600,15.10,15.10
362,2015-03-10,14.82,15.06,600862.SS,15.06,11555200,14.97,15.10
363,2015-03-09,14.78,14.97,600862.SS,14.97,15370200,15.03,15.44
364,2015-03-06,14.60,15.13,600862.SS,15.13,18135400,14.60,15.60
365,2015-03-05,14.22,14.61,600862.SS,14.61,14312100,14.50,14.69
366,2015-03-04,14.11,14.50,600862.SS,14.50,23122200,14.11,14.90
367,2015-03-03,13.07,14.31,600862.SS,14.31,38687100,13.30,14.73
368,2015-03-02,13.16,13.39,600862.SS,13.39,15481200,13.40,13.56
369,2015-02-27,13.21,13.30,600862.SS,13.30,19416900,13.30,13.88
370,2015-02-26,12.55,13.42,600862.SS,13.42,21898000,12.85,13.65
371,2015-02-25,12.79,12.88,600862.SS,12.88,37198100,13.99,13.99
372,2015-02-24,13.11,13.11,600862.SS,13.11,000,13.11,13.11
373,2015-02-23,13.11,13.11,600862.SS,13.11,000,13.11,13.11
374,2015-02-20,13.11,13.11,600862.SS,13.11,000,13.11,13.11
375,2015-02-19,13.11,13.11,600862.SS,13.11,000,13.11,13.11
376,2015-02-18,13.11,13.11,600862.SS,13.11,000,13.11,13.11
377,2015-02-17,12.46,13.11,600862.SS,13.11,17838900,12.50,13.11
378,2015-02-16,11.44,11.92,600862.SS,11.92,16246000,11.55,12.05
379,2015-02-13,11.06,11.45,600862.SS,11.45,12841400,11.06,11.54
380,2015-02-12,10.89,11.04,600862.SS,11.04,6430200,10.92,11.10
381,2015-02-11,10.80,10.91,600862.SS,10.91,4854500,10.88,11.05
382,2015-02-10,10.73,10.83,600862.SS,10.83,4481600,10.78,10.94
383,2015-02-09,10.74,10.75,600862.SS,10.75,7514500,10.93,11.06
384,2015-02-06,10.90,10.94,600862.SS,10.94,11551300,11.26,11.56
385,2015-02-05,11.25,11.29,600862.SS,11.29,13247300,11.66,11.78
386,2015-02-04,11.43,11.66,600862.SS,11.66,18604100,11.53,11.91
387,2015-02-03,11.21,11.54,600862.SS,11.54,14692400,11.24,11.68
388,2015-02-02,10.82,11.30,600862.SS,11.30,13168500,10.93,11.40
389,2015-01-30,11.04,11.14,600862.SS,11.14,10431200,11.30,11.38
390,2015-01-29,10.84,11.18,600862.SS,11.18,9970900,10.84,11.37
391,2015-01-28,11.02,11.15,600862.SS,11.15,21176000,11.05,11.61
392,2015-01-27,10.82,11.17,600862.SS,11.17,16192600,11.15,11.20
393,2015-01-26,10.65,11.10,600862.SS,11.10,18810700,10.68,11.17
394,2015-01-23,10.60,10.62,600862.SS,10.62,19629500,10.90,11.09
395,2015-01-22,10.24,11.02,600862.SS,11.02,37281700,10.45,11.27
396,2015-01-21,9.75,10.58,600862.SS,10.58,40664300,9.80,10.71
397,2015-01-20,9.26,9.74,600862.SS,9.74,13363100,9.33,9.79
398,2015-01-19,8.83,9.25,600862.SS,9.25,15420600,9.40,9.70
399,2015-01-16,9.50,9.57,600862.SS,9.57,8722700,9.54,9.72
400,2015-01-15,9.44,9.53,600862.SS,9.53,3938400,9.51,9.59
401,2015-01-14,9.44,9.51,600862.SS,9.51,4584300,9.55,9.75
402,2015-01-13,9.49,9.52,600862.SS,9.52,4158900,9.53,9.60
403,2015-01-12,9.35,9.51,600862.SS,9.51,7320800,9.60,9.75
404,2015-01-09,9.75,9.75,600862.SS,9.75,8368600,9.90,10.04
405,2015-01-08,9.89,9.90,600862.SS,9.90,9397700,9.97,10.10
406,2015-01-07,9.83,9.96,600862.SS,9.96,14508300,9.85,10.19
407,2015-01-06,9.50,9.98,600862.SS,9.98,22720000,9.65,10.40
408,2015-01-05,9.40,9.68,600862.SS,9.68,10404100,9.44,9.70
409,2015-01-02,9.28,9.28,600862.SS,9.28,000,9.28,9.28
410,2015-01-01,9.28,9.28,600862.SS,9.28,000,9.28,9.28
411,2014-12-31,9.17,9.28,600862.SS,9.28,11278600,9.54,9.65
412,2014-12-30,9.52,9.53,600862.SS,9.53,9463700,9.63,9.72
413,2014-12-29,9.51,9.60,600862.SS,9.60,7751200,9.80,9.80
414,2014-12-26,9.59,9.84,600862.SS,9.84,10613800,9.60,9.96
415,2014-12-25,9.45,9.59,600862.SS,9.59,7655400,9.48,9.74
416,2014-12-24,9.15,9.47,600862.SS,9.47,9125000,9.15,9.48
417,2014-12-23,9.01,9.04,600862.SS,9.04,11682000,9.31,9.54
418,2014-12-22,9.44,9.44,600862.SS,9.44,28761200,10.40,10.52
419,2014-12-19,10.31,10.49,600862.SS,10.49,15285200,10.60,10.68
420,2014-12-18,10.53,10.71,600862.SS,10.71,13099900,10.60,10.99
421,2014-12-17,10.56,10.63,600862.SS,10.63,17561200,10.93,10.99
422,2014-12-16,10.97,11.00,600862.SS,11.00,20334300,11.01,11.33
423,2014-12-15,10.56,10.91,600862.SS,10.91,17513500,10.56,11.00
424,2014-12-12,10.70,10.98,600862.SS,10.98,18301100,10.83,11.09
425,2014-12-11,10.55,10.73,600862.SS,10.73,15115000,10.66,10.82
426,2014-12-10,10.36,10.76,600862.SS,10.76,20521500,10.55,10.81
427,2014-12-09,10.58,10.65,600862.SS,10.65,42730200,11.70,11.74
428,2014-12-08,11.35,11.76,600862.SS,11.76,50953500,11.60,11.98
429,2014-12-05,10.81,11.49,600862.SS,11.49,62918400,11.26,12.00
430,2014-12-04,11.11,11.16,600862.SS,11.16,19443100,11.22,11.29
431,2014-12-03,10.91,11.26,600862.SS,11.26,32348600,11.41,11.41
432,2014-12-02,10.91,11.13,600862.SS,11.13,15856400,11.00,11.16
433,2014-12-01,10.75,11.08,600862.SS,11.08,32777900,11.16,11.39
434,2014-11-28,11.05,11.16,600862.SS,11.16,23367700,11.23,11.46
435,2014-11-27,11.07,11.19,600862.SS,11.19,20573700,11.31,11.44
436,2014-11-26,11.16,11.31,600862.SS,11.31,23314300,11.31,11.46
437,2014-11-25,11.42,11.58,600862.SS,11.58,40889800,11.78,12.17
438,2014-11-24,10.97,11.27,600862.SS,11.27,28428200,11.17,11.31
439,2014-11-21,10.88,11.16,600862.SS,11.16,18799700,10.98,11.25
440,2014-11-20,10.84,11.02,600862.SS,11.02,14976300,11.01,11.20
441,2014-11-19,10.79,11.03,600862.SS,11.03,13452500,10.90,11.09
442,2014-11-18,10.74,10.84,600862.SS,10.84,16158500,11.00,11.18
443,2014-11-17,10.45,11.10,600862.SS,11.10,20190100,10.70,11.12
444,2014-11-14,10.31,10.69,600862.SS,10.69,17651500,10.52,10.83
445,2014-11-13,10.67,10.70,600862.SS,10.70,20596900,11.18,11.21
446,2014-11-12,10.93,11.14,600862.SS,11.14,17328700,11.06,11.24
447,2014-11-11,10.88,11.09,600862.SS,11.09,45946000,11.51,11.61
448,2014-11-10,11.64,11.78,600862.SS,11.78,71730500,12.47,12.80
449,2014-11-07,11.64,12.59,600862.SS,12.59,65078900,11.84,12.67
450,2014-11-06,11.63,11.87,600862.SS,11.87,16663400,11.90,12.05
451,2014-11-05,11.80,11.93,600862.SS,11.93,19711000,11.85,12.15
452,2014-11-04,11.54,12.00,600862.SS,12.00,35809400,11.96,12.22
453,2014-11-03,11.84,11.92,600862.SS,11.92,30896400,11.95,12.30
454,2014-10-31,11.88,12.04,600862.SS,12.04,33800900,12.20,12.29
455,2014-10-30,11.95,12.44,600862.SS,12.44,75110500,12.70,12.86
456,2014-10-29,11.43,12.51,600862.SS,12.51,79469000,11.54,12.51
457,2014-10-28,10.81,11.37,600862.SS,11.37,43390800,10.83,11.48
458,2014-10-27,10.68,10.90,600862.SS,10.90,31674200,10.85,11.02
459,2014-10-24,10.62,10.82,600862.SS,10.82,71568100,11.75,11.94
460,2014-10-23,11.31,11.80,600862.SS,11.80,45607500,11.50,11.89
461,2014-10-22,11.50,11.66,600862.SS,11.66,80453500,12.08,12.57
462,2014-10-21,11.79,12.22,600862.SS,12.22,80918400,11.99,12.36
463,2014-10-20,11.10,12.21,600862.SS,12.21,151294300,11.10,12.53
464,2014-10-17,11.39,11.39,600862.SS,11.39,155615800,12.47,12.47
465,2014-10-16,12.65,12.65,600862.SS,12.65,76952100,12.65,12.65
466,2014-10-15,11.50,11.50,600862.SS,11.50,2067700,11.50,11.50
467,2014-10-14,10.45,10.45,600862.SS,10.45,1516500,10.45,10.45
468,2014-10-13,9.50,9.50,600862.SS,9.50,1490400,9.50,9.50
469,2014-10-10,8.64,8.64,600862.SS,8.64,1616600,8.64,8.64
470,2014-10-09,7.85,7.85,600862.SS,7.85,1562100,7.85,7.85
471,2014-10-08,7.14,7.14,600862.SS,7.14,1361300,7.14,7.14
472,2014-10-07,6.49,6.49,600862.SS,6.49,000,6.49,6.49
473,2014-10-06,6.49,6.49,600862.SS,6.49,000,6.49,6.49
474,2014-10-03,6.49,6.49,600862.SS,6.49,000,6.49,6.49
475,2014-10-02,6.49,6.49,600862.SS,6.49,000,6.49,6.49
476,2014-10-01,6.49,6.49,600862.SS,6.49,000,6.49,6.49
477,2014-09-30,6.49,6.49,600862.SS,6.49,1787900,6.49,6.49
478,2014-09-29,5.90,5.90,600862.SS,5.90,1195100,5.90,5.90
479,2014-09-26,5.36,5.36,600862.SS,5.36,1022100,5.36,5.36
480,2014-09-25,4.87,4.87,600862.SS,4.87,808300,4.87,4.87
481,2014-09-24,4.43,4.43,600862.SS,4.43,499400,4.43,4.43
482,2014-09-23,4.03,4.03,600862.SS,4.03,000,4.03,4.03
483,2014-09-22,4.03,4.03,600862.SS,4.03,400000,4.03,4.03
484,2014-09-19,3.66,3.66,600862.SS,3.66,301700,3.66,3.66
485,2014-09-18,3.33,3.33,600862.SS,3.33,252500,3.33,3.33
486,2014-09-17,3.03,3.03,600862.SS,3.03,000,3.03,3.03
487,2014-09-16,3.03,3.03,600862.SS,3.03,000,3.03,3.03
488,2014-09-15,3.03,3.03,600862.SS,3.03,000,3.03,3.03
489,2014-09-12,3.03,3.03,600862.SS,3.03,000,3.03,3.03
490,2014-09-11,3.03,3.03,600862.SS,3.03,000,3.03,3.03
491,2014-09-10,3.03,3.03,600862.SS,3.03,000,3.03,3.03
492,2014-09-09,3.03,3.03,600862.SS,3.03,000,3.03,3.03
493,2014-09-08,3.03,3.03,600862.SS,3.03,000,3.03,3.03
494,2014-09-05,3.03,3.03,600862.SS,3.03,000,3.03,3.03
495,2014-09-04,3.03,3.03,600862.SS,3.03,000,3.03,3.03
496,2014-09-03,3.03,3.03,600862.SS,3.03,000,3.03,3.03
497,2014-09-02,3.03,3.03,600862.SS,3.03,000,3.03,3.03
498,2014-09-01,3.03,3.03,600862.SS,3.03,000,3.03,3.03
499,2014-08-29,3.03,3.03,600862.SS,3.03,000,3.03,3.03
500,2014-08-28,3.03,3.03,600862.SS,3.03,000,3.03,3.03
501,2014-08-27,3.03,3.03,600862.SS,3.03,000,3.03,3.03
502,2014-08-26,3.03,3.03,600862.SS,3.03,000,3.03,3.03
503,2014-08-25,3.03,3.03,600862.SS,3.03,000,3.03,3.03
504,2014-08-22,3.03,3.03,600862.SS,3.03,000,3.03,3.03
505,2014-08-21,3.03,3.03,600862.SS,3.03,000,3.03,3.03
506,2014-08-20,3.03,3.03,600862.SS,3.03,000,3.03,3.03
507,2014-08-19,3.03,3.03,600862.SS,3.03,000,3.03,3.03
508,2014-08-18,3.03,3.03,600862.SS,3.03,000,3.03,3.03
509,2014-08-15,3.03,3.03,600862.SS,3.03,000,3.03,3.03
510,2014-08-14,3.03,3.03,600862.SS,3.03,000,3.03,3.03
511,2014-08-13,3.03,3.03,600862.SS,3.03,000,3.03,3.03
512,2014-08-12,3.03,3.03,600862.SS,3.03,000,3.03,3.03
513,2014-08-11,3.03,3.03,600862.SS,3.03,000,3.03,3.03
514,2014-08-08,3.03,3.03,600862.SS,3.03,000,3.03,3.03
515,2014-08-07,3.03,3.03,600862.SS,3.03,000,3.03,3.03
516,2014-08-06,3.03,3.03,600862.SS,3.03,000,3.03,3.03
517,2014-08-05,3.03,3.03,600862.SS,3.03,000,3.03,3.03
518,2014-08-04,3.03,3.03,600862.SS,3.03,000,3.03,3.03
519,2014-08-01,3.03,3.03,600862.SS,3.03,000,3.03,3.03
520,2014-07-31,3.03,3.03,600862.SS,3.03,000,3.03,3.03
521,2014-07-30,3.03,3.03,600862.SS,3.03,000,3.03,3.03
522,2014-07-29,3.03,3.03,600862.SS,3.03,000,3.03,3.03
523,2014-07-28,3.03,3.03,600862.SS,3.03,000,3.03,3.03
524,2014-07-25,3.03,3.03,600862.SS,3.03,000,3.03,3.03
525,2014-07-24,3.03,3.03,600862.SS,3.03,000,3.03,3.03
526,2014-07-23,3.03,3.03,600862.SS,3.03,000,3.03,3.03
527,2014-07-22,3.03,3.03,600862.SS,3.03,000,3.03,3.03
528,2014-07-21,3.03,3.03,600862.SS,3.03,000,3.03,3.03
529,2014-07-18,3.03,3.03,600862.SS,3.03,000,3.03,3.03
530,2014-07-17,3.03,3.03,600862.SS,3.03,000,3.03,3.03
531,2014-07-16,3.03,3.03,600862.SS,3.03,000,3.03,3.03
532,2014-07-15,3.03,3.03,600862.SS,3.03,000,3.03,3.03
533,2014-07-14,3.03,3.03,600862.SS,3.03,000,3.03,3.03
534,2014-07-11,3.03,3.03,600862.SS,3.03,000,3.03,3.03
535,2014-07-10,3.03,3.03,600862.SS,3.03,000,3.03,3.03
536,2014-07-09,3.03,3.03,600862.SS,3.03,000,3.03,3.03
537,2014-07-08,3.03,3.03,600862.SS,3.03,000,3.03,3.03
538,2014-07-07,3.03,3.03,600862.SS,3.03,000,3.03,3.03
539,2014-07-04,3.03,3.03,600862.SS,3.03,000,3.03,3.03
540,2014-07-03,3.03,3.03,600862.SS,3.03,000,3.03,3.03
541,2014-07-02,3.03,3.03,600862.SS,3.03,000,3.03,3.03
542,2014-07-01,3.03,3.03,600862.SS,3.03,000,3.03,3.03
543,2014-06-30,3.03,3.03,600862.SS,3.03,000,3.03,3.03
544,2014-06-27,3.03,3.03,600862.SS,3.03,000,3.03,3.03
545,2014-06-26,3.03,3.03,600862.SS,3.03,000,3.03,3.03
546,2014-06-25,3.03,3.03,600862.SS,3.03,000,3.03,3.03
547,2014-06-24,3.03,3.03,600862.SS,3.03,000,3.03,3.03
548,2014-06-23,3.03,3.03,600862.SS,3.03,000,3.03,3.03
549,2014-06-20,3.03,3.03,600862.SS,3.03,000,3.03,3.03
550,2014-06-19,3.03,3.03,600862.SS,3.03,000,3.03,3.03
551,2014-06-18,3.03,3.03,600862.SS,3.03,000,3.03,3.03
552,2014-06-17,3.03,3.03,600862.SS,3.03,000,3.03,3.03
553,2014-06-16,3.03,3.03,600862.SS,3.03,000,3.03,3.03
554,2014-06-13,3.03,3.03,600862.SS,3.03,000,3.03,3.03
555,2014-06-12,3.03,3.03,600862.SS,3.03,000,3.03,3.03
556,2014-06-11,3.03,3.03,600862.SS,3.03,000,3.03,3.03
557,2014-06-10,3.03,3.03,600862.SS,3.03,000,3.03,3.03
558,2014-06-09,3.03,3.03,600862.SS,3.03,000,3.03,3.03
559,2014-06-06,3.03,3.03,600862.SS,3.03,000,3.03,3.03
560,2014-06-05,3.03,3.03,600862.SS,3.03,000,3.03,3.03
561,2014-06-04,3.03,3.03,600862.SS,3.03,000,3.03,3.03
562,2014-06-03,3.03,3.03,600862.SS,3.03,000,3.03,3.03
563,2014-06-02,3.03,3.03,600862.SS,3.03,000,3.03,3.03
564,2014-05-30,3.03,3.03,600862.SS,3.03,000,3.03,3.03
565,2014-05-29,3.03,3.03,600862.SS,3.03,000,3.03,3.03
566,2014-05-28,3.03,3.03,600862.SS,3.03,000,3.03,3.03
567,2014-05-27,3.03,3.03,600862.SS,3.03,000,3.03,3.03
568,2014-05-26,3.03,3.03,600862.SS,3.03,000,3.03,3.03
569,2014-05-23,3.03,3.03,600862.SS,3.03,000,3.03,3.03
570,2014-05-22,3.03,3.03,600862.SS,3.03,000,3.03,3.03
571,2014-05-21,3.03,3.03,600862.SS,3.03,000,3.03,3.03
572,2014-05-20,3.03,3.03,600862.SS,3.03,000,3.03,3.03
573,2014-05-19,3.03,3.03,600862.SS,3.03,000,3.03,3.03
574,2014-05-16,3.03,3.03,600862.SS,3.03,000,3.03,3.03
575,2014-05-15,3.03,3.03,600862.SS,3.03,000,3.03,3.03
576,2014-05-14,3.03,3.03,600862.SS,3.03,000,3.03,3.03
577,2014-05-13,3.03,3.03,600862.SS,3.03,000,3.03,3.03
578,2014-05-12,3.03,3.03,600862.SS,3.03,000,3.03,3.03
579,2014-05-09,3.03,3.03,600862.SS,3.03,000,3.03,3.03
580,2014-05-08,3.03,3.03,600862.SS,3.03,000,3.03,3.03
581,2014-05-07,3.03,3.03,600862.SS,3.03,000,3.03,3.03
582,2014-05-06,3.03,3.03,600862.SS,3.03,000,3.03,3.03
583,2014-05-05,3.03,3.03,600862.SS,3.03,000,3.03,3.03
584,2014-05-02,3.03,3.03,600862.SS,3.03,000,3.03,3.03
585,2014-05-01,3.03,3.03,600862.SS,3.03,000,3.03,3.03
586,2014-04-30,3.03,3.03,600862.SS,3.03,000,3.03,3.03
587,2014-04-29,3.03,3.03,600862.SS,3.03,000,3.03,3.03
588,2014-04-28,3.03,3.03,600862.SS,3.03,000,3.03,3.03
589,2014-04-25,3.03,3.03,600862.SS,3.03,000,3.03,3.03
590,2014-04-24,3.03,3.03,600862.SS,3.03,000,3.03,3.03
591,2014-04-23,3.03,3.03,600862.SS,3.03,000,3.03,3.03
592,2014-04-22,3.03,3.03,600862.SS,3.03,000,3.03,3.03
593,2014-04-21,3.03,3.03,600862.SS,3.03,000,3.03,3.03
594,2014-04-18,3.03,3.03,600862.SS,3.03,000,3.03,3.03
595,2014-04-17,3.03,3.03,600862.SS,3.03,000,3.03,3.03
596,2014-04-16,3.03,3.03,600862.SS,3.03,000,3.03,3.03
597,2014-04-15,3.03,3.03,600862.SS,3.03,000,3.03,3.03
598,2014-04-14,3.03,3.03,600862.SS,3.03,000,3.03,3.03
599,2014-04-11,3.03,3.03,600862.SS,3.03,000,3.03,3.03
600,2014-04-10,3.03,3.03,600862.SS,3.03,000,3.03,3.03
601,2014-04-09,3.03,3.03,600862.SS,3.03,000,3.03,3.03
602,2014-04-08,3.03,3.03,600862.SS,3.03,000,3.03,3.03
603,2014-04-07,3.03,3.03,600862.SS,3.03,000,3.03,3.03
604,2014-04-04,3.03,3.03,600862.SS,3.03,000,3.03,3.03
605,2014-04-03,3.03,3.03,600862.SS,3.03,000,3.03,3.03
606,2014-04-02,3.03,3.03,600862.SS,3.03,000,3.03,3.03
607,2014-04-01,3.03,3.03,600862.SS,3.03,000,3.03,3.03
608,2014-03-31,3.03,3.03,600862.SS,3.03,000,3.03,3.03
609,2014-03-28,3.03,3.03,600862.SS,3.03,000,3.03,3.03
610,2014-03-27,3.03,3.03,600862.SS,3.03,000,3.03,3.03
611,2014-03-26,3.03,3.03,600862.SS,3.03,000,3.03,3.03
612,2014-03-25,3.03,3.03,600862.SS,3.03,000,3.03,3.03
613,2014-03-24,3.03,3.03,600862.SS,3.03,000,3.03,3.03
614,2014-03-21,3.03,3.03,600862.SS,3.03,000,3.03,3.03
615,2014-03-20,3.03,3.03,600862.SS,3.03,000,3.03,3.03
616,2014-03-19,3.03,3.03,600862.SS,3.03,000,3.03,3.03
617,2014-03-18,3.03,3.03,600862.SS,3.03,000,3.03,3.03
618,2014-03-17,3.03,3.03,600862.SS,3.03,000,3.03,3.03
619,2014-03-14,3.03,3.03,600862.SS,3.03,000,3.03,3.03
620,2014-03-13,3.03,3.03,600862.SS,3.03,000,3.03,3.03
621,2014-03-12,3.03,3.03,600862.SS,3.03,000,3.03,3.03
622,2014-03-11,3.03,3.03,600862.SS,3.03,000,3.03,3.03
623,2014-03-10,3.03,3.03,600862.SS,3.03,000,3.03,3.03
624,2014-03-07,3.03,3.03,600862.SS,3.03,000,3.03,3.03
625,2014-03-06,3.03,3.03,600862.SS,3.03,000,3.03,3.03
626,2014-03-05,3.03,3.03,600862.SS,3.03,000,3.03,3.03
627,2014-03-04,3.03,3.03,600862.SS,3.03,000,3.03,3.03
628,2014-03-03,3.03,3.03,600862.SS,3.03,000,3.03,3.03
629,2014-02-28,2.99,3.03,600862.SS,3.03,6341800,3.04,3.04
630,2014-02-27,3.04,3.04,600862.SS,3.04,6140000,3.08,3.11
631,2014-02-26,2.98,3.08,600862.SS,3.08,4001500,3.01,3.08
632,2014-02-25,2.98,3.00,600862.SS,3.00,5472400,3.15,3.15
633,2014-02-24,3.09,3.11,600862.SS,3.11,5214900,3.18,3.18
634,2014-02-21,3.16,3.19,600862.SS,3.19,5306800,3.21,3.23
635,2014-02-20,3.21,3.21,600862.SS,3.21,7671700,3.25,3.29
636,2014-02-19,3.19,3.26,600862.SS,3.26,6813200,3.22,3.27
637,2014-02-18,3.19,3.22,600862.SS,3.22,5156300,3.24,3.26
638,2014-02-17,3.14,3.24,600862.SS,3.24,9858600,3.14,3.25
639,2014-02-14,3.08,3.14,600862.SS,3.14,5028700,3.11,3.15
640,2014-02-13,3.10,3.11,600862.SS,3.11,4041500,3.14,3.15
641,2014-02-12,3.08,3.15,600862.SS,3.15,6553100,3.09,3.16
642,2014-02-11,3.06,3.09,600862.SS,3.09,5689400,3.10,3.10
643,2014-02-10,3.02,3.10,600862.SS,3.10,7352700,3.02,3.11
644,2014-02-07,2.98,3.03,600862.SS,3.03,2441100,2.99,3.05
645,2014-02-06,2.99,2.99,600862.SS,2.99,000,2.99,2.99
646,2014-02-05,2.99,2.99,600862.SS,2.99,000,2.99,2.99
647,2014-02-03,2.99,2.99,600862.SS,2.99,000,2.99,2.99
648,2014-01-31,2.99,2.99,600862.SS,2.99,000,2.99,2.99
649,2014-01-30,2.98,2.99,600862.SS,2.99,1612300,3.00,3.02
650,2014-01-29,2.99,3.01,600862.SS,3.01,2907400,3.00,3.02
651,2014-01-28,2.99,3.01,600862.SS,3.01,3331700,3.05,3.05
652,2014-01-27,3.04,3.04,600862.SS,3.04,1987600,3.07,3.08
653,2014-01-24,3.03,3.09,600862.SS,3.09,3580800,3.05,3.10
654,2014-01-23,3.04,3.05,600862.SS,3.05,2880400,3.06,3.09
655,2014-01-22,3.00,3.08,600862.SS,3.08,3256000,3.00,3.08
656,2014-01-21,2.97,3.00,600862.SS,3.00,1280800,2.97,3.01
657,2014-01-20,2.96,2.97,600862.SS,2.97,1091200,2.98,2.99
658,2014-01-17,2.97,2.99,600862.SS,2.99,1475600,3.03,3.03
659,2014-01-16,3.02,3.03,600862.SS,3.03,1520400,3.04,3.06
660,2014-01-15,3.01,3.03,600862.SS,3.03,2196700,3.05,3.06
661,2014-01-14,2.98,3.04,600862.SS,3.04,1930000,2.99,3.06
662,2014-01-13,2.94,2.99,600862.SS,2.99,1854600,2.95,3.00
663,2014-01-10,2.96,2.96,600862.SS,2.96,2171700,3.01,3.02
664,2014-01-09,3.02,3.02,600862.SS,3.02,2091800,3.03,3.08
665,2014-01-08,3.04,3.04,600862.SS,3.04,2201400,3.06,3.09
666,2014-01-07,3.04,3.07,600862.SS,3.07,1877800,3.06,3.10
667,2014-01-06,3.05,3.07,600862.SS,3.07,2854500,3.11,3.11
668,2014-01-03,3.12,3.12,600862.SS,3.12,2686100,3.18,3.19
669,2014-01-02,3.14,3.18,600862.SS,3.18,2953900,3.15,3.20
670,2014-01-01,3.16,3.16,600862.SS,3.16,000,3.16,3.16
671,2013-12-31,3.10,3.16,600862.SS,3.16,4152300,3.12,3.17
672,2013-12-30,3.07,3.16,600862.SS,3.16,5844700,3.09,3.17
673,2013-12-27,3.04,3.08,600862.SS,3.08,2421300,3.04,3.08
674,2013-12-26,3.01,3.04,600862.SS,3.04,3594500,3.08,3.08
675,2013-12-25,3.05,3.09,600862.SS,3.09,2476300,3.08,3.10
676,2013-12-24,3.05,3.08,600862.SS,3.08,2845200,3.06,3.10
677,2013-12-23,3.04,3.05,600862.SS,3.05,2820400,3.12,3.12
678,2013-12-20,3.10,3.12,600862.SS,3.12,2954000,3.18,3.19
679,2013-12-19,3.16,3.18,600862.SS,3.18,3098600,3.22,3.24
680,2013-12-18,3.21,3.22,600862.SS,3.22,2126700,3.25,3.25
681,2013-12-17,3.24,3.25,600862.SS,3.25,2359400,3.25,3.27
682,2013-12-16,3.24,3.26,600862.SS,3.26,3805500,3.29,3.31
683,2013-12-13,3.23,3.30,600862.SS,3.30,4090700,3.26,3.31
684,2013-12-12,3.26,3.27,600862.SS,3.27,3668100,3.29,3.31
685,2013-12-11,3.27,3.29,600862.SS,3.29,4578200,3.35,3.35
686,2013-12-10,3.33,3.35,600862.SS,3.35,3171500,3.34,3.37
687,2013-12-09,3.31,3.34,600862.SS,3.34,4112300,3.36,3.37
688,2013-12-06,3.34,3.36,600862.SS,3.36,4529200,3.38,3.41
689,2013-12-05,3.34,3.39,600862.SS,3.39,6260600,3.37,3.43
690,2013-12-04,3.31,3.37,600862.SS,3.37,7785000,3.31,3.41
691,2013-12-03,3.23,3.35,600862.SS,3.35,8981400,3.37,3.38
692,2013-12-02,3.25,3.40,600862.SS,3.40,13873000,3.34,3.41
693,2013-11-29,3.35,3.38,600862.SS,3.38,7299700,3.42,3.43
694,2013-11-28,3.41,3.42,600862.SS,3.42,4909000,3.43,3.45
695,2013-11-27,3.35,3.43,600862.SS,3.43,7335100,3.35,3.44
696,2013-11-26,3.35,3.36,600862.SS,3.36,2411900,3.36,3.39
697,2013-11-25,3.31,3.36,600862.SS,3.36,3223300,3.34,3.37
698,2013-11-22,3.31,3.33,600862.SS,3.33,3434700,3.35,3.36
699,2013-11-21,3.32,3.35,600862.SS,3.35,4590400,3.37,3.37
700,2013-11-20,3.32,3.38,600862.SS,3.38,5181600,3.34,3.38
701,2013-11-19,3.31,3.33,600862.SS,3.33,4625900,3.34,3.35
702,2013-11-18,3.29,3.34,600862.SS,3.34,5613000,3.30,3.34
703,2013-11-15,3.24,3.30,600862.SS,3.30,5670800,3.24,3.35
704,2013-11-14,3.19,3.24,600862.SS,3.24,2376700,3.20,3.27
705,2013-11-13,3.20,3.20,600862.SS,3.20,2804200,3.29,3.29
706,2013-11-12,3.25,3.29,600862.SS,3.29,3942100,3.26,3.32
707,2013-11-11,3.15,3.27,600862.SS,3.27,4330600,3.17,3.28
708,2013-11-08,3.13,3.16,600862.SS,3.16,3154000,3.19,3.19
709,2013-11-07,3.19,3.19,600862.SS,3.19,4632900,3.25,3.27
710,2013-11-06,3.24,3.26,600862.SS,3.26,3727600,3.30,3.32
711,2013-11-05,3.23,3.31,600862.SS,3.31,2534900,3.28,3.32
712,2013-11-04,3.28,3.30,600862.SS,3.30,2696300,3.31,3.33
713,2013-11-01,3.25,3.31,600862.SS,3.31,3935800,3.27,3.34
714,2013-10-31,3.22,3.29,600862.SS,3.29,4979900,3.28,3.32
715,2013-10-30,3.19,3.27,600862.SS,3.27,3995400,3.23,3.28
716,2013-10-29,3.10,3.22,600862.SS,3.22,7185400,3.35,3.37
717,2013-10-28,3.31,3.35,600862.SS,3.35,2615200,3.33,3.36
718,2013-10-25,3.30,3.33,600862.SS,3.33,4864900,3.39,3.42
719,2013-10-24,3.38,3.38,600862.SS,3.38,3794800,3.43,3.45
720,2013-10-23,3.44,3.45,600862.SS,3.45,5065300,3.53,3.54
721,2013-10-22,3.50,3.53,600862.SS,3.53,5066100,3.57,3.57
722,2013-10-21,3.50,3.56,600862.SS,3.56,5746900,3.53,3.57
723,2013-10-18,3.48,3.52,600862.SS,3.52,3347900,3.48,3.54
724,2013-10-17,3.47,3.48,600862.SS,3.48,5632300,3.47,3.55
725,2013-10-16,3.44,3.46,600862.SS,3.46,8890300,3.56,3.56
726,2013-10-15,3.52,3.56,600862.SS,3.56,8458600,3.58,3.59
727,2013-10-14,3.56,3.58,600862.SS,3.58,13025400,3.64,3.66
728,2013-10-11,3.62,3.64,600862.SS,3.64,6646500,3.63,3.66
729,2013-10-10,3.61,3.63,600862.SS,3.63,6004900,3.68,3.69
730,2013-10-09,3.61,3.67,600862.SS,3.67,5283500,3.64,3.68
731,2013-10-08,3.59,3.66,600862.SS,3.66,6451400,3.64,3.67
732,2013-10-07,3.64,3.64,600862.SS,3.64,000,3.64,3.64
733,2013-10-04,3.64,3.64,600862.SS,3.64,000,3.64,3.64
734,2013-10-03,3.64,3.64,600862.SS,3.64,000,3.64,3.64
735,2013-10-02,3.64,3.64,600862.SS,3.64,000,3.64,3.64
736,2013-10-01,3.64,3.64,600862.SS,3.64,000,3.64,3.64
737,2013-09-30,3.64,3.64,600862.SS,3.64,3947900,3.64,3.69
738,2013-09-27,3.65,3.65,600862.SS,3.65,5092900,3.70,3.74
739,2013-09-26,3.63,3.70,600862.SS,3.70,10878200,3.67,3.79
740,2013-09-25,3.60,3.68,600862.SS,3.68,11809700,3.62,3.74
741,2013-09-24,3.61,3.62,600862.SS,3.62,9377400,3.69,3.69
742,2013-09-23,3.63,3.70,600862.SS,3.70,8078000,3.70,3.71
743,2013-09-20,3.69,3.69,600862.SS,3.69,000,3.69,3.69
744,2013-09-18,3.65,3.69,600862.SS,3.69,7484300,3.74,3.76
745,2013-09-17,3.73,3.74,600862.SS,3.74,11019500,3.77,3.85
746,2013-09-16,3.72,3.76,600862.SS,3.76,6778700,3.75,3.78
747,2013-09-13,3.67,3.75,600862.SS,3.75,7410200,3.69,3.76
748,2013-09-12,3.65,3.71,600862.SS,3.71,9076300,3.69,3.79
749,2013-09-11,3.71,3.74,600862.SS,3.74,21649300,3.87,3.93
750,2013-09-10,3.61,3.81,600862.SS,3.81,24934300,3.69,3.83
751,2013-09-09,3.64,3.69,600862.SS,3.69,14917300,3.67,3.71
752,2013-09-06,3.64,3.66,600862.SS,3.66,12317800,3.70,3.72
753,2013-09-05,3.60,3.69,600862.SS,3.69,22187700,3.78,3.78
754,2013-09-04,3.77,3.83,600862.SS,3.83,51134100,4.17,4.17
755,2013-09-03,4.05,4.11,600862.SS,4.11,37002500,4.13,4.17
756,2013-09-02,4.06,4.11,600862.SS,4.11,36844000,4.11,4.19
757,2013-08-30,3.99,4.11,600862.SS,4.11,56062500,4.05,4.18
758,2013-08-29,3.87,4.04,600862.SS,4.04,32187900,3.98,4.05
759,2013-08-28,3.92,3.98,600862.SS,3.98,31988600,3.99,4.13
760,2013-08-27,4.02,4.06,600862.SS,4.06,41911200,4.08,4.12
761,2013-08-26,3.95,4.09,600862.SS,4.09,53736600,4.00,4.14
762,2013-08-23,3.92,3.98,600862.SS,3.98,34299400,3.95,4.01
763,2013-08-22,3.95,3.97,600862.SS,3.97,28328500,3.99,4.04
764,2013-08-21,3.89,3.99,600862.SS,3.99,50717700,3.91,4.05
765,2013-08-20,3.73,3.94,600862.SS,3.94,47014000,3.76,3.97
766,2013-08-19,3.72,3.76,600862.SS,3.76,8494500,3.75,3.79
767,2013-08-16,3.66,3.73,600862.SS,3.73,13118300,3.74,3.77
768,2013-08-15,3.70,3.74,600862.SS,3.74,11781200,3.79,3.83
769,2013-08-14,3.76,3.78,600862.SS,3.78,10012700,3.82,3.88
770,2013-08-13,3.75,3.79,600862.SS,3.79,13766300,3.78,3.85
771,2013-08-12,3.64,3.79,600862.SS,3.79,17210600,3.66,3.83
772,2013-08-09,3.55,3.65,600862.SS,3.65,8044600,3.60,3.67
773,2013-08-08,3.63,3.64,600862.SS,3.64,10542200,3.67,3.74
774,2013-08-07,3.60,3.68,600862.SS,3.68,13540100,3.64,3.75
775,2013-08-06,3.58,3.64,600862.SS,3.64,12055400,3.65,3.71
776,2013-08-05,3.41,3.63,600862.SS,3.63,20243400,3.44,3.68
777,2013-08-02,3.43,3.44,600862.SS,3.44,5962700,3.46,3.46
778,2013-08-01,3.39,3.44,600862.SS,3.44,7985200,3.45,3.47
779,2013-07-31,3.37,3.41,600862.SS,3.41,6017000,3.37,3.44
780,2013-07-30,3.26,3.37,600862.SS,3.37,5274700,3.32,3.38
781,2013-07-29,3.24,3.34,600862.SS,3.315,7628600,3.29,3.48
782,2013-07-26,3.22,3.31,600862.SS,3.28522,5443300,3.23,3.31
783,2013-07-25,3.23,3.25,600862.SS,3.22567,4621000,3.30,3.30
784,2013-07-24,3.17,3.28,600862.SS,3.25545,8059100,3.20,3.32
785,2013-07-23,3.11,3.20,600862.SS,3.17605,6774300,3.13,3.21
786,2013-07-22,3.06,3.11,600862.SS,3.08672,2990500,3.09,3.12
787,2013-07-19,3.09,3.11,600862.SS,3.08672,5437200,3.13,3.18
788,2013-07-18,3.11,3.15,600862.SS,3.12642,3384700,3.16,3.19
789,2013-07-17,3.15,3.17,600862.SS,3.14627,3343100,3.20,3.23
790,2013-07-16,3.14,3.23,600862.SS,3.20582,4955100,3.19,3.24
791,2013-07-15,3.15,3.19,600862.SS,3.16612,2760200,3.16,3.22
792,2013-07-12,3.14,3.16,600862.SS,3.13635,3753900,3.23,3.23
793,2013-07-11,3.05,3.23,600862.SS,3.20582,9680700,3.07,3.27
794,2013-07-10,2.96,3.07,600862.SS,3.04702,3994400,2.98,3.08
795,2013-07-09,2.95,2.98,600862.SS,2.95769,2532000,2.99,3.03
796,2013-07-08,2.98,2.99,600862.SS,2.96762,3913800,3.09,3.12
797,2013-07-05,3.12,3.14,600862.SS,3.1165,3574200,3.16,3.18
798,2013-07-04,3.08,3.16,600862.SS,3.13635,4845900,3.15,3.19
799,2013-07-03,3.06,3.16,600862.SS,3.13635,3619000,3.19,3.19
800,2013-07-02,3.12,3.19,600862.SS,3.16612,3624000,3.13,3.20
801,2013-07-01,3.06,3.14,600862.SS,3.1165,3549200,3.12,3.18
802,2013-06-28,3.05,3.14,600862.SS,3.1165,4240300,3.13,3.20
803,2013-06-27,3.03,3.16,600862.SS,3.13635,8446700,3.07,3.29
804,2013-06-26,2.98,3.05,600862.SS,3.02717,3165700,3.02,3.08
805,2013-06-25,2.75,3.04,600862.SS,3.01725,6563200,3.05,3.12
806,2013-06-24,3.01,3.05,600862.SS,3.02717,6044300,3.25,3.25
807,2013-06-21,3.20,3.24,600862.SS,3.21575,5462000,3.27,3.29
808,2013-06-20,3.31,3.32,600862.SS,3.29515,3218300,3.40,3.40
809,2013-06-19,3.30,3.39,600862.SS,3.36463,4760100,3.42,3.43
810,2013-06-18,3.40,3.44,600862.SS,3.41425,4125900,3.42,3.47
811,2013-06-17,3.39,3.43,600862.SS,3.40433,4837600,3.46,3.46
812,2013-06-14,3.39,3.46,600862.SS,3.4341,5305700,3.40,3.48
813,2013-06-13,3.30,3.40,600862.SS,3.37455,10270100,3.60,3.60
814,2013-06-12,3.63,3.63,600862.SS,3.60283,000,3.63,3.63
815,2013-06-11,3.63,3.63,600862.SS,3.60283,000,3.63,3.63
816,2013-06-10,3.63,3.63,600862.SS,3.60283,000,3.63,3.63
817,2013-06-07,3.61,3.63,600862.SS,3.60283,12586100,3.74,3.79
818,2013-06-06,3.76,3.78,600862.SS,3.75171,16487400,3.85,3.87
819,2013-06-05,3.78,3.90,600862.SS,3.87081,29840700,3.79,3.98
820,2013-06-04,3.68,3.75,600862.SS,3.72193,34201800,3.70,3.92
821,2013-06-03,3.56,3.66,600862.SS,3.6326,9577000,3.63,3.68
822,2013-05-31,3.60,3.61,600862.SS,3.58298,11176000,3.70,3.71
823,2013-05-30,3.57,3.70,600862.SS,3.67231,25773200,3.59,3.77
824,2013-05-29,3.52,3.60,600862.SS,3.57305,9939100,3.53,3.62
825,2013-05-28,3.46,3.53,600862.SS,3.50358,6580400,3.52,3.55
826,2013-05-27,3.48,3.51,600862.SS,3.48373,6030500,3.51,3.54
827,2013-05-24,3.41,3.51,600862.SS,3.48373,8097000,3.43,3.51
828,2013-05-23,3.42,3.43,600862.SS,3.40433,5332600,3.45,3.48
829,2013-05-22,3.44,3.46,600862.SS,3.4341,6022800,3.49,3.50
830,2013-05-21,3.45,3.49,600862.SS,3.46388,6277500,3.49,3.52
831,2013-05-20,3.41,3.49,600862.SS,3.46388,9585000,3.42,3.51
832,2013-05-17,3.36,3.43,600862.SS,3.40433,10168700,3.40,3.47
833,2013-05-16,3.30,3.40,600862.SS,3.37455,6817300,3.33,3.41
834,2013-05-15,3.30,3.35,600862.SS,3.32493,3103300,3.32,3.35
835,2013-05-14,3.27,3.31,600862.SS,3.28522,2971000,3.35,3.35
836,2013-05-13,3.30,3.34,600862.SS,3.315,3611500,3.30,3.35
837,2013-05-10,3.27,3.31,600862.SS,3.28522,2787900,3.27,3.32
838,2013-05-09,3.27,3.28,600862.SS,3.25545,4130000,3.35,3.35
839,2013-05-08,3.32,3.35,600862.SS,3.32493,2799200,3.34,3.36
840,2013-05-07,3.26,3.35,600862.SS,3.32493,5728400,3.28,3.36
841,2013-05-06,3.24,3.28,600862.SS,3.25545,2673300,3.24,3.29
842,2013-05-03,3.22,3.25,600862.SS,3.22567,2703500,3.22,3.29
843,2013-05-02,3.19,3.22,600862.SS,3.1959,1764800,3.21,3.24
844,2013-05-01,3.21,3.21,600862.SS,3.18597,000,3.21,3.21
845,2013-04-30,3.21,3.21,600862.SS,3.18597,000,3.21,3.21
846,2013-04-29,3.21,3.21,600862.SS,3.18597,000,3.21,3.21
847,2013-04-26,3.21,3.21,600862.SS,3.18597,3227100,3.27,3.30
848,2013-04-25,3.26,3.27,600862.SS,3.24552,3601900,3.35,3.35
849,2013-04-24,3.30,3.35,600862.SS,3.32493,2775400,3.31,3.36
850,2013-04-23,3.30,3.30,600862.SS,3.2753,3529800,3.39,3.40
851,2013-04-22,3.36,3.40,600862.SS,3.37455,2934700,3.36,3.40
852,2013-04-19,3.34,3.40,600862.SS,3.37455,4514900,3.34,3.43
853,2013-04-18,3.32,3.35,600862.SS,3.32493,3609600,3.37,3.40
854,2013-04-17,3.32,3.39,600862.SS,3.36463,4074900,3.33,3.41
855,2013-04-16,3.26,3.34,600862.SS,3.315,2149500,3.28,3.35
856,2013-04-15,3.31,3.32,600862.SS,3.29515,2312300,3.32,3.36
857,2013-04-12,3.35,3.35,600862.SS,3.32493,2232200,3.40,3.41
858,2013-04-11,3.39,3.40,600862.SS,3.37455,4304200,3.45,3.48
859,2013-04-10,3.34,3.45,600862.SS,3.42418,5175600,3.36,3.46
860,2013-04-09,3.34,3.37,600862.SS,3.34478,3306200,3.36,3.42
861,2013-04-08,3.26,3.36,600862.SS,3.33485,3152800,3.31,3.36
862,2013-04-05,3.35,3.35,600862.SS,3.32493,000,3.35,3.35
863,2013-04-04,3.35,3.35,600862.SS,3.32493,000,3.35,3.35
864,2013-04-03,3.31,3.35,600862.SS,3.32493,2727300,3.37,3.40
865,2013-04-02,3.35,3.37,600862.SS,3.34478,4007200,3.41,3.44
866,2013-04-01,3.39,3.41,600862.SS,3.38448,3553800,3.39,3.44
867,2013-03-29,3.37,3.39,600862.SS,3.36463,3427000,3.38,3.42
868,2013-03-28,3.35,3.36,600862.SS,3.33485,6183200,3.48,3.48
869,2013-03-27,3.46,3.50,600862.SS,3.4738,4124300,3.48,3.52
870,2013-03-26,3.46,3.48,600862.SS,3.45395,3968900,3.53,3.54
871,2013-03-25,3.51,3.54,600862.SS,3.5135,4058700,3.53,3.55
872,2013-03-22,3.48,3.54,600862.SS,3.5135,6246200,3.52,3.57
873,2013-03-21,3.47,3.51,600862.SS,3.48373,4899700,3.50,3.53
874,2013-03-20,3.42,3.50,600862.SS,3.4738,4532600,3.44,3.51
875,2013-03-19,3.37,3.44,600862.SS,3.41425,3149200,3.41,3.44
876,2013-03-18,3.40,3.41,600862.SS,3.38448,3832700,3.46,3.47
877,2013-03-15,3.44,3.46,600862.SS,3.4341,3561100,3.49,3.55
878,2013-03-14,3.43,3.48,600862.SS,3.45395,2896800,3.46,3.50
879,2013-03-13,3.43,3.47,600862.SS,3.44403,3518000,3.51,3.51
880,2013-03-12,3.45,3.51,600862.SS,3.48373,6942500,3.60,3.65
881,2013-03-11,3.60,3.62,600862.SS,3.5929,3834100,3.64,3.66
882,2013-03-08,3.63,3.64,600862.SS,3.61275,3830700,3.68,3.70
883,2013-03-07,3.65,3.69,600862.SS,3.66238,6975700,3.68,3.72
884,2013-03-06,3.56,3.68,600862.SS,3.65246,8262600,3.60,3.69
885,2013-03-05,3.51,3.59,600862.SS,3.56313,5237700,3.53,3.59
886,2013-03-04,3.47,3.52,600862.SS,3.49365,10061200,3.72,3.73
887,2013-03-01,3.68,3.74,600862.SS,3.71201,6506700,3.73,3.76
888,2013-02-28,3.64,3.72,600862.SS,3.69216,5910400,3.66,3.73
889,2013-02-27,3.63,3.65,600862.SS,3.62268,5300800,3.68,3.71
890,2013-02-26,3.66,3.67,600862.SS,3.64253,7027300,3.73,3.79
891,2013-02-25,3.71,3.76,600862.SS,3.73186,5128400,3.71,3.80
892,2013-02-22,3.70,3.72,600862.SS,3.69216,5018900,3.73,3.77
893,2013-02-21,3.73,3.73,600862.SS,3.70208,8229400,3.84,3.84
894,2013-02-20,3.76,3.86,600862.SS,3.83111,8026900,3.79,3.86
895,2013-02-19,3.78,3.79,600862.SS,3.76163,6523000,3.85,3.88
896,2013-02-18,3.78,3.86,600862.SS,3.83111,8384400,3.79,3.87
897,2013-02-15,3.78,3.78,600862.SS,3.75171,000,3.78,3.78
898,2013-02-14,3.78,3.78,600862.SS,3.75171,000,3.78,3.78
899,2013-02-13,3.78,3.78,600862.SS,3.75171,000,3.78,3.78
900,2013-02-12,3.78,3.78,600862.SS,3.75171,000,3.78,3.78
901,2013-02-11,3.78,3.78,600862.SS,3.75171,000,3.78,3.78
902,2013-02-08,3.76,3.78,600862.SS,3.75171,4530300,3.76,3.80
903,2013-02-07,3.73,3.75,600862.SS,3.72193,4531900,3.79,3.80
904,2013-02-06,3.75,3.79,600862.SS,3.76163,4428000,3.76,3.80
905,2013-02-05,3.70,3.76,600862.SS,3.73186,6194700,3.76,3.78
906,2013-02-04,3.75,3.75,600862.SS,3.72193,7479400,3.80,3.84
907,2013-02-01,3.73,3.81,600862.SS,3.78148,9016200,3.77,3.87
908,2013-01-31,3.75,3.77,600862.SS,3.74178,10725300,3.83,3.88
909,2013-01-30,3.83,3.87,600862.SS,3.84103,22197200,4.03,4.03
910,2013-01-29,3.72,3.83,600862.SS,3.80133,10383200,3.75,3.85
911,2013-01-28,3.65,3.74,600862.SS,3.71201,8358100,3.66,3.75
912,2013-01-25,3.65,3.68,600862.SS,3.65246,4711400,3.69,3.73
913,2013-01-24,3.68,3.71,600862.SS,3.68223,9348500,3.80,3.89
914,2013-01-23,3.74,3.80,600862.SS,3.77156,7336600,3.81,3.86
915,2013-01-22,3.81,3.82,600862.SS,3.79141,11396000,3.94,3.96
916,2013-01-21,3.92,3.94,600862.SS,3.91051,8476900,3.98,3.98
917,2013-01-18,3.85,3.96,600862.SS,3.93036,16300800,3.87,4.01
918,2013-01-17,3.81,3.89,600862.SS,3.86088,12713700,3.90,3.95
919,2013-01-16,3.85,3.91,600862.SS,3.88073,27422800,3.87,4.03
920,2013-01-15,3.82,3.88,600862.SS,3.85096,12951500,3.82,3.91
921,2013-01-14,3.66,3.82,600862.SS,3.79141,11518800,3.72,3.87
922,2013-01-11,3.70,3.72,600862.SS,3.69216,12298200,3.85,3.91
923,2013-01-10,3.80,3.84,600862.SS,3.81126,6748700,3.84,3.86
924,2013-01-09,3.77,3.82,600862.SS,3.79141,10425800,3.82,3.88
925,2013-01-08,3.75,3.85,600862.SS,3.82118,20527900,3.76,3.94
926,2013-01-07,3.69,3.77,600862.SS,3.74178,5815000,3.73,3.78
927,2013-01-04,3.72,3.74,600862.SS,3.71201,7394600,3.83,3.84
928,2013-01-03,3.80,3.80,600862.SS,3.77156,000,3.80,3.80
929,2013-01-02,3.80,3.80,600862.SS,3.77156,000,3.80,3.80
930,2013-01-01,3.80,3.80,600862.SS,3.77156,000,3.80,3.80
931,2012-12-31,3.75,3.80,600862.SS,3.77156,8374300,3.80,3.83
932,2012-12-28,3.67,3.80,600862.SS,3.77156,14465800,3.73,3.86
933,2012-12-27,3.71,3.73,600862.SS,3.70208,10339500,3.88,3.90
934,2012-12-26,3.71,3.79,600862.SS,3.76163,12383500,3.78,3.84
935,2012-12-25,3.60,3.76,600862.SS,3.73186,12976000,3.62,3.78
936,2012-12-24,3.54,3.64,600862.SS,3.61275,7476000,3.60,3.67
937,2012-12-21,3.56,3.60,600862.SS,3.57305,6190600,3.62,3.66
938,2012-12-20,3.55,3.61,600862.SS,3.58298,8039600,3.62,3.65
939,2012-12-19,3.66,3.67,600862.SS,3.64253,10342600,3.70,3.79
940,2012-12-18,3.61,3.73,600862.SS,3.70208,13314500,3.66,3.75
941,2012-12-17,3.62,3.66,600862.SS,3.6326,7167000,3.65,3.69
942,2012-12-14,3.46,3.65,600862.SS,3.62268,14213900,3.46,3.74
943,2012-12-13,3.48,3.50,600862.SS,3.4738,9113300,3.55,3.60
944,2012-12-12,3.47,3.61,600862.SS,3.58298,17892900,3.50,3.83
945,2012-12-11,3.46,3.52,600862.SS,3.49365,7699800,3.50,3.57
946,2012-12-10,3.39,3.52,600862.SS,3.49365,7831200,3.46,3.62
947,2012-12-07,3.34,3.46,600862.SS,3.4341,7418400,3.34,3.49
948,2012-12-06,3.30,3.35,600862.SS,3.32493,5124300,3.35,3.39
949,2012-12-05,3.17,3.35,600862.SS,3.32493,8525600,3.17,3.46
950,2012-12-04,3.12,3.21,600862.SS,3.18597,4209300,3.14,3.23
951,2012-12-03,3.14,3.14,600862.SS,3.1165,2348400,3.27,3.28
952,2012-11-30,3.19,3.25,600862.SS,3.22567,3164700,3.23,3.29
953,2012-11-29,3.18,3.18,600862.SS,3.1562,4600300,3.25,3.34
954,2012-11-28,3.15,3.23,600862.SS,3.20582,3602600,3.25,3.29
955,2012-11-27,3.24,3.29,600862.SS,3.26537,6156100,3.59,3.59
956,2012-11-26,3.59,3.60,600862.SS,3.57305,2029700,3.65,3.67
957,2012-11-23,3.63,3.66,600862.SS,3.6326,2245300,3.63,3.69
958,2012-11-22,3.63,3.64,600862.SS,3.61275,2539900,3.70,3.70
959,2012-11-21,3.60,3.72,600862.SS,3.69216,3553700,3.61,3.72
960,2012-11-20,3.63,3.64,600862.SS,3.61275,2062800,3.70,3.70
961,2012-11-19,3.61,3.67,600862.SS,3.64253,2706900,3.65,3.69
962,2012-11-16,3.59,3.64,600862.SS,3.61275,4945100,3.70,3.71
963,2012-11-15,3.70,3.72,600862.SS,3.69216,3645200,3.85,3.85
964,2012-11-14,3.81,3.85,600862.SS,3.82118,3481500,3.90,3.94
965,2012-11-13,3.89,3.90,600862.SS,3.87081,3805400,3.98,3.98
966,2012-11-12,3.94,3.98,600862.SS,3.95021,2268300,3.95,3.98
967,2012-11-09,3.93,3.94,600862.SS,3.91051,2973500,3.94,3.99
968,2012-11-08,3.93,3.93,600862.SS,3.90058,4869400,3.99,4.00
969,2012-11-07,3.98,4.02,600862.SS,3.98991,3605400,4.05,4.05
970,2012-11-06,4.00,4.05,600862.SS,4.01969,5721500,4.09,4.09
971,2012-11-05,4.06,4.09,600862.SS,4.05939,4878600,4.09,4.15
972,2012-11-02,4.05,4.12,600862.SS,4.08916,7667500,4.08,4.16
973,2012-11-01,4.01,4.08,600862.SS,4.04946,5414400,4.03,4.09
974,2012-10-31,3.94,4.01,600862.SS,3.97999,4750300,3.98,4.02
975,2012-10-30,3.99,4.00,600862.SS,3.97006,5863900,4.03,4.09
976,2012-10-29,4.00,4.05,600862.SS,4.01969,3554700,4.04,4.06
977,2012-10-26,4.01,4.02,600862.SS,3.98991,9429200,4.15,4.16
978,2012-10-25,4.14,4.15,600862.SS,4.11894,7246400,4.21,4.25
979,2012-10-24,4.18,4.21,600862.SS,4.17849,12428300,4.24,4.32
980,2012-10-23,4.18,4.29,600862.SS,4.25789,23130900,4.20,4.43
981,2012-10-22,4.14,4.20,600862.SS,4.16856,4231700,4.17,4.21
982,2012-10-19,4.16,4.20,600862.SS,4.16856,6142100,4.18,4.25
983,2012-10-18,4.10,4.19,600862.SS,4.15864,7924000,4.12,4.21
984,2012-10-17,4.05,4.11,600862.SS,4.07924,4258200,4.12,4.14
985,2012-10-16,4.08,4.11,600862.SS,4.07924,4682800,4.12,4.15
986,2012-10-15,4.07,4.10,600862.SS,4.06931,4459200,4.16,4.18
987,2012-10-12,4.12,4.17,600862.SS,4.13879,5930800,4.22,4.27
988,2012-10-11,4.18,4.19,600862.SS,4.15864,7372100,4.24,4.31
989,2012-10-10,4.18,4.26,600862.SS,4.22811,6466300,4.20,4.26
990,2012-10-09,4.11,4.22,600862.SS,4.18841,7718200,4.11,4.23
991,2012-10-08,4.08,4.10,600862.SS,4.06931,4045700,4.13,4.19
992,2012-10-05,4.11,4.11,600862.SS,4.07924,000,4.11,4.11
993,2012-10-04,4.11,4.11,600862.SS,4.07924,000,4.11,4.11
994,2012-10-03,4.11,4.11,600862.SS,4.07924,000,4.11,4.11
995,2012-10-02,4.11,4.11,600862.SS,4.07924,000,4.11,4.11
996,2012-10-01,4.11,4.11,600862.SS,4.07924,000,4.11,4.11
997,2012-09-28,4.03,4.11,600862.SS,4.07924,5468400,4.06,4.13
998,2012-09-27,3.97,4.08,600862.SS,4.04946,7128100,3.97,4.11
999,2012-09-26,3.94,3.98,600862.SS,3.95021,5345700,4.07,4.11
1000,2012-09-25,4.08,4.08,600862.SS,4.04946,3600100,4.12,4.18
1001,2012-09-24,4.03,4.13,600862.SS,4.09909,4690200,4.03,4.14
1002,2012-09-21,4.06,4.10,600862.SS,4.06931,4703900,4.11,4.16
1003,2012-09-20,4.10,4.11,600862.SS,4.07924,7334600,4.25,4.25
1004,2012-09-19,4.18,4.25,600862.SS,4.21819,6854100,4.18,4.32
1005,2012-09-18,4.12,4.18,600862.SS,4.14871,6962200,4.16,4.23
1006,2012-09-17,4.20,4.21,600862.SS,4.17849,18713800,4.50,4.51
1007,2012-09-14,4.30,4.54,600862.SS,4.50602,33391400,4.33,4.70
1008,2012-09-13,4.34,4.36,600862.SS,4.32737,10907400,4.41,4.45
1009,2012-09-12,4.32,4.41,600862.SS,4.37699,11529900,4.33,4.43
1010,2012-09-11,4.26,4.31,600862.SS,4.27774,7808100,4.35,4.36
1011,2012-09-10,4.27,4.37,600862.SS,4.33729,12674600,4.32,4.46
1012,2012-09-07,4.16,4.31,600862.SS,4.27774,13555400,4.19,4.35
1013,2012-09-06,4.10,4.15,600862.SS,4.11894,7075000,4.10,4.21
1014,2012-09-05,4.03,4.09,600862.SS,4.05939,4384300,4.04,4.14
1015,2012-09-04,4.06,4.06,600862.SS,4.02961,4370700,4.12,4.14
1016,2012-09-03,4.05,4.13,600862.SS,4.09909,4613300,4.09,4.14
1017,2012-08-31,4.02,4.07,600862.SS,4.03954,3127900,4.05,4.11
1018,2012-08-30,4.02,4.07,600862.SS,4.03954,5414700,4.12,4.16
1019,2012-08-29,4.07,4.14,600862.SS,4.10901,6645300,4.13,4.23
1020,2012-08-28,4.05,4.12,600862.SS,4.08916,5117700,4.07,4.17
1021,2012-08-27,4.07,4.07,600862.SS,4.03954,5473400,4.18,4.19
1022,2012-08-24,4.18,4.19,600862.SS,4.15864,6326700,4.32,4.32
1023,2012-08-23,4.26,4.32,600862.SS,4.28766,5060100,4.29,4.35
1024,2012-08-22,4.28,4.29,600862.SS,4.25789,5995200,4.40,4.41
1025,2012-08-21,4.34,4.40,600862.SS,4.36707,8889100,4.36,4.44
1026,2012-08-20,4.28,4.36,600862.SS,4.32737,6762200,4.32,4.38
1027,2012-08-17,4.19,4.37,600862.SS,4.33729,9848800,4.19,4.38
1028,2012-08-16,4.17,4.19,600862.SS,4.15864,6672400,4.26,4.31
1029,2012-08-15,4.28,4.30,600862.SS,4.26781,7060600,4.33,4.41
1030,2012-08-14,4.20,4.33,600862.SS,4.29759,7869100,4.28,4.35
1031,2012-08-13,4.27,4.28,600862.SS,4.24796,9425000,4.43,4.43
1032,2012-08-10,4.34,4.46,600862.SS,4.42662,15770800,4.42,4.57
1033,2012-08-09,4.25,4.41,600862.SS,4.37699,12008600,4.33,4.44
1034,2012-08-08,4.24,4.33,600862.SS,4.29759,10974200,4.32,4.38
1035,2012-08-07,4.19,4.38,600862.SS,4.34722,14802100,4.19,4.52
1036,2012-08-06,4.09,4.22,600862.SS,4.18841,7161300,4.09,4.23
1037,2012-08-03,3.99,4.12,600862.SS,4.08916,5575400,4.04,4.13
1038,2012-08-02,3.99,4.04,600862.SS,4.00976,4149400,4.05,4.11
1039,2012-08-01,4.01,4.07,600862.SS,4.03954,4546900,4.01,4.12
1040,2012-07-31,3.95,4.00,600862.SS,3.97006,7366600,4.10,4.13
1041,2012-07-30,4.10,4.10,600862.SS,4.06931,12373100,4.35,4.41
1042,2012-07-27,4.38,4.38,600862.SS,4.34722,6769000,4.44,4.48
1043,2012-07-26,4.33,4.45,600862.SS,4.41669,17466500,4.36,4.58
1044,2012-07-25,4.38,4.38,600862.SS,4.34722,6525800,4.43,4.50
1045,2012-07-24,4.33,4.48,600862.SS,4.44647,10608800,4.34,4.50
1046,2012-07-23,4.18,4.39,600862.SS,4.35714,7191800,4.33,4.40
1047,2012-07-20,4.34,4.37,600862.SS,4.33729,8084800,4.39,4.47
1048,2012-07-19,4.36,4.39,600862.SS,4.35714,11621900,4.40,4.48
1049,2012-07-18,4.22,4.40,600862.SS,4.36707,10782300,4.24,4.41
1050,2012-07-17,4.06,4.29,600862.SS,4.25789,14328200,4.08,4.49
1051,2012-07-16,4.05,4.08,600862.SS,4.04946,8223400,4.33,4.35
1052,2012-07-13,4.32,4.33,600862.SS,4.29759,5413300,4.36,4.41
1053,2012-07-12,4.24,4.37,600862.SS,4.33729,7951100,4.33,4.39
1054,2012-07-11,4.21,4.34,600862.SS,4.30752,5146900,4.25,4.35
1055,2012-07-10,4.16,4.27,600862.SS,4.23804,6936100,4.25,4.33
1056,2012-07-09,4.20,4.22,600862.SS,4.18841,6372500,4.43,4.44
1057,2012-07-06,4.27,4.44,600862.SS,4.40677,8366100,4.40,4.49
1058,2012-07-05,4.36,4.36,600862.SS,4.32737,7322200,4.50,4.50
1059,2012-07-04,4.48,4.52,600862.SS,4.48617,6861300,4.62,4.64
1060,2012-07-03,4.57,4.60,600862.SS,4.56557,6596700,4.60,4.68
1061,2012-07-02,4.54,4.58,600862.SS,4.54572,6293700,4.57,4.65
1062,2012-06-29,4.36,4.52,600862.SS,4.48617,7170700,4.42,4.53
1063,2012-06-28,4.46,4.47,600862.SS,4.43654,7431300,4.64,4.68
1064,2012-06-27,4.61,4.63,600862.SS,4.59534,6697400,4.65,4.74
1065,2012-06-26,4.53,4.65,600862.SS,4.61519,7079100,4.58,4.69
1066,2012-06-25,4.60,4.60,600862.SS,4.56557,6876700,4.73,4.78
1067,2012-06-22,4.75,4.75,600862.SS,4.71445,000,4.75,4.75
1068,2012-06-21,4.74,4.75,600862.SS,4.71445,9881600,4.87,4.87
1069,2012-06-20,4.86,4.89,600862.SS,4.8534,7695000,4.99,5.02
1070,2012-06-19,4.94,4.97,600862.SS,4.9328,10531700,5.09,5.09
1071,2012-06-18,5.05,5.08,600862.SS,5.04198,8738500,5.12,5.17
1072,2012-06-15,4.94,5.09,600862.SS,5.0519,12035300,5.05,5.16
1073,2012-06-14,4.93,5.05,600862.SS,5.0122,18346200,4.95,5.20
1074,2012-06-13,4.85,4.98,600862.SS,4.94272,10709400,4.92,4.99
1075,2012-06-12,4.87,4.90,600862.SS,4.86332,7699200,4.93,4.99
1076,2012-06-11,4.73,4.99,600862.SS,4.95265,14676500,4.91,5.00
1077,2012-06-08,4.91,4.91,600862.SS,4.87325,17491300,5.16,5.22
1078,2012-06-07,5.08,5.09,600862.SS,5.0519,11626900,5.22,5.30
1079,2012-06-06,5.13,5.17,600862.SS,5.1313,9791200,5.16,5.24
1080,2012-06-05,5.08,5.16,600862.SS,5.12138,11259200,5.11,5.18
1081,2012-06-04,5.10,5.11,600862.SS,5.07175,19313800,5.24,5.32
1082,2012-06-01,5.30,5.35,600862.SS,5.30995,22105900,5.46,5.56
1083,2012-05-31,5.48,5.49,600862.SS,5.44891,22979100,5.63,5.65
1084,2012-05-30,5.70,5.71,600862.SS,5.66726,17500500,5.79,5.82
1085,2012-05-29,5.66,5.80,600862.SS,5.75659,36653300,5.78,5.95
1086,2012-05-28,5.32,5.78,600862.SS,5.73674,38784000,5.46,5.80
1087,2012-05-25,5.28,5.51,600862.SS,5.46876,37991200,5.34,5.63
1088,2012-05-24,5.21,5.34,600862.SS,5.30003,25273400,5.21,5.42
1089,2012-05-23,5.20,5.26,600862.SS,5.22063,17281000,5.34,5.34
1090,2012-05-22,5.27,5.33,600862.SS,5.2901,17373300,5.30,5.38
1091,2012-05-21,5.19,5.28,600862.SS,5.24048,22583000,5.22,5.40
1092,2012-05-18,5.24,5.30,600862.SS,5.26033,43114400,5.71,5.71
1093,2012-05-17,5.60,5.76,600862.SS,5.71689,46792000,6.00,6.12
1094,2012-05-16,5.80,6.02,600862.SS,5.97494,61194600,6.00,6.21
1095,2012-05-15,5.52,6.11,600862.SS,6.06427,71384000,6.02,6.22
1096,2012-05-14,6.10,6.10,600862.SS,6.05434,000,6.10,6.10
1097,2012-05-11,5.96,6.10,600862.SS,6.05434,90046600,6.22,6.42
1098,2012-05-10,6.07,6.29,600862.SS,6.24292,101407700,6.12,6.52
1099,2012-05-09,5.60,6.28,600862.SS,6.23299,115775300,5.63,6.30
1100,2012-05-08,5.52,5.73,600862.SS,5.68711,39865900,5.59,5.78
1101,2012-05-07,5.45,5.65,600862.SS,5.60771,42495100,5.56,5.74
1102,2012-05-04,5.55,5.64,600862.SS,5.59778,39249800,5.67,5.70
1103,2012-05-03,5.55,5.71,600862.SS,5.66726,90081300,5.83,5.85
1104,2012-05-02,5.16,5.73,600862.SS,5.68711,130610600,5.30,5.73
1105,2012-05-01,5.21,5.21,600862.SS,5.171,000,5.21,5.21
1106,2012-04-30,5.21,5.21,600862.SS,5.171,000,5.21,5.21
1107,2012-04-27,4.68,5.21,600862.SS,5.171,76959900,4.72,5.21
1108,2012-04-26,4.64,4.74,600862.SS,4.70452,26003700,4.65,4.91
1109,2012-04-25,4.44,4.67,600862.SS,4.63504,16797900,4.49,4.70
1110,2012-04-24,4.32,4.50,600862.SS,4.46632,15495900,4.60,4.64
1111,2012-04-23,4.61,4.62,600862.SS,4.58542,20096900,4.75,4.80
1112,2012-04-20,4.56,4.83,600862.SS,4.79385,24898200,4.63,4.98
1113,2012-04-19,4.61,4.63,600862.SS,4.59534,13100900,4.64,4.69
1114,2012-04-18,4.47,4.63,600862.SS,4.59534,19381500,4.51,4.69
1115,2012-04-17,4.50,4.51,600862.SS,4.47624,12011100,4.64,4.68
1116,2012-04-16,4.46,4.64,600862.SS,4.60527,15095300,4.50,4.70
1117,2012-04-13,4.46,4.55,600862.SS,4.51594,14328200,4.50,4.58
1118,2012-04-12,4.38,4.51,600862.SS,4.47624,17465100,4.42,4.55
1119,2012-04-11,4.26,4.40,600862.SS,4.36707,8690300,4.36,4.43
1120,2012-04-10,4.19,4.40,600862.SS,4.36707,7668100,4.29,4.41
1121,2012-04-09,4.32,4.33,600862.SS,4.29759,5278700,4.38,4.43
1122,2012-04-06,4.34,4.40,600862.SS,4.36707,9321400,4.40,4.44
1123,2012-04-05,4.18,4.44,600862.SS,4.40677,18657100,4.21,4.62
1124,2012-04-04,4.20,4.20,600862.SS,4.16856,000,4.20,4.20
1125,2012-04-03,4.20,4.20,600862.SS,4.16856,000,4.20,4.20
1126,2012-04-02,4.20,4.20,600862.SS,4.16856,000,4.20,4.20
1127,2012-03-30,4.13,4.20,600862.SS,4.16856,5827900,4.25,4.33
1128,2012-03-29,4.09,4.25,600862.SS,4.21819,12223800,4.18,4.26
1129,2012-03-28,4.15,4.17,600862.SS,4.13879,11373100,4.40,4.40
1130,2012-03-27,4.40,4.41,600862.SS,4.37699,8924600,4.57,4.62
1131,2012-03-26,4.54,4.54,600862.SS,4.50602,000,4.54,4.54
1132,2012-03-23,4.50,4.54,600862.SS,4.50602,7936700,4.60,4.63
1133,2012-03-22,4.57,4.64,600862.SS,4.60527,8492600,4.63,4.70
1134,2012-03-21,4.51,4.63,600862.SS,4.59534,10397800,4.66,4.72
1135,2012-03-20,4.64,4.64,600862.SS,4.60527,12134000,4.81,4.81
1136,2012-03-19,4.74,4.82,600862.SS,4.78392,11082100,4.79,4.84
1137,2012-03-16,4.62,4.78,600862.SS,4.74422,16518400,4.63,4.79
1138,2012-03-15,4.48,4.68,600862.SS,4.64497,27344800,4.92,4.95
1139,2012-03-14,4.90,4.96,600862.SS,4.92287,35009500,5.21,5.37
1140,2012-03-13,5.12,5.18,600862.SS,5.14123,14190400,5.18,5.21
1141,2012-03-12,5.16,5.19,600862.SS,5.15115,16087600,5.22,5.26
1142,2012-03-09,5.10,5.22,600862.SS,5.18093,17265800,5.15,5.23
1143,2012-03-08,5.11,5.14,600862.SS,5.10153,13356300,5.12,5.20
1144,2012-03-07,5.01,5.09,600862.SS,5.0519,16836200,5.03,5.21
1145,2012-03-06,5.11,5.14,600862.SS,5.10153,18717500,5.27,5.27
1146,2012-03-05,5.26,5.29,600862.SS,5.2504,25657300,5.27,5.48
1147,2012-03-02,5.12,5.27,600862.SS,5.23055,25216900,5.19,5.31
1148,2012-03-01,5.02,5.18,600862.SS,5.14123,31954600,5.05,5.33
1149,2012-02-29,5.03,5.08,600862.SS,5.04198,38808100,5.21,5.28
1150,2012-02-28,4.81,5.32,600862.SS,5.28018,78339400,4.84,5.35
1151,2012-02-27,4.82,4.86,600862.SS,4.82362,39009500,4.86,4.98
1152,2012-02-24,4.75,4.84,600862.SS,4.80377,32743000,4.79,4.88
1153,2012-02-23,4.70,4.75,600862.SS,4.71445,30655200,4.75,4.83
1154,2012-02-22,4.54,4.79,600862.SS,4.75415,45508500,4.56,4.95
1155,2012-02-21,4.45,4.58,600862.SS,4.54572,19832900,4.57,4.59
1156,2012-02-20,4.58,4.60,600862.SS,4.56557,21002600,4.66,4.70
1157,2012-02-17,4.52,4.60,600862.SS,4.56557,20655500,4.71,4.74
1158,2012-02-16,4.63,4.71,600862.SS,4.67475,33344800,4.66,4.82
1159,2012-02-15,4.45,4.71,600862.SS,4.67475,44493000,4.52,4.79
1160,2012-02-14,4.47,4.50,600862.SS,4.46632,21539100,4.55,4.61
1161,2012-02-13,4.33,4.58,600862.SS,4.54572,30962800,4.42,4.59
1162,2012-02-10,4.42,4.45,600862.SS,4.41669,29711800,4.48,4.61
1163,2012-02-09,4.34,4.53,600862.SS,4.49609,41748600,4.40,4.65
1164,2012-02-08,4.24,4.44,600862.SS,4.40677,36460100,4.39,4.47
1165,2012-02-07,4.37,4.41,600862.SS,4.37699,65761900,4.50,4.64
1166,2012-02-06,4.00,4.39,600862.SS,4.35714,32677200,4.03,4.39
1167,2012-02-03,3.88,3.99,600862.SS,3.96013,15215900,3.90,4.02
1168,2012-02-02,3.82,3.91,600862.SS,3.88073,7624400,3.87,3.92
1169,2012-02-01,3.84,3.86,600862.SS,3.83111,6144900,3.93,3.93
1170,2012-01-31,3.85,3.91,600862.SS,3.88073,6247600,3.93,3.95
1171,2012-01-30,3.92,3.93,600862.SS,3.90058,7565400,3.97,4.00
1172,2012-01-27,3.96,3.96,600862.SS,3.93036,000,3.96,3.96
1173,2012-01-26,3.96,3.96,600862.SS,3.93036,000,3.96,3.96
1174,2012-01-25,3.96,3.96,600862.SS,3.93036,000,3.96,3.96
1175,2012-01-24,3.96,3.96,600862.SS,3.93036,000,3.96,3.96
1176,2012-01-23,3.96,3.96,600862.SS,3.93036,000,3.96,3.96
1177,2012-01-20,3.88,3.96,600862.SS,3.93036,9321900,3.93,4.00
1178,2012-01-19,3.86,3.90,600862.SS,3.87081,8422500,3.90,3.98
1179,2012-01-18,3.88,3.92,600862.SS,3.89066,15215300,4.04,4.11
1180,2012-01-17,3.80,4.07,600862.SS,4.03954,16916500,3.82,4.08
1181,2012-01-16,3.78,3.80,600862.SS,3.77156,11283200,3.90,3.94
1182,2012-01-13,3.96,3.96,600862.SS,3.93036,34363100,4.40,4.40
1183,2012-01-12,4.35,4.40,600862.SS,4.36707,26308900,4.39,4.70
1184,2012-01-11,4.30,4.43,600862.SS,4.39684,25475100,4.42,4.52
1185,2012-01-10,4.12,4.46,600862.SS,4.42662,32949900,4.18,4.59
1186,2012-01-09,3.85,4.21,600862.SS,4.17849,22268700,3.94,4.31
1187,2012-01-06,3.74,3.92,600862.SS,3.89066,19112500,3.94,4.04
1188,2012-01-05,4.10,4.14,600862.SS,4.10901,10810700,4.24,4.50
1189,2012-01-04,8.70,8.85,600862.SS,4.39188,34131200,8.71,9.40
1190,2012-01-03,8.46,8.57,600862.SS,4.25293,13648200,8.47,8.68
1191,2012-01-02,8.46,8.57,600862.SS,4.25293,13648200,8.47,8.68
1192,2011-12-30,8.46,8.57,600862.SS,4.25293,13648200,8.47,8.68
1193,2011-12-29,8.32,8.40,600862.SS,4.16856,15150900,8.50,8.70
1194,2011-12-28,8.77,8.77,600862.SS,4.35218,35643700,9.69,9.69
1195,2011-12-27,9.43,9.74,600862.SS,4.83355,13084600,9.62,9.80
1196,2011-12-26,9.24,9.68,600862.SS,4.80377,17958200,9.30,9.82
1197,2011-12-23,8.88,9.35,600862.SS,4.64001,14586700,9.00,9.45
1198,2011-12-22,8.82,9.03,600862.SS,4.4812,12528700,9.18,9.25
1199,2011-12-21,9.28,9.30,600862.SS,4.61519,11411400,9.75,9.82
1200,2011-12-20,9.52,9.58,600862.SS,4.75415,10128700,9.66,9.87
1201,2011-12-19,9.21,9.75,600862.SS,4.83851,13559600,9.40,9.85
1202,2011-12-16,9.10,9.54,600862.SS,4.7343,12665500,9.10,9.58
1203,2011-12-15,9.06,9.10,600862.SS,4.51594,14967700,9.53,9.61
1204,2011-12-14,9.56,9.63,600862.SS,4.77896,8942100,9.68,9.91
1205,2011-12-13,9.61,9.74,600862.SS,4.83355,15719300,10.28,10.31
1206,2011-12-12,10.36,10.37,600862.SS,5.14619,8032600,10.53,10.67
1207,2011-12-09,10.45,10.50,600862.SS,5.2107,14025900,10.55,10.77
1208,2011-12-08,10.42,10.74,600862.SS,5.32981,19288700,10.72,10.91
1209,2011-12-07,10.63,10.82,600862.SS,5.36951,22960400,10.72,11.05
1210,2011-12-06,10.31,10.77,600862.SS,5.34469,18634400,10.32,10.80
1211,2011-12-05,10.15,10.35,600862.SS,5.13627,14826900,10.38,10.59
1212,2011-12-02,10.45,10.47,600862.SS,5.19582,24845100,11.03,11.04
1213,2011-12-01,11.10,11.11,600862.SS,5.51342,34842200,11.35,11.56
1214,2011-11-30,10.94,10.95,600862.SS,5.43402,46169100,12.05,12.05
1215,2011-11-29,11.81,12.16,600862.SS,6.03449,58727400,12.12,12.19
1216,2011-11-28,11.90,12.02,600862.SS,5.96502,31904100,12.00,12.29
1217,2011-11-25,11.90,12.20,600862.SS,6.05434,91720800,13.00,13.00
1218,2011-11-24,12.85,12.97,600862.SS,6.43646,85206000,13.25,13.27
1219,2011-11-23,12.95,13.13,600862.SS,6.51586,71540400,13.21,13.34
1220,2011-11-22,12.44,13.25,600862.SS,6.57541,87734100,13.12,13.38
1221,2011-11-21,13.12,13.12,600862.SS,6.5109,000,13.12,13.12
1222,2011-11-18,13.01,13.12,600862.SS,6.5109,50818300,13.29,13.42
1223,2011-11-17,12.71,13.25,600862.SS,6.57541,63987100,12.78,13.47
1224,2011-11-16,12.61,12.87,600862.SS,6.38683,31825400,13.04,13.06
1225,2011-11-15,12.82,13.03,600862.SS,6.46623,51485300,12.85,13.18
1226,2011-11-14,12.75,12.95,600862.SS,6.42653,60911300,12.93,13.20
1227,2011-11-11,12.69,12.79,600862.SS,6.34713,60407400,12.72,13.04
1228,2011-11-10,11.81,12.96,600862.SS,6.4315,94490900,11.95,13.06
1229,2011-11-09,11.65,12.13,600862.SS,6.0196,35300200,12.15,12.33
1230,2011-11-08,12.05,12.16,600862.SS,6.03449,28592300,12.07,12.56
1231,2011-11-07,11.95,12.17,600862.SS,6.03945,28245200,12.15,12.25
1232,2011-11-04,11.60,12.31,600862.SS,6.10893,60842900,11.80,12.54
1233,2011-11-03,11.52,11.72,600862.SS,5.81614,56213900,11.76,11.88
1234,2011-11-02,10.43,11.75,600862.SS,5.83103,64194300,10.45,11.75
1235,2011-11-01,9.96,10.68,600862.SS,5.30003,33403700,10.05,10.73
1236,2011-10-31,10.03,10.11,600862.SS,5.01716,13821300,10.28,10.28
1237,2011-10-28,10.02,10.27,600862.SS,5.09656,22465400,10.20,10.44
1238,2011-10-27,10.08,10.17,600862.SS,5.04694,9029600,10.10,10.27
1239,2011-10-26,9.90,10.14,600862.SS,5.03205,15798300,9.98,10.34
1240,2011-10-25,9.76,10.07,600862.SS,4.99731,12088700,9.84,10.14
1241,2011-10-24,9.51,9.86,600862.SS,4.8931,8479100,9.64,9.89
1242,2011-10-21,9.49,9.57,600862.SS,4.74918,5102000,9.67,9.77
1243,2011-10-20,9.50,9.59,600862.SS,4.75911,9622800,10.06,10.06
1244,2011-10-19,10.01,10.10,600862.SS,5.0122,5944200,10.17,10.24
1245,2011-10-18,10.09,10.13,600862.SS,5.02709,8831900,10.46,10.47
1246,2011-10-17,10.47,10.57,600862.SS,5.24544,8499800,10.65,10.76
1247,2011-10-14,10.42,10.61,600862.SS,5.26529,15239500,10.76,10.79
1248,2011-10-13,10.45,10.81,600862.SS,5.36454,24755700,10.45,11.07
1249,2011-10-12,9.84,10.58,600862.SS,5.2504,16505500,10.05,10.63
1250,2011-10-11,10.04,10.11,600862.SS,5.01716,14092400,10.52,10.63
1251,2011-10-10,10.03,10.27,600862.SS,5.09656,7797500,10.17,10.28
1252,2011-09-30,10.03,10.11,600862.SS,5.01716,10803800,10.25,10.29
1253,2011-09-29,10.18,10.21,600862.SS,5.06679,14861100,10.66,10.75
1254,2011-09-28,10.70,10.76,600862.SS,5.33973,12816000,11.30,11.35
1255,2011-09-27,11.14,11.26,600862.SS,5.58786,9980700,11.23,11.35
1256,2011-09-26,11.12,11.14,600862.SS,5.52831,13233000,11.58,11.74
1257,2011-09-23,11.45,11.67,600862.SS,5.79132,15344700,11.60,11.84
1258,2011-09-22,11.79,11.80,600862.SS,5.85584,25705200,12.37,12.43
1259,2011-09-21,12.18,12.53,600862.SS,6.21811,43381500,12.20,12.59
1260,2011-09-20,11.78,12.34,600862.SS,6.12382,48239500,11.81,12.35
1261,2011-09-19,11.68,11.86,600862.SS,5.88561,12750200,11.94,11.96
1262,2011-09-16,11.96,12.04,600862.SS,5.97494,12148600,12.15,12.20
1263,2011-09-15,11.91,11.96,600862.SS,5.93524,11381500,11.95,12.16
1264,2011-09-14,11.65,11.99,600862.SS,5.95013,11553800,11.80,12.02
1265,2011-09-13,11.55,11.71,600862.SS,5.81118,12031400,11.80,11.80
1266,2011-09-09,11.87,11.92,600862.SS,5.91539,11429100,12.25,12.34
1267,2011-09-08,12.20,12.21,600862.SS,6.0593,9606300,12.37,12.79
1268,2011-09-07,12.25,12.47,600862.SS,6.18833,10641100,12.50,12.58
1269,2011-09-06,12.11,12.30,600862.SS,6.10397,12443900,12.12,12.33
1270,2011-09-05,12.07,12.23,600862.SS,6.06923,14332500,12.36,12.36
1271,2011-09-02,12.44,12.46,600862.SS,6.18337,18164900,12.86,12.89
1272,2011-09-01,12.84,12.87,600862.SS,6.38683,10487200,12.98,13.12
1273,2011-08-31,12.72,12.98,600862.SS,6.44142,11473800,12.93,13.05
1274,2011-08-30,12.85,12.86,600862.SS,6.38187,19413100,13.30,13.41
1275,2011-08-29,13.19,13.21,600862.SS,6.55556,22028300,13.63,13.65
1276,2011-08-26,13.49,13.70,600862.SS,6.79873,39696300,13.65,13.94
1277,2011-08-25,13.26,13.66,600862.SS,6.77888,31799400,13.31,13.72
1278,2011-08-24,13.20,13.30,600862.SS,6.60022,27172000,13.46,13.46
1279,2011-08-23,13.16,13.40,600862.SS,6.64985,14284200,13.21,13.45
1280,2011-08-22,13.08,13.13,600862.SS,6.51586,15616800,13.22,13.35
1281,2011-08-19,13.01,13.13,600862.SS,6.51586,23257900,13.14,13.34
1282,2011-08-18,13.45,13.48,600862.SS,6.68955,50024200,14.11,14.23
1283,2011-08-17,14.28,14.34,600862.SS,7.11633,80502800,14.68,14.94
1284,2011-08-16,14.08,14.42,600862.SS,7.15603,58298400,14.28,14.49
1285,2011-08-15,13.80,14.35,600862.SS,7.1213,57301000,13.90,14.43
1286,2011-08-12,13.73,13.79,600862.SS,6.84339,30823600,13.98,14.15
1287,2011-08-11,13.42,13.96,600862.SS,6.92775,35099900,13.42,14.03
1288,2011-08-10,13.75,13.77,600862.SS,6.83347,47856700,14.15,14.25
1289,2011-08-09,13.26,14.02,600862.SS,6.95753,43004100,13.30,14.11
1290,2011-08-08,13.20,13.68,600862.SS,6.7888,41895000,13.60,13.96
1291,2011-08-05,13.71,13.83,600862.SS,6.86324,41552200,13.86,14.15
1292,2011-08-04,14.41,14.51,600862.SS,7.2007,46679400,14.79,14.98
1293,2011-08-03,14.72,14.83,600862.SS,7.3595,53674400,14.80,15.28
1294,2011-08-02,14.64,14.93,600862.SS,7.40912,48715900,14.94,15.12
1295,2011-08-01,14.90,15.03,600862.SS,7.45875,44911300,15.21,15.31
1296,2011-07-29,15.06,15.17,600862.SS,7.52823,58472800,15.53,15.53
1297,2011-07-28,15.32,15.45,600862.SS,7.66718,69157400,15.90,15.92
