,Date,Adj_Close,Open,Volume,Close,Symbol,Low,High
0,2016-07-27,7.915,7.852,6365500,7.915,ACA.PA,7.822,7.968
1,2016-07-26,7.803,7.842,4562000,7.803,ACA.PA,7.69,7.852
2,2016-07-25,7.848,7.921,4362600,7.848,ACA.PA,7.804,7.94
3,2016-07-22,7.90,7.867,4239900,7.90,ACA.PA,7.817,7.924
4,2016-07-21,7.873,7.936,7257600,7.873,ACA.PA,7.812,8.049
5,2016-07-20,7.91,7.857,4812900,7.91,ACA.PA,7.817,7.927
6,2016-07-19,7.805,7.842,5378100,7.805,ACA.PA,7.663,7.948
7,2016-07-18,7.863,7.865,6186300,7.863,ACA.PA,7.726,7.958
8,2016-07-15,7.843,7.92,11484000,7.843,ACA.PA,7.731,8.053
9,2016-07-14,7.985,7.943,9219300,7.985,ACA.PA,7.872,8.06
10,2016-07-13,7.814,7.92,6682300,7.814,ACA.PA,7.761,8.01
11,2016-07-12,7.937,7.615,8432100,7.937,ACA.PA,7.578,7.953
12,2016-07-11,7.618,7.639,6030700,7.618,ACA.PA,7.459,7.718
13,2016-07-08,7.541,7.113,8498600,7.541,ACA.PA,7.08,7.615
14,2016-07-07,7.14,7.156,8024100,7.14,ACA.PA,7.122,7.28
15,2016-07-06,7.095,7.20,10762300,7.095,ACA.PA,6.96,7.29
16,2016-07-05,7.251,7.45,7664900,7.251,ACA.PA,7.222,7.492
17,2016-07-04,7.516,7.695,5347900,7.516,ACA.PA,7.48,7.695
18,2016-07-01,7.647,7.642,5529300,7.647,ACA.PA,7.473,7.719
19,2016-06-30,7.56,7.534,8227800,7.56,ACA.PA,7.403,7.66
20,2016-06-29,7.549,7.708,13020300,7.549,ACA.PA,7.435,7.776
21,2016-06-28,7.496,7.503,15148300,7.496,ACA.PA,7.351,7.738
22,2016-06-27,7.194,7.767,19850400,7.194,ACA.PA,7.031,7.828
23,2016-06-24,7.651,7.00,29930700,7.651,ACA.PA,6.79,7.84
24,2016-06-23,8.897,8.577,10759400,8.897,ACA.PA,8.56,8.903
25,2016-06-22,8.55,8.536,6519600,8.55,ACA.PA,8.423,8.639
26,2016-06-21,8.471,8.357,9338000,8.471,ACA.PA,8.334,8.51
27,2016-06-20,8.354,8.322,10155500,8.354,ACA.PA,8.28,8.437
28,2016-06-17,8.047,7.806,14192100,8.047,ACA.PA,7.773,8.071
29,2016-06-16,7.68,7.70,8900100,7.68,ACA.PA,7.55,7.716
30,2016-06-15,7.81,7.885,9920100,7.81,ACA.PA,7.748,8.04
31,2016-06-14,7.762,7.89,8548300,7.762,ACA.PA,7.722,7.945
32,2016-06-13,7.92,8.072,8762300,7.92,ACA.PA,7.894,8.155
33,2016-06-10,8.194,8.41,10464000,8.194,ACA.PA,8.169,8.414
34,2016-06-09,8.451,8.642,7823100,8.451,ACA.PA,8.419,8.661
35,2016-06-08,8.651,8.79,4721400,8.651,ACA.PA,8.62,8.79
36,2016-06-07,8.80,8.708,5015400,8.80,ACA.PA,8.708,8.865
37,2016-06-06,8.672,8.65,4919100,8.672,ACA.PA,8.617,8.83
38,2016-06-03,8.646,8.927,8945100,8.646,ACA.PA,8.576,8.929
39,2016-06-02,8.875,8.849,6790600,8.875,ACA.PA,8.849,9.119
40,2016-06-01,8.837,9.00,7193000,8.837,ACA.PA,8.742,9.024
41,2016-05-31,9.025,9.101,6851300,9.025,ACA.PA,8.953,9.217
42,2016-05-30,9.097,9.15,3558800,9.097,ACA.PA,9.08,9.185
43,2016-05-27,9.092,9.04,9811400,9.092,ACA.PA,8.943,9.15
44,2016-05-26,9.035,9.43,10954300,9.635,ACA.PA,9.374,9.674
45,2016-05-25,8.9309,9.182,11050100,9.524,ACA.PA,9.167,9.555
46,2016-05-24,8.5258,8.77,7462600,9.092,ACA.PA,8.70,9.12
47,2016-05-23,8.2464,8.855,4370000,8.794,ACA.PA,8.729,8.932
48,2016-05-20,8.2923,8.842,6808600,8.843,ACA.PA,8.791,8.914
49,2016-05-19,8.1985,8.789,6689800,8.743,ACA.PA,8.717,8.96
50,2016-05-18,8.2286,8.621,5415900,8.775,ACA.PA,8.55,8.842
51,2016-05-17,8.0982,8.655,6644300,8.636,ACA.PA,8.569,8.863
52,2016-05-16,8.0682,8.60,3149800,8.604,ACA.PA,8.527,8.651
53,2016-05-13,8.1067,8.535,8034000,8.645,ACA.PA,8.44,8.708
54,2016-05-12,8.1151,8.80,13345100,8.654,ACA.PA,8.568,8.871
55,2016-05-11,8.5343,9.13,6388500,9.101,ACA.PA,8.93,9.18
56,2016-05-10,8.5521,9.074,5989900,9.12,ACA.PA,9.02,9.20
57,2016-05-09,8.4517,9.151,4596600,9.013,ACA.PA,8.958,9.227
58,2016-05-06,8.4677,8.94,5880900,9.03,ACA.PA,8.815,9.131
59,2016-05-05,8.4114,9.195,7065500,8.97,ACA.PA,8.924,9.25
60,2016-05-04,8.6018,9.176,7370300,9.173,ACA.PA,9.135,9.334
61,2016-05-03,8.6093,9.673,9879800,9.181,ACA.PA,9.181,9.681
62,2016-05-02,8.9994,9.738,3712500,9.597,ACA.PA,9.521,9.739
63,2016-04-29,9.0575,9.871,8082100,9.659,ACA.PA,9.632,9.987
64,2016-04-28,9.3773,9.85,8000500,10.00,ACA.PA,9.80,10.03
65,2016-04-27,9.3098,10.02,4664800,9.928,ACA.PA,9.874,10.10
66,2016-04-26,9.4195,9.879,6490400,10.045,ACA.PA,9.863,10.115
67,2016-04-25,9.2469,10.06,5331600,9.861,ACA.PA,9.797,10.115
68,2016-04-22,9.4617,10.00,4788000,10.09,ACA.PA,9.985,10.14
69,2016-04-21,9.3913,9.995,6467600,10.015,ACA.PA,9.962,10.145
70,2016-04-20,9.3426,9.688,5293200,9.963,ACA.PA,9.661,9.973
71,2016-04-19,9.1419,9.775,4155100,9.749,ACA.PA,9.728,9.884
72,2016-04-18,9.125,9.55,4075800,9.731,ACA.PA,9.474,9.782
73,2016-04-15,9.1081,9.79,4882100,9.713,ACA.PA,9.659,9.809
74,2016-04-14,9.2141,9.749,6327900,9.826,ACA.PA,9.576,9.858
75,2016-04-13,9.1353,9.389,9951800,9.742,ACA.PA,9.375,9.742
76,2016-04-12,8.6618,9.223,7901500,9.237,ACA.PA,9.117,9.475
77,2016-04-11,8.6186,9.115,5884800,9.191,ACA.PA,9.00,9.339
78,2016-04-08,8.5343,8.90,7239900,9.101,ACA.PA,8.90,9.119
79,2016-04-07,8.3411,9.091,6119400,8.895,ACA.PA,8.835,9.14
80,2016-04-06,8.5361,9.00,7324400,9.103,ACA.PA,8.965,9.153
81,2016-04-05,8.5071,9.31,8102600,9.072,ACA.PA,9.00,9.352
82,2016-04-04,8.8418,9.406,3882500,9.429,ACA.PA,9.321,9.56
83,2016-04-01,8.8606,9.40,5880400,9.449,ACA.PA,9.32,9.593
84,2016-03-31,8.9253,9.51,4974600,9.518,ACA.PA,9.326,9.577
85,2016-03-30,8.9787,9.625,4570300,9.575,ACA.PA,9.524,9.724
86,2016-03-29,8.96,9.70,4400100,9.555,ACA.PA,9.495,9.844
87,2016-03-28,9.0697,9.672,000,9.672,ACA.PA,9.672,9.672
88,2016-03-25,9.0697,9.672,000,9.672,ACA.PA,9.672,9.672
89,2016-03-24,9.0697,9.801,5240700,9.672,ACA.PA,9.615,9.876
90,2016-03-23,9.2741,10.09,5548000,9.89,ACA.PA,9.798,10.145
91,2016-03-22,9.4429,10.05,5364300,10.07,ACA.PA,9.918,10.13
92,2016-03-21,9.4804,10.13,3981000,10.11,ACA.PA,10.06,10.37
93,2016-03-18,9.5601,10.16,7744900,10.195,ACA.PA,10.01,10.355
94,2016-03-17,9.5461,10.41,8419400,10.18,ACA.PA,9.803,10.44
95,2016-03-16,9.5976,10.315,5347700,10.235,ACA.PA,10.145,10.455
96,2016-03-15,9.6867,10.41,9238800,10.33,ACA.PA,10.23,10.50
97,2016-03-14,9.9399,10.70,7212200,10.60,ACA.PA,10.56,10.84
98,2016-03-11,10.0055,10.20,15029300,10.67,ACA.PA,10.145,10.67
99,2016-03-10,9.2872,9.929,13947900,9.904,ACA.PA,9.81,10.545
100,2016-03-09,9.3023,9.939,9760200,9.92,ACA.PA,9.813,10.20
101,2016-03-08,9.1935,9.728,5863000,9.804,ACA.PA,9.613,9.965
102,2016-03-07,9.2479,10.02,7832800,9.862,ACA.PA,9.65,10.095
103,2016-03-04,9.4429,10.035,6023300,10.07,ACA.PA,9.863,10.11
104,2016-03-03,9.3557,9.95,6027000,9.977,ACA.PA,9.85,10.05
105,2016-03-02,9.3201,9.715,9378300,9.939,ACA.PA,9.705,9.98
106,2016-03-01,9.0763,9.60,6569200,9.679,ACA.PA,9.466,9.679
107,2016-02-29,8.9891,9.334,5730600,9.586,ACA.PA,9.274,9.598
108,2016-02-26,8.8409,9.171,7443800,9.428,ACA.PA,9.151,9.456
109,2016-02-25,8.5221,9.022,6881400,9.088,ACA.PA,9.003,9.178
110,2016-02-24,8.3664,9.157,9011100,8.922,ACA.PA,8.84,9.176
111,2016-02-23,8.6233,9.324,8199300,9.196,ACA.PA,9.196,9.56
112,2016-02-22,8.7809,9.298,7668500,9.364,ACA.PA,9.205,9.395
113,2016-02-19,8.628,9.241,10581100,9.201,ACA.PA,9.03,9.414
114,2016-02-18,8.7396,9.75,12273100,9.32,ACA.PA,9.237,9.75
115,2016-02-17,8.9553,8.86,23771600,9.55,ACA.PA,8.685,9.725
116,2016-02-16,7.8619,8.469,8841300,8.384,ACA.PA,8.224,8.494
117,2016-02-15,7.8338,8.243,10088100,8.354,ACA.PA,8.15,8.45
118,2016-02-12,7.4953,7.836,10688000,7.993,ACA.PA,7.668,7.993
119,2016-02-11,7.1896,8.069,11786700,7.667,ACA.PA,7.591,8.069
120,2016-02-10,7.6978,7.92,9559300,8.209,ACA.PA,7.871,8.36
121,2016-02-09,7.3508,8.176,12395600,7.839,ACA.PA,7.69,8.30
122,2016-02-08,7.7006,8.741,7740900,8.212,ACA.PA,8.13,8.751
123,2016-02-05,8.1057,8.663,10883600,8.644,ACA.PA,8.49,8.809
124,2016-02-04,8.0738,8.474,9475100,8.61,ACA.PA,8.265,8.681
125,2016-02-03,7.8347,8.60,12945600,8.355,ACA.PA,8.184,8.609
126,2016-02-02,8.1142,9.059,10402800,8.653,ACA.PA,8.586,9.092
127,2016-02-01,8.538,9.24,5567100,9.105,ACA.PA,9.003,9.325
128,2016-01-29,8.6233,9.053,8382100,9.196,ACA.PA,8.979,9.202
129,2016-01-28,8.372,9.098,9570900,8.928,ACA.PA,8.80,9.27
130,2016-01-27,8.614,9.26,6028600,9.186,ACA.PA,9.039,9.273
131,2016-01-26,8.6862,8.827,6614300,9.263,ACA.PA,8.77,9.279
132,2016-01-25,8.478,9.376,8021200,9.041,ACA.PA,8.972,9.403
133,2016-01-22,8.7021,9.269,8897400,9.28,ACA.PA,9.145,9.413
134,2016-01-21,8.4799,8.814,11301000,9.043,ACA.PA,8.688,9.171
135,2016-01-20,8.2858,9.10,13188600,8.836,ACA.PA,8.782,9.118
136,2016-01-19,8.704,9.44,14929500,9.282,ACA.PA,9.26,9.65
137,2016-01-18,8.4949,9.661,19526000,9.059,ACA.PA,8.874,9.717
138,2016-01-15,9.096,10.01,10722000,9.70,ACA.PA,9.626,10.025
139,2016-01-14,9.4195,10.00,11818600,10.045,ACA.PA,9.874,10.155
140,2016-01-13,9.5414,10.28,5600600,10.175,ACA.PA,10.095,10.38
141,2016-01-12,9.5367,10.075,5673900,10.17,ACA.PA,10.015,10.38
142,2016-01-11,9.4288,10.06,5699900,10.055,ACA.PA,10.03,10.24
143,2016-01-08,9.3913,10.155,7900800,10.015,ACA.PA,10.015,10.305
144,2016-01-07,9.5226,10.155,8473800,10.155,ACA.PA,9.989,10.235
145,2016-01-06,9.7617,10.63,5474700,10.41,ACA.PA,10.275,10.63
146,2016-01-05,10.0009,10.71,4590400,10.665,ACA.PA,10.50,10.75
147,2016-01-04,9.9587,10.75,8538600,10.62,ACA.PA,10.55,10.75
148,2016-01-01,10.2165,10.895,000,10.895,ACA.PA,10.895,10.895
149,2015-12-31,10.2025,10.87,838300,10.88,ACA.PA,10.86,10.905
150,2015-12-30,10.2165,10.85,3401300,10.895,ACA.PA,10.80,10.925
151,2015-12-29,10.1837,10.76,2854800,10.86,ACA.PA,10.71,10.86
152,2015-12-28,10.0149,10.89,3408200,10.68,ACA.PA,10.665,10.90
153,2015-12-25,10.2118,10.89,000,10.89,ACA.PA,10.89,10.89
154,2015-12-24,10.2118,10.85,1017300,10.89,ACA.PA,10.83,10.90
155,2015-12-23,10.1696,10.745,5272800,10.845,ACA.PA,10.71,10.90
156,2015-12-22,9.9633,10.53,7360500,10.625,ACA.PA,10.51,10.715
157,2015-12-21,9.7289,10.50,4832000,10.375,ACA.PA,10.375,10.575
158,2015-12-18,9.9118,10.56,8649500,10.57,ACA.PA,10.495,10.74
159,2015-12-17,9.9868,10.685,7631400,10.65,ACA.PA,10.605,10.785
160,2015-12-16,9.8227,10.50,5457000,10.475,ACA.PA,10.30,10.545
161,2015-12-15,9.7852,10.205,7244600,10.435,ACA.PA,10.15,10.485
162,2015-12-14,9.4898,10.29,7391700,10.12,ACA.PA,10.095,10.425
163,2015-12-11,9.5929,10.415,6211900,10.23,ACA.PA,10.17,10.46
164,2015-12-10,9.7899,10.525,6896500,10.44,ACA.PA,10.315,10.665
165,2015-12-09,9.9165,10.695,5405200,10.575,ACA.PA,10.485,10.78
166,2015-12-08,9.9962,10.96,8537700,10.66,ACA.PA,10.565,10.99
167,2015-12-07,10.2822,11.135,4458800,10.965,ACA.PA,10.94,11.185
168,2015-12-04,10.4041,11.095,7428000,11.095,ACA.PA,10.995,11.22
169,2015-12-03,10.4557,11.255,10622800,11.15,ACA.PA,11.065,11.495
170,2015-12-02,10.601,11.42,6451900,11.305,ACA.PA,11.19,11.515
171,2015-12-01,10.7042,11.44,5438700,11.415,ACA.PA,11.375,11.475
172,2015-11-30,10.7088,11.40,5660100,11.42,ACA.PA,11.315,11.455
173,2015-11-27,10.6854,11.355,3055100,11.395,ACA.PA,11.345,11.46
174,2015-11-26,10.6901,11.23,4089100,11.40,ACA.PA,11.145,11.48
175,2015-11-25,10.5119,11.20,5483200,11.21,ACA.PA,11.01,11.245
176,2015-11-24,10.5072,11.25,4916900,11.205,ACA.PA,11.055,11.30
177,2015-11-23,10.5963,11.335,3541000,11.30,ACA.PA,11.23,11.455
178,2015-11-20,10.5963,11.525,6361400,11.30,ACA.PA,11.255,11.585
179,2015-11-19,10.7979,11.39,6848400,11.515,ACA.PA,11.39,11.55
180,2015-11-18,10.6432,11.14,5372600,11.35,ACA.PA,11.12,11.39
181,2015-11-17,10.5119,11.075,4970700,11.21,ACA.PA,11.01,11.27
182,2015-11-16,10.3056,11.00,7463800,10.99,ACA.PA,10.92,11.165
183,2015-11-13,10.4932,11.155,5145300,11.19,ACA.PA,11.085,11.39
184,2015-11-12,10.5354,11.365,7353500,11.235,ACA.PA,11.15,11.50
185,2015-11-11,10.662,11.00,12208200,11.37,ACA.PA,10.925,11.43
186,2015-11-10,10.2775,11.06,5115400,10.96,ACA.PA,10.845,11.075
187,2015-11-09,10.315,11.185,6824200,11.00,ACA.PA,10.98,11.215
188,2015-11-06,10.315,11.00,13891600,11.00,ACA.PA,10.805,11.08
189,2015-11-05,10.1228,11.55,32741300,10.795,ACA.PA,10.685,11.565
190,2015-11-04,11.037,11.80,6184200,11.77,ACA.PA,11.72,11.93
191,2015-11-03,11.0089,11.735,5506200,11.74,ACA.PA,11.535,11.815
192,2015-11-02,10.9667,11.47,5870900,11.695,ACA.PA,11.45,11.79
193,2015-10-30,10.8026,11.40,4225100,11.52,ACA.PA,11.40,11.565
194,2015-10-29,10.676,11.615,5275300,11.385,ACA.PA,11.30,11.65
195,2015-10-28,10.8448,11.495,4009100,11.565,ACA.PA,11.41,11.635
196,2015-10-27,10.7792,11.545,4326500,11.495,ACA.PA,11.495,11.695
197,2015-10-26,10.8683,11.475,6792300,11.59,ACA.PA,11.40,11.665
198,2015-10-23,10.7464,11.235,9063900,11.46,ACA.PA,11.205,11.485
199,2015-10-22,10.4603,11.00,5215400,11.155,ACA.PA,10.94,11.26
200,2015-10-21,10.315,11.085,3587400,11.00,ACA.PA,10.885,11.15
201,2015-10-20,10.3619,11.175,3485900,11.05,ACA.PA,10.965,11.21
202,2015-10-19,10.465,11.105,3738500,11.16,ACA.PA,11.10,11.27
203,2015-10-16,10.4041,11.05,5025000,11.095,ACA.PA,11.00,11.15
204,2015-10-15,10.2775,11.035,4599100,10.96,ACA.PA,10.92,11.08
205,2015-10-14,10.254,10.91,5634200,10.935,ACA.PA,10.855,11.095
206,2015-10-13,10.3197,11.215,8950500,11.005,ACA.PA,10.865,11.24
207,2015-10-12,10.5447,11.39,5109500,11.245,ACA.PA,11.175,11.525
208,2015-10-09,10.6385,11.305,8531100,11.345,ACA.PA,11.27,11.525
209,2015-10-08,10.5072,11.10,8728000,11.205,ACA.PA,10.99,11.265
210,2015-10-07,10.5072,11.10,11545400,11.205,ACA.PA,11.08,11.43
211,2015-10-06,10.2962,10.595,12847900,10.98,ACA.PA,10.56,11.065
212,2015-10-05,9.893,10.495,5891100,10.55,ACA.PA,10.42,10.60
213,2015-10-02,9.6727,10.355,6468700,10.315,ACA.PA,10.18,10.55
214,2015-10-01,9.6211,10.395,6536500,10.26,ACA.PA,10.165,10.44
215,2015-09-30,9.6164,10.30,6067400,10.255,ACA.PA,10.20,10.36
216,2015-09-29,9.4757,10.01,7583100,10.105,ACA.PA,9.957,10.285
217,2015-09-28,9.5086,10.50,8659400,10.14,ACA.PA,10.07,10.535
218,2015-09-25,9.8461,10.45,7223200,10.50,ACA.PA,10.40,10.575
219,2015-09-24,9.7008,10.48,9731900,10.345,ACA.PA,10.24,10.555
220,2015-09-23,9.8039,10.71,9238300,10.455,ACA.PA,10.43,10.765
221,2015-09-22,10.0665,11.115,8082300,10.735,ACA.PA,10.695,11.155
222,2015-09-21,10.4041,10.995,4085200,11.095,ACA.PA,10.965,11.16
223,2015-09-18,10.3197,11.235,10927300,11.005,ACA.PA,10.88,11.235
224,2015-09-17,10.5869,11.21,8573900,11.29,ACA.PA,11.12,11.35
225,2015-09-16,10.6526,11.41,5897700,11.36,ACA.PA,11.285,11.48
226,2015-09-15,10.6244,11.215,7459400,11.33,ACA.PA,11.135,11.385
227,2015-09-14,10.4932,11.565,9405600,11.19,ACA.PA,11.105,11.59
228,2015-09-11,10.812,11.73,4057900,11.53,ACA.PA,11.51,11.74
229,2015-09-10,10.9527,11.71,7158600,11.68,ACA.PA,11.59,11.915
230,2015-09-09,11.1214,11.98,6340400,11.86,ACA.PA,11.84,12.07
231,2015-09-08,10.9808,11.785,7519800,11.71,ACA.PA,11.695,11.845
232,2015-09-07,10.9714,11.83,2951200,11.70,ACA.PA,11.675,11.895
233,2015-09-04,10.9995,11.905,6871600,11.73,ACA.PA,11.685,11.95
234,2015-09-03,11.2574,11.965,5790600,12.005,ACA.PA,11.865,12.095
235,2015-09-02,11.0652,11.80,5201300,11.80,ACA.PA,11.61,11.97
236,2015-09-01,11.0136,11.95,6949300,11.745,ACA.PA,11.61,11.96
237,2015-08-31,11.3324,12.115,3579100,12.085,ACA.PA,11.98,12.16
238,2015-08-28,11.4496,12.26,4776800,12.21,ACA.PA,12.07,12.315
239,2015-08-27,11.4262,12.20,6582800,12.185,ACA.PA,12.155,12.315
240,2015-08-26,11.1355,11.845,8643000,11.875,ACA.PA,11.66,12.085
241,2015-08-25,11.2199,11.605,12199700,11.965,ACA.PA,11.545,12.125
242,2015-08-24,10.737,11.585,22859300,11.45,ACA.PA,10.985,11.74
243,2015-08-21,11.1965,12.05,9743800,11.94,ACA.PA,11.94,12.325
244,2015-08-20,11.4872,12.71,10413000,12.25,ACA.PA,12.21,12.795
245,2015-08-19,11.9466,12.845,5165800,12.74,ACA.PA,12.74,12.955
246,2015-08-18,12.0967,12.88,4310700,12.90,ACA.PA,12.86,13.04
247,2015-08-17,12.0779,12.795,7333700,12.88,ACA.PA,12.76,12.99
248,2015-08-14,11.8294,12.77,5455600,12.615,ACA.PA,12.55,12.885
249,2015-08-13,11.956,12.80,7721600,12.75,ACA.PA,12.70,12.93
250,2015-08-12,11.8482,12.90,9771800,12.635,ACA.PA,12.52,12.975
251,2015-08-11,12.1483,13.005,6096100,12.955,ACA.PA,12.90,13.055
252,2015-08-10,12.1905,13.15,5992100,13.00,ACA.PA,12.935,13.20
253,2015-08-07,12.2326,13.26,6428200,13.045,ACA.PA,13.04,13.265
254,2015-08-06,12.3827,13.06,9848800,13.205,ACA.PA,12.985,13.445
255,2015-08-05,12.2186,13.10,13597600,13.03,ACA.PA,12.81,13.155
256,2015-08-04,12.1342,13.65,35583300,12.94,ACA.PA,12.72,13.65
257,2015-08-03,13.508,14.27,4280600,14.405,ACA.PA,14.27,14.475
258,2015-07-31,13.4517,14.23,4208800,14.345,ACA.PA,14.16,14.355
259,2015-07-30,13.3485,14.245,4646600,14.235,ACA.PA,14.16,14.325
260,2015-07-29,13.3063,14.335,4202500,14.19,ACA.PA,14.02,14.40
261,2015-07-28,13.4048,14.155,5776000,14.295,ACA.PA,14.055,14.385
262,2015-07-27,13.1985,14.24,5728900,14.075,ACA.PA,14.01,14.245
263,2015-07-24,13.4189,14.34,4209900,14.31,ACA.PA,14.19,14.375
264,2015-07-23,13.4892,14.40,4024700,14.385,ACA.PA,14.255,14.44
265,2015-07-22,13.4001,14.26,4997800,14.29,ACA.PA,14.155,14.365
266,2015-07-21,13.4376,14.40,4483000,14.33,ACA.PA,14.25,14.475
267,2015-07-20,13.4939,14.345,3890300,14.39,ACA.PA,14.26,14.48
268,2015-07-17,13.3298,14.34,4210400,14.215,ACA.PA,14.15,14.36
269,2015-07-16,13.4142,14.25,6527100,14.305,ACA.PA,14.245,14.435
270,2015-07-15,13.311,14.115,3945400,14.195,ACA.PA,14.065,14.25
271,2015-07-14,13.2407,14.025,4193300,14.12,ACA.PA,13.86,14.12
272,2015-07-13,13.1469,13.80,8689500,14.02,ACA.PA,13.755,14.07
273,2015-07-10,12.7625,13.715,7239400,13.61,ACA.PA,13.55,13.765
274,2015-07-09,12.378,12.785,7984000,13.20,ACA.PA,12.765,13.305
275,2015-07-08,11.8857,12.675,7679100,12.675,ACA.PA,12.56,12.905
276,2015-07-07,11.8622,13.05,7831600,12.65,ACA.PA,12.625,13.05
277,2015-07-06,12.1905,13.10,9678100,13.00,ACA.PA,12.835,13.195
278,2015-07-03,12.5374,13.42,3602500,13.37,ACA.PA,13.27,13.50
279,2015-07-02,12.6406,13.71,4003600,13.48,ACA.PA,13.435,13.74
280,2015-07-01,12.8234,13.52,7333700,13.675,ACA.PA,13.41,13.84
281,2015-06-30,12.5093,13.34,8147800,13.34,ACA.PA,13.195,13.645
282,2015-06-29,12.589,13.01,11997800,13.425,ACA.PA,13.00,13.58
283,2015-06-26,13.2548,13.97,6219600,14.135,ACA.PA,13.855,14.24
284,2015-06-25,13.1938,13.98,6951800,14.07,ACA.PA,13.89,14.17
285,2015-06-24,13.1751,14.08,6187100,14.05,ACA.PA,13.83,14.13
286,2015-06-23,13.1938,14.035,6816100,14.07,ACA.PA,13.95,14.12
287,2015-06-22,12.9922,13.46,9159100,13.855,ACA.PA,13.44,13.91
288,2015-06-19,12.3546,13.035,6209300,13.175,ACA.PA,13.00,13.27
289,2015-06-18,12.2514,13.00,6320700,13.065,ACA.PA,12.75,13.12
290,2015-06-17,12.167,13.075,4519000,12.975,ACA.PA,12.955,13.21
291,2015-06-16,12.2514,12.965,5628200,13.065,ACA.PA,12.785,13.14
292,2015-06-15,12.2326,13.21,6583100,13.045,ACA.PA,12.94,13.245
293,2015-06-12,12.5609,13.42,6186000,13.395,ACA.PA,13.115,13.53
294,2015-06-11,12.6265,13.455,5469200,13.465,ACA.PA,13.355,13.61
295,2015-06-10,12.6452,13.17,6067100,13.485,ACA.PA,13.10,13.585
296,2015-06-09,12.4061,13.12,5679600,13.23,ACA.PA,13.01,13.27
297,2015-06-08,12.3311,13.41,5092200,13.15,ACA.PA,13.15,13.50
298,2015-06-05,12.5609,13.555,7692300,13.395,ACA.PA,13.23,13.65
299,2015-06-04,12.8047,13.705,5580500,13.655,ACA.PA,13.515,13.835
300,2015-06-03,12.9922,13.875,7932100,13.855,ACA.PA,13.74,14.005
301,2015-06-02,12.9688,13.575,7376800,13.83,ACA.PA,13.40,13.905
302,2015-06-01,12.6687,13.625,5676200,13.51,ACA.PA,13.47,13.715
303,2015-05-29,12.7484,13.85,8047200,13.595,ACA.PA,13.575,13.90
304,2015-05-28,13.0672,14.00,6680400,13.935,ACA.PA,13.795,14.07
305,2015-05-27,13.1094,14.00,7656800,14.33,ACA.PA,13.965,14.455
306,2015-05-26,12.7389,14.02,5601100,13.925,ACA.PA,13.775,14.135
307,2015-05-25,12.8121,14.11,1558600,14.005,ACA.PA,13.91,14.14
308,2015-05-22,12.9539,14.105,3877800,14.16,ACA.PA,14.05,14.225
309,2015-05-21,12.867,14.105,3242600,14.065,ACA.PA,13.95,14.12
310,2015-05-20,12.9127,13.955,4663700,14.115,ACA.PA,13.88,14.14
311,2015-05-19,12.7343,13.90,6232600,13.92,ACA.PA,13.825,14.06
312,2015-05-18,12.6154,14.155,11328600,13.79,ACA.PA,13.64,14.19
313,2015-05-15,13.0134,14.39,5129200,14.225,ACA.PA,14.165,14.425
314,2015-05-14,13.0911,14.00,5153100,14.31,ACA.PA,13.90,14.365
315,2015-05-13,12.8624,13.85,7146600,14.06,ACA.PA,13.85,14.23
316,2015-05-12,12.62,13.77,6674000,13.795,ACA.PA,13.65,13.845
317,2015-05-11,12.7206,13.91,5058000,13.905,ACA.PA,13.725,13.985
318,2015-05-08,12.7389,13.80,5107700,13.925,ACA.PA,13.675,13.925
319,2015-05-07,12.5194,13.57,8596800,13.685,ACA.PA,13.30,13.70
320,2015-05-06,12.4599,13.60,9400400,13.62,ACA.PA,13.40,13.83
321,2015-05-05,12.3913,14.03,7334500,13.545,ACA.PA,13.545,14.19
322,2015-05-04,12.7755,13.99,4743900,13.965,ACA.PA,13.77,14.075
323,2015-05-01,12.7206,13.905,000,13.905,ACA.PA,13.905,13.905
324,2015-04-30,12.7206,13.995,8223700,13.905,ACA.PA,13.805,14.125
325,2015-04-29,12.8167,14.28,7750100,14.01,ACA.PA,13.955,14.445
326,2015-04-28,13.0134,14.245,9810900,14.225,ACA.PA,14.10,14.485
327,2015-04-27,13.1186,14.13,7233500,14.34,ACA.PA,13.93,14.385
328,2015-04-24,12.9127,13.74,9297100,14.115,ACA.PA,13.735,14.125
329,2015-04-23,12.5285,13.71,4833500,13.695,ACA.PA,13.45,13.75
330,2015-04-22,12.5239,13.50,6451100,13.69,ACA.PA,13.40,13.695
331,2015-04-21,12.2815,13.69,6539000,13.425,ACA.PA,13.325,13.76
332,2015-04-20,12.4096,13.375,4995500,13.565,ACA.PA,13.36,13.59
333,2015-04-17,12.2586,13.785,9994400,13.40,ACA.PA,13.38,13.92
334,2015-04-16,12.6154,14.205,8111100,13.79,ACA.PA,13.76,14.215
335,2015-04-15,13.0042,14.00,4391000,14.215,ACA.PA,13.97,14.24
336,2015-04-14,12.7892,14.12,5698300,13.98,ACA.PA,13.875,14.265
337,2015-04-13,12.9448,14.19,4883800,14.15,ACA.PA,14.06,14.215
338,2015-04-10,12.9768,14.275,4729000,14.185,ACA.PA,14.075,14.36
339,2015-04-09,13.0362,14.18,4139200,14.25,ACA.PA,14.085,14.25
340,2015-04-08,12.931,14.13,5252600,14.135,ACA.PA,14.055,14.225
341,2015-04-07,12.9219,14.145,5364200,14.125,ACA.PA,14.095,14.195
342,2015-04-06,12.9036,14.105,000,14.105,ACA.PA,14.105,14.105
343,2015-04-03,12.9036,14.105,000,14.105,ACA.PA,14.105,14.105
344,2015-04-02,12.9036,14.085,3681500,14.105,ACA.PA,14.015,14.14
345,2015-04-01,12.899,13.605,11149000,14.10,ACA.PA,13.60,14.17
346,2015-03-31,12.5102,13.88,7365000,13.675,ACA.PA,13.675,14.01
347,2015-03-30,12.7115,13.69,7621500,13.895,ACA.PA,13.66,14.025
348,2015-03-27,12.4508,13.535,7055600,13.61,ACA.PA,13.44,13.66
349,2015-03-26,12.3135,13.525,7073600,13.46,ACA.PA,13.275,13.63
350,2015-03-25,12.5056,13.745,6162900,13.67,ACA.PA,13.63,13.835
351,2015-03-24,12.5697,13.50,6534600,13.74,ACA.PA,13.455,13.81
352,2015-03-23,12.3638,13.405,6018400,13.515,ACA.PA,13.34,13.69
353,2015-03-20,12.2724,13.205,6734300,13.415,ACA.PA,13.11,13.47
354,2015-03-19,12.1031,13.11,5647700,13.23,ACA.PA,13.045,13.245
355,2015-03-18,11.9613,13.235,8197200,13.075,ACA.PA,13.00,13.305
356,2015-03-17,12.1031,13.305,5896900,13.23,ACA.PA,13.085,13.335
357,2015-03-16,12.1534,13.105,6881600,13.285,ACA.PA,13.105,13.385
358,2015-03-13,11.9842,13.10,4287600,13.10,ACA.PA,12.995,13.145
359,2015-03-12,11.9476,13.09,4501600,13.06,ACA.PA,12.99,13.14
360,2015-03-11,11.975,12.805,6812200,13.09,ACA.PA,12.805,13.12
361,2015-03-10,11.6366,12.935,5795300,12.72,ACA.PA,12.72,13.04
362,2015-03-09,11.847,12.95,6052900,12.95,ACA.PA,12.81,13.005
363,2015-03-06,11.9384,12.815,8125600,13.05,ACA.PA,12.73,13.13
364,2015-03-05,11.7143,12.84,7337000,12.805,ACA.PA,12.685,12.87
365,2015-03-04,11.696,12.665,7532300,12.785,ACA.PA,12.57,12.86
366,2015-03-03,11.5131,12.79,8385100,12.585,ACA.PA,12.535,12.83
367,2015-03-02,11.6594,12.58,7262600,12.745,ACA.PA,12.57,12.78
368,2015-02-27,11.4993,12.62,7722100,12.57,ACA.PA,12.475,12.655
369,2015-02-26,11.5359,12.545,8262800,12.61,ACA.PA,12.455,12.76
370,2015-02-25,11.4719,12.715,10810100,12.54,ACA.PA,12.525,12.77
371,2015-02-24,11.7189,12.55,9121000,12.81,ACA.PA,12.52,12.86
372,2015-02-23,11.6823,12.965,12994800,12.77,ACA.PA,12.67,13.17
373,2015-02-20,11.7967,12.78,10555200,12.895,ACA.PA,12.68,12.96
374,2015-02-19,11.6914,12.90,10895100,12.78,ACA.PA,12.42,12.915
375,2015-02-18,11.7875,12.11,23040200,12.885,ACA.PA,12.11,12.94
376,2015-02-17,10.955,11.79,8015000,11.975,ACA.PA,11.585,11.995
377,2015-02-16,10.9001,11.90,8765700,11.915,ACA.PA,11.825,11.985
378,2015-02-13,10.9459,11.405,19388900,11.965,ACA.PA,11.38,11.995
379,2015-02-12,10.3695,10.87,16063100,11.335,ACA.PA,10.795,11.48
380,2015-02-11,9.9121,10.995,5195300,10.835,ACA.PA,10.81,11.035
381,2015-02-10,10.0631,10.91,8229000,11.00,ACA.PA,10.87,11.12
382,2015-02-09,9.9213,10.83,6992900,10.845,ACA.PA,10.67,10.87
383,2015-02-06,10.0402,10.89,5974400,10.975,ACA.PA,10.815,11.01
384,2015-02-05,9.935,10.665,7075700,10.86,ACA.PA,10.54,10.88
385,2015-02-04,9.9075,10.985,10450500,10.83,ACA.PA,10.73,11.145
386,2015-02-03,10.0585,10.75,8530400,10.995,ACA.PA,10.715,11.025
387,2015-02-02,9.7429,10.54,8247100,10.65,ACA.PA,10.33,10.65
388,2015-01-30,9.6651,10.82,8664700,10.565,ACA.PA,10.505,10.90
389,2015-01-29,9.8435,10.70,7150300,10.76,ACA.PA,10.615,10.875
390,2015-01-28,9.8664,11.085,8330200,10.785,ACA.PA,10.715,11.14
391,2015-01-27,10.0493,11.145,8316700,10.985,ACA.PA,10.865,11.175
392,2015-01-26,10.2003,11.17,9544300,11.15,ACA.PA,11.02,11.26
393,2015-01-23,10.2918,11.55,13706100,11.25,ACA.PA,11.125,11.635
394,2015-01-22,10.4564,11.09,16412700,11.43,ACA.PA,11.045,11.57
395,2015-01-21,10.1088,10.94,10576800,11.05,ACA.PA,10.735,11.05
396,2015-01-20,9.9533,10.795,11017700,10.88,ACA.PA,10.715,11.045
397,2015-01-19,9.8069,10.75,6529500,10.72,ACA.PA,10.635,10.88
398,2015-01-16,9.8161,10.505,10279600,10.73,ACA.PA,10.485,10.745
399,2015-01-15,9.6285,10.40,9734300,10.525,ACA.PA,10.015,10.575
400,2015-01-14,9.4273,10.185,8326000,10.305,ACA.PA,10.16,10.55
401,2015-01-13,9.4776,9.973,9109900,10.36,ACA.PA,9.955,10.385
402,2015-01-12,9.1437,10.07,10433200,9.995,ACA.PA,9.822,10.155
403,2015-01-09,9.2077,10.26,9587600,10.065,ACA.PA,9.935,10.37
404,2015-01-08,9.4227,10.25,8380600,10.30,ACA.PA,10.085,10.41
405,2015-01-07,9.1986,10.265,8795500,10.055,ACA.PA,10.01,10.33
406,2015-01-06,9.3312,10.405,5901400,10.20,ACA.PA,10.20,10.47
407,2015-01-05,9.5142,10.84,7581000,10.40,ACA.PA,10.375,11.00
408,2015-01-02,9.9716,10.835,4199900,10.90,ACA.PA,10.695,11.035
409,2015-01-01,9.8435,10.76,000,10.76,ACA.PA,10.76,10.76
410,2014-12-31,9.8435,10.725,888900,10.76,ACA.PA,10.70,10.83
411,2014-12-30,9.8252,10.705,2449800,10.74,ACA.PA,10.66,10.835
412,2014-12-29,9.8801,10.80,4153800,10.80,ACA.PA,10.56,10.885
413,2014-12-26,9.8938,10.815,000,10.815,ACA.PA,10.815,10.815
414,2014-12-25,9.8938,10.815,000,10.815,ACA.PA,10.815,10.815
415,2014-12-24,9.8938,10.89,863400,10.815,ACA.PA,10.815,10.925
416,2014-12-23,9.935,10.69,5039300,10.86,ACA.PA,10.625,10.89
417,2014-12-22,9.7566,10.58,2793500,10.665,ACA.PA,10.575,10.77
418,2014-12-19,9.6926,10.72,8301700,10.595,ACA.PA,10.415,10.80
419,2014-12-18,9.6971,10.555,8134200,10.60,ACA.PA,10.54,10.77
420,2014-12-17,9.4639,10.36,7901500,10.345,ACA.PA,10.175,10.465
421,2014-12-16,9.6148,10.235,15753900,10.51,ACA.PA,9.929,10.53
422,2014-12-15,9.3083,10.40,8732900,10.175,ACA.PA,10.14,10.575
423,2014-12-12,9.5553,10.65,8457800,10.445,ACA.PA,10.415,10.69
424,2014-12-11,9.8023,10.84,8729800,10.715,ACA.PA,10.695,11.00
425,2014-12-10,9.8755,10.82,6352600,10.795,ACA.PA,10.675,10.91
426,2014-12-09,9.8801,11.07,11296200,10.80,ACA.PA,10.715,11.13
427,2014-12-08,10.3055,11.345,4331600,11.265,ACA.PA,11.265,11.44
428,2014-12-05,10.4427,11.22,7828300,11.415,ACA.PA,11.175,11.445
429,2014-12-04,10.1362,11.39,9059000,11.08,ACA.PA,10.93,11.44
430,2014-12-03,10.3832,11.09,8754100,11.35,ACA.PA,11.035,11.48
431,2014-12-02,10.1225,11.135,6142100,11.065,ACA.PA,10.965,11.23
432,2014-12-01,10.1454,11.22,6320100,11.09,ACA.PA,10.995,11.28
433,2014-11-28,10.3421,11.235,4312700,11.305,ACA.PA,11.18,11.33
434,2014-11-27,10.278,11.015,6200800,11.235,ACA.PA,11.015,11.25
435,2014-11-26,10.0814,11.165,4439400,11.02,ACA.PA,10.975,11.24
436,2014-11-25,10.1774,10.865,13045500,11.125,ACA.PA,10.865,11.28
437,2014-11-24,9.9304,10.76,7983200,10.855,ACA.PA,10.735,11.015
438,2014-11-21,9.7703,10.375,8371900,10.68,ACA.PA,10.355,10.74
439,2014-11-20,9.4913,10.525,6620000,10.375,ACA.PA,10.215,10.56
440,2014-11-19,9.6651,10.50,5928100,10.565,ACA.PA,10.465,10.65
441,2014-11-18,9.6011,10.45,5667900,10.495,ACA.PA,10.385,10.625
442,2014-11-17,9.5142,10.25,6300900,10.40,ACA.PA,10.195,10.485
443,2014-11-14,9.4639,10.37,6697000,10.345,ACA.PA,10.265,10.45
444,2014-11-13,9.3998,10.14,10240800,10.275,ACA.PA,10.08,10.45
445,2014-11-12,9.1848,10.34,12024000,10.04,ACA.PA,9.986,10.34
446,2014-11-11,9.5599,10.54,7734400,10.45,ACA.PA,10.35,10.575
447,2014-11-10,9.6102,10.59,9849000,10.505,ACA.PA,10.39,10.735
448,2014-11-07,9.7612,10.85,11511100,10.67,ACA.PA,10.49,10.955
449,2014-11-06,10.0539,11.425,20244400,10.99,ACA.PA,10.86,11.425
450,2014-11-05,10.6714,11.575,7039200,11.665,ACA.PA,11.465,11.755
451,2014-11-04,10.525,11.715,5833000,11.505,ACA.PA,11.41,11.87
452,2014-11-03,10.74,11.725,3946800,11.74,ACA.PA,11.66,11.85
453,2014-10-31,10.7903,11.80,7903400,11.795,ACA.PA,11.625,11.84
454,2014-10-30,10.6074,11.49,10243300,11.595,ACA.PA,11.13,11.665
455,2014-10-29,10.4336,11.75,6942100,11.405,ACA.PA,11.30,11.805
456,2014-10-28,10.7263,11.705,5525000,11.725,ACA.PA,11.62,11.80
457,2014-10-27,10.6165,11.85,10107300,11.605,ACA.PA,11.385,11.90
458,2014-10-24,10.7217,11.56,6184500,11.72,ACA.PA,11.49,11.74
459,2014-10-23,10.6074,11.32,6110500,11.595,ACA.PA,11.235,11.68
460,2014-10-22,10.429,11.36,5730000,11.40,ACA.PA,11.235,11.42
461,2014-10-21,10.3329,10.83,8791600,11.295,ACA.PA,10.795,11.35
462,2014-10-20,9.9441,10.85,5779400,10.87,ACA.PA,10.745,11.025
463,2014-10-17,9.9716,10.415,11784800,10.90,ACA.PA,10.35,10.905
464,2014-10-16,9.4913,10.51,13497900,10.375,ACA.PA,9.886,10.62
465,2014-10-15,9.5965,11.075,9956200,10.49,ACA.PA,10.465,11.10
466,2014-10-14,10.15,11.005,5716800,11.095,ACA.PA,10.835,11.14
467,2014-10-13,10.15,10.97,6417100,11.095,ACA.PA,10.91,11.245
468,2014-10-10,10.1362,10.90,10115700,11.08,ACA.PA,10.815,11.165
469,2014-10-09,10.0493,11.43,8312600,10.985,ACA.PA,10.935,11.435
470,2014-10-08,10.2918,11.30,5884200,11.25,ACA.PA,11.185,11.46
471,2014-10-07,10.429,11.55,7724500,11.40,ACA.PA,11.305,11.60
472,2014-10-06,10.6028,11.79,4537600,11.59,ACA.PA,11.57,11.835
473,2014-10-03,10.708,11.58,5010600,11.705,ACA.PA,11.49,11.72
474,2014-10-02,10.4244,11.805,9231400,11.395,ACA.PA,11.395,11.825
475,2014-10-01,10.7858,11.86,7098600,11.79,ACA.PA,11.735,12.055
476,2014-09-30,10.9276,11.82,5489200,11.945,ACA.PA,11.80,11.98
477,2014-09-29,10.7583,11.87,4675200,11.76,ACA.PA,11.685,11.935
478,2014-09-26,10.8818,11.77,4449800,11.895,ACA.PA,11.74,11.95
479,2014-09-25,10.7583,11.845,5815700,11.76,ACA.PA,11.72,11.995
480,2014-09-24,10.8635,11.74,4927900,11.875,ACA.PA,11.615,11.88
481,2014-09-23,10.7629,11.90,3824600,11.765,ACA.PA,11.715,11.92
482,2014-09-22,10.923,11.965,4878500,11.94,ACA.PA,11.865,12.00
483,2014-09-19,10.9825,12.20,10123200,12.005,ACA.PA,11.945,12.215
484,2014-09-18,11.0922,12.05,8449800,12.125,ACA.PA,12.015,12.20
485,2014-09-17,10.955,11.895,6345200,11.975,ACA.PA,11.815,12.025
486,2014-09-16,10.8041,11.80,3445100,11.81,ACA.PA,11.645,11.82
487,2014-09-15,10.8269,11.84,4534300,11.835,ACA.PA,11.795,11.925
488,2014-09-12,10.9276,11.93,4291600,11.945,ACA.PA,11.84,11.98
489,2014-09-11,10.891,11.995,6544800,11.905,ACA.PA,11.84,12.005
490,2014-09-10,10.9733,11.87,5135000,11.995,ACA.PA,11.755,11.995
491,2014-09-09,10.9184,11.88,6900000,11.935,ACA.PA,11.855,11.99
492,2014-09-08,10.9138,11.90,4391400,11.93,ACA.PA,11.835,11.985
493,2014-09-05,10.9413,11.80,7774600,11.96,ACA.PA,11.75,11.995
494,2014-09-04,10.7492,11.45,10334700,11.75,ACA.PA,11.405,11.89
495,2014-09-03,10.5022,11.33,5739000,11.48,ACA.PA,11.315,11.535
496,2014-09-02,10.3329,11.22,4389900,11.295,ACA.PA,11.20,11.375
497,2014-09-01,10.2506,11.285,3421200,11.205,ACA.PA,11.05,11.31
498,2014-08-29,10.3238,11.175,4578700,11.285,ACA.PA,11.165,11.36
499,2014-08-28,10.2369,11.355,5309100,11.19,ACA.PA,11.165,11.385
500,2014-08-27,10.397,11.15,6483700,11.365,ACA.PA,11.145,11.425
501,2014-08-26,10.1957,10.965,4917900,11.145,ACA.PA,10.965,11.165
502,2014-08-25,10.0539,10.91,2971100,10.99,ACA.PA,10.865,11.00
503,2014-08-22,9.8847,10.815,3419300,10.805,ACA.PA,10.715,10.95
504,2014-08-21,9.8892,10.695,4775000,10.81,ACA.PA,10.585,10.835
505,2014-08-20,9.7795,10.705,3468700,10.69,ACA.PA,10.60,10.745
506,2014-08-19,9.8023,10.70,2902700,10.715,ACA.PA,10.645,10.76
507,2014-08-18,9.7474,10.605,3484600,10.655,ACA.PA,10.495,10.67
508,2014-08-15,9.5782,10.64,6065000,10.47,ACA.PA,10.465,10.735
509,2014-08-14,9.7017,10.505,5872100,10.605,ACA.PA,10.43,10.725
510,2014-08-13,9.6651,10.48,6120200,10.565,ACA.PA,10.45,10.63
511,2014-08-12,9.5416,10.41,7055900,10.43,ACA.PA,10.31,10.665
512,2014-08-11,9.5599,10.52,5271300,10.45,ACA.PA,10.305,10.60
513,2014-08-08,9.5462,10.285,8505800,10.435,ACA.PA,10.155,10.51
514,2014-08-07,9.4776,10.54,7554000,10.36,ACA.PA,10.33,10.635
515,2014-08-06,9.6788,10.53,9987700,10.58,ACA.PA,10.495,10.76
516,2014-08-05,9.6148,10.745,13398700,10.51,ACA.PA,10.395,10.96
517,2014-08-04,9.409,10.19,7290200,10.285,ACA.PA,10.04,10.365
518,2014-08-01,9.226,10.095,9934000,10.085,ACA.PA,9.802,10.25
519,2014-07-31,9.258,10.55,12475800,10.12,ACA.PA,10.05,10.565
520,2014-07-30,9.6697,10.705,4212300,10.57,ACA.PA,10.54,10.825
521,2014-07-29,9.7749,10.74,3898800,10.685,ACA.PA,10.62,10.81
522,2014-07-28,9.8252,10.735,3738200,10.74,ACA.PA,10.595,10.83
523,2014-07-25,9.7703,10.675,7004200,10.68,ACA.PA,10.65,10.90
524,2014-07-24,9.8023,10.315,7661300,10.715,ACA.PA,10.21,10.725
525,2014-07-23,9.4181,10.165,4415900,10.295,ACA.PA,10.13,10.42
526,2014-07-22,9.3312,10.13,4520300,10.20,ACA.PA,10.085,10.26
527,2014-07-21,9.226,10.25,5958400,10.085,ACA.PA,10.015,10.27
528,2014-07-18,9.3998,10.105,4221100,10.275,ACA.PA,10.045,10.275
529,2014-07-17,9.3038,10.365,7230300,10.17,ACA.PA,10.155,10.42
530,2014-07-16,9.505,9.95,11752400,10.39,ACA.PA,9.95,10.39
531,2014-07-15,9.0705,10.025,8978600,9.915,ACA.PA,9.761,10.09
532,2014-07-14,9.1665,9.91,8320300,10.02,ACA.PA,9.785,10.06
533,2014-07-11,9.0549,9.959,8934200,9.898,ACA.PA,9.83,10.155
534,2014-07-10,9.1482,10.215,12705400,10.00,ACA.PA,9.777,10.22
535,2014-07-09,9.3404,10.18,7709400,10.21,ACA.PA,10.08,10.255
536,2014-07-08,9.3038,10.43,6411100,10.17,ACA.PA,10.15,10.46
537,2014-07-07,9.5462,10.61,4724800,10.435,ACA.PA,10.415,10.695
538,2014-07-04,9.7337,10.75,5437400,10.64,ACA.PA,10.595,10.855
539,2014-07-03,9.7932,10.59,5169700,10.705,ACA.PA,10.50,10.75
540,2014-07-02,9.6605,10.60,4189600,10.56,ACA.PA,10.495,10.655
541,2014-07-01,9.7017,10.39,8250600,10.605,ACA.PA,10.26,10.63
542,2014-06-30,9.4227,10.61,8159900,10.30,ACA.PA,10.245,10.665
543,2014-06-27,9.6971,10.55,6665600,10.60,ACA.PA,10.49,10.77
544,2014-06-26,9.6926,10.73,7289500,10.595,ACA.PA,10.54,10.79
545,2014-06-25,9.7978,10.87,7790700,10.71,ACA.PA,10.635,10.915
546,2014-06-24,9.9899,11.05,5475800,10.92,ACA.PA,10.885,11.10
547,2014-06-23,10.0859,11.16,4828300,11.025,ACA.PA,10.96,11.16
548,2014-06-20,10.1957,11.33,8254400,11.145,ACA.PA,11.145,11.41
549,2014-06-19,10.3832,11.45,4224000,11.35,ACA.PA,11.33,11.53
550,2014-06-18,10.3604,11.41,4625800,11.325,ACA.PA,11.325,11.505
551,2014-06-17,10.4336,11.455,5769700,11.405,ACA.PA,11.325,11.555
552,2014-06-16,10.4793,11.615,5688800,11.455,ACA.PA,11.44,11.70
553,2014-06-13,10.7172,11.645,6085300,11.715,ACA.PA,11.44,11.74
554,2014-06-12,10.7217,11.73,3733400,11.72,ACA.PA,11.66,11.85
555,2014-06-11,10.6897,11.885,5499600,11.685,ACA.PA,11.605,11.90
556,2014-06-10,10.8681,11.89,3958700,11.88,ACA.PA,11.855,12.015
557,2014-06-09,10.9321,11.95,3738300,11.95,ACA.PA,11.855,12.095
558,2014-06-06,10.9001,11.71,6618100,11.915,ACA.PA,11.70,11.975
559,2014-06-05,10.6623,11.59,8406700,11.655,ACA.PA,11.52,11.955
560,2014-06-04,10.5662,11.345,4787400,11.55,ACA.PA,11.335,11.55
561,2014-06-03,10.4198,11.38,3509900,11.39,ACA.PA,11.35,11.51
562,2014-06-02,10.4153,11.40,4942300,11.385,ACA.PA,11.355,11.49
563,2014-05-30,10.4702,11.55,7535400,11.445,ACA.PA,11.325,11.565
564,2014-05-29,10.5571,11.94,2948300,11.89,ACA.PA,11.82,11.975
565,2014-05-28,10.6103,11.79,6150100,11.95,ACA.PA,11.74,11.95
566,2014-05-27,10.4416,11.66,3532100,11.76,ACA.PA,11.655,11.84
567,2014-05-26,10.3617,11.585,2332400,11.67,ACA.PA,11.565,11.675
568,2014-05-23,10.2641,11.30,6322500,11.56,ACA.PA,11.255,11.565
569,2014-05-22,9.9977,11.27,3998200,11.26,ACA.PA,11.05,11.31
570,2014-05-21,9.9799,11.03,6456400,11.24,ACA.PA,10.885,11.27
571,2014-05-20,9.7757,11.075,8851700,11.01,ACA.PA,10.88,11.18
572,2014-05-19,9.8512,11.27,7360300,11.095,ACA.PA,11.035,11.37
573,2014-05-16,10.011,11.13,7168600,11.275,ACA.PA,11.055,11.315
574,2014-05-15,9.90,11.64,10844100,11.15,ACA.PA,11.115,11.735
575,2014-05-14,10.3307,11.875,5872900,11.635,ACA.PA,11.625,11.94
576,2014-05-13,10.5526,11.935,4388700,11.885,ACA.PA,11.805,12.02
577,2014-05-12,10.5659,11.89,4740100,11.90,ACA.PA,11.795,12.025
578,2014-05-09,10.5038,11.975,3969100,11.83,ACA.PA,11.785,12.07
579,2014-05-08,10.6947,11.86,8335100,12.045,ACA.PA,11.82,12.085
580,2014-05-07,10.5304,11.48,12611100,11.86,ACA.PA,11.38,11.89
581,2014-05-06,9.8601,11.28,5511800,11.105,ACA.PA,11.025,11.35
582,2014-05-05,9.9844,11.31,4665100,11.245,ACA.PA,11.075,11.345
583,2014-05-02,10.0998,11.395,3373800,11.375,ACA.PA,11.325,11.44
584,2014-05-01,10.082,11.355,000,11.355,ACA.PA,11.355,11.355
585,2014-04-30,10.082,11.455,4147000,11.355,ACA.PA,11.26,11.50
586,2014-04-29,10.1797,11.29,5999200,11.465,ACA.PA,11.24,11.465
587,2014-04-28,10.0288,11.35,2553000,11.295,ACA.PA,11.235,11.485
588,2014-04-25,10.082,11.415,3419700,11.355,ACA.PA,11.285,11.48
589,2014-04-24,10.2552,11.55,4494800,11.55,ACA.PA,11.36,11.655
590,2014-04-23,10.1797,11.515,3836800,11.465,ACA.PA,11.435,11.64
591,2014-04-22,10.2641,11.42,4612300,11.56,ACA.PA,11.29,11.565
592,2014-04-21,10.0998,11.375,000,11.375,ACA.PA,11.375,11.375
593,2014-04-18,10.0998,11.375,000,11.375,ACA.PA,11.375,11.375
594,2014-04-17,10.0998,11.175,5112800,11.375,ACA.PA,11.095,11.385
595,2014-04-16,9.9133,11.00,5054300,11.165,ACA.PA,10.985,11.17
596,2014-04-15,9.6603,11.105,5800800,10.88,ACA.PA,10.855,11.12
597,2014-04-14,9.8201,11.14,7171800,11.06,ACA.PA,10.89,11.245
598,2014-04-11,9.9666,11.34,8806400,11.225,ACA.PA,11.105,11.37
599,2014-04-10,10.1398,11.70,4780100,11.42,ACA.PA,11.40,11.75
600,2014-04-09,10.3085,11.49,7138700,11.61,ACA.PA,11.46,11.675
601,2014-04-08,10.1575,11.75,8604800,11.44,ACA.PA,11.295,11.82
602,2014-04-07,10.4194,11.855,4551600,11.735,ACA.PA,11.70,11.90
603,2014-04-04,10.6325,11.91,5425200,11.975,ACA.PA,11.85,12.035
604,2014-04-03,10.5571,11.825,5764400,11.89,ACA.PA,11.735,12.005
605,2014-04-02,10.4727,11.92,5301900,11.795,ACA.PA,11.725,11.95
606,2014-04-01,10.5793,11.55,8690300,11.915,ACA.PA,11.495,11.965
607,2014-03-31,10.162,11.46,5120100,11.445,ACA.PA,11.41,11.505
608,2014-03-28,10.1176,11.395,3164000,11.395,ACA.PA,11.325,11.435
609,2014-03-27,10.0554,11.345,3618400,11.325,ACA.PA,11.225,11.375
610,2014-03-26,10.082,11.40,6272600,11.355,ACA.PA,11.295,11.47
611,2014-03-25,10.0954,11.305,6484700,11.37,ACA.PA,11.26,11.405
612,2014-03-24,9.9711,11.35,11535500,11.23,ACA.PA,11.20,11.495
613,2014-03-21,9.9577,11.63,12075500,11.215,ACA.PA,11.215,11.685
614,2014-03-20,10.2951,11.735,16606600,11.595,ACA.PA,11.16,11.83
615,2014-03-19,10.3706,11.67,8460300,11.68,ACA.PA,11.605,11.78
616,2014-03-18,10.1797,11.33,6773200,11.465,ACA.PA,11.295,11.61
617,2014-03-17,10.0643,11.085,5645400,11.335,ACA.PA,11.085,11.39
618,2014-03-14,9.8246,11.225,8867500,11.065,ACA.PA,10.945,11.315
619,2014-03-13,10.0554,11.535,5286200,11.325,ACA.PA,11.325,11.69
620,2014-03-12,10.2197,11.56,6209900,11.51,ACA.PA,11.33,11.625
621,2014-03-11,10.3395,11.605,4812400,11.645,ACA.PA,11.51,11.69
622,2014-03-10,10.2729,11.385,6955800,11.57,ACA.PA,11.32,11.72
623,2014-03-07,10.1753,11.79,6640200,11.46,ACA.PA,11.46,11.825
624,2014-03-06,10.4638,11.72,5917500,11.785,ACA.PA,11.72,11.89
625,2014-03-05,10.3484,11.46,7663000,11.655,ACA.PA,11.435,11.775
626,2014-03-04,10.1753,11.34,8361700,11.46,ACA.PA,11.255,11.535
627,2014-03-03,9.8423,11.255,9605000,11.085,ACA.PA,11.07,11.425
628,2014-02-28,10.2285,11.515,6824600,11.52,ACA.PA,11.44,11.585
629,2014-02-27,10.1797,11.24,6381600,11.465,ACA.PA,11.21,11.50
630,2014-02-26,10.0021,11.25,4394100,11.265,ACA.PA,11.175,11.30
631,2014-02-25,9.9844,11.235,3737600,11.245,ACA.PA,11.155,11.30
632,2014-02-24,9.9888,11.055,3903600,11.25,ACA.PA,11.00,11.25
633,2014-02-21,9.8468,11.24,5363700,11.09,ACA.PA,11.05,11.275
634,2014-02-20,9.9222,10.935,7395300,11.175,ACA.PA,10.82,11.25
635,2014-02-19,9.7757,10.99,10343600,11.01,ACA.PA,10.86,11.10
636,2014-02-18,9.5804,10.805,5079300,10.79,ACA.PA,10.71,10.815
637,2014-02-17,9.5848,10.715,3570400,10.795,ACA.PA,10.69,10.84
638,2014-02-14,9.5138,10.635,4817900,10.715,ACA.PA,10.59,10.725
639,2014-02-13,9.4028,10.485,4631100,10.59,ACA.PA,10.35,10.61
640,2014-02-12,9.3717,10.43,6970500,10.555,ACA.PA,10.405,10.675
641,2014-02-11,9.2208,10.36,3921000,10.385,ACA.PA,10.30,10.415
642,2014-02-10,9.1276,10.41,3097600,10.28,ACA.PA,10.24,10.41
643,2014-02-07,9.1764,10.315,5897100,10.335,ACA.PA,10.22,10.40
644,2014-02-06,9.1098,10.13,6838100,10.26,ACA.PA,10.065,10.315
645,2014-02-05,8.9411,9.976,6181600,10.07,ACA.PA,9.932,10.16
646,2014-02-04,8.8337,9.601,10137600,9.949,ACA.PA,9.53,9.984
647,2014-02-03,8.6072,9.951,8988000,9.694,ACA.PA,9.66,10.025
648,2014-01-31,8.8674,10.10,10952600,9.987,ACA.PA,9.724,10.115
649,2014-01-30,8.9855,10.075,6059200,10.12,ACA.PA,9.864,10.13
650,2014-01-29,8.9278,10.36,10887700,10.055,ACA.PA,9.834,10.465
651,2014-01-28,9.061,10.16,5379700,10.205,ACA.PA,10.015,10.265
652,2014-01-27,8.8585,10.00,9392100,9.977,ACA.PA,9.782,10.055
653,2014-01-24,8.8789,10.26,10748000,10.00,ACA.PA,9.937,10.335
654,2014-01-23,9.0476,10.165,6338300,10.19,ACA.PA,10.105,10.39
655,2014-01-22,9.0033,10.25,6385800,10.14,ACA.PA,9.955,10.285
656,2014-01-21,9.0521,10.30,4573400,10.195,ACA.PA,10.12,10.445
657,2014-01-20,9.1098,10.35,4020000,10.26,ACA.PA,10.21,10.37
658,2014-01-17,9.1808,10.475,6119300,10.34,ACA.PA,10.31,10.555
659,2014-01-16,9.3318,10.645,6984700,10.51,ACA.PA,10.475,10.78
660,2014-01-15,9.4117,10.30,6288300,10.60,ACA.PA,10.28,10.60
661,2014-01-14,9.1054,10.065,4857300,10.255,ACA.PA,10.015,10.285
662,2014-01-13,9.0565,10.02,5657800,10.20,ACA.PA,9.951,10.205
663,2014-01-10,8.8274,9.981,5706400,9.942,ACA.PA,9.915,10.135
664,2014-01-09,8.7964,10.00,6464100,9.907,ACA.PA,9.85,10.15
665,2014-01-08,8.8585,9.848,9314600,9.977,ACA.PA,9.824,10.08
666,2014-01-07,8.7591,9.32,14011500,9.865,ACA.PA,9.31,9.942
667,2014-01-06,8.2574,9.18,3797400,9.30,ACA.PA,9.17,9.336
668,2014-01-03,8.1402,9.24,3599600,9.168,ACA.PA,9.143,9.26
669,2014-01-02,8.2077,9.332,4040200,9.244,ACA.PA,9.172,9.359
670,2014-01-01,8.2619,9.305,000,9.305,ACA.PA,9.305,9.305
671,2013-12-31,8.2619,9.303,1000200,9.305,ACA.PA,9.291,9.343
672,2013-12-30,8.2423,9.185,4034000,9.283,ACA.PA,9.171,9.306
673,2013-12-27,8.1553,9.189,4558300,9.185,ACA.PA,9.161,9.237
674,2013-12-26,8.1393,9.167,000,9.167,ACA.PA,9.167,9.167
675,2013-12-25,8.1393,9.167,000,9.167,ACA.PA,9.167,9.167
676,2013-12-24,8.1393,9.106,689700,9.167,ACA.PA,9.106,9.18
677,2013-12-23,8.1216,9.114,3004000,9.147,ACA.PA,9.105,9.186
678,2013-12-20,8.0976,9.087,5927500,9.12,ACA.PA,9.029,9.145
679,2013-12-19,8.0745,9.05,6416300,9.094,ACA.PA,9.017,9.18
680,2013-12-18,7.928,8.802,4997200,8.929,ACA.PA,8.75,8.929
681,2013-12-17,7.7682,8.823,3839300,8.749,ACA.PA,8.749,8.879
682,2013-12-16,7.8845,8.775,4483400,8.88,ACA.PA,8.753,8.945
683,2013-12-13,7.7913,8.86,4165600,8.775,ACA.PA,8.753,8.927
684,2013-12-12,7.8614,8.951,5602500,8.854,ACA.PA,8.795,8.951
685,2013-12-11,7.9857,9.00,4832100,8.994,ACA.PA,8.95,9.08
686,2013-12-10,7.999,9.057,4663900,9.009,ACA.PA,8.988,9.18
687,2013-12-09,8.063,9.112,3604500,9.081,ACA.PA,8.996,9.138
688,2013-12-06,8.0568,8.923,8122700,9.074,ACA.PA,8.80,9.075
689,2013-12-05,7.8845,9.00,6599400,8.88,ACA.PA,8.85,9.09
690,2013-12-04,7.9999,9.107,6700500,9.01,ACA.PA,8.883,9.133
691,2013-12-03,8.1171,9.338,7990000,9.142,ACA.PA,9.142,9.348
692,2013-12-02,8.1997,9.235,7495800,9.235,ACA.PA,9.197,9.339
693,2013-11-29,8.1953,9.05,15341800,9.23,ACA.PA,9.037,9.392
694,2013-11-28,7.9413,8.902,3439500,8.944,ACA.PA,8.87,8.974
695,2013-11-27,7.9058,8.861,5032600,8.904,ACA.PA,8.824,8.948
696,2013-11-26,7.8401,8.84,4282500,8.83,ACA.PA,8.809,8.967
697,2013-11-25,7.8685,8.892,4198600,8.862,ACA.PA,8.854,8.999
698,2013-11-22,7.873,8.844,5045200,8.867,ACA.PA,8.765,8.919
699,2013-11-21,7.8374,8.719,3879900,8.827,ACA.PA,8.681,8.87
700,2013-11-20,7.7948,8.757,5371900,8.779,ACA.PA,8.721,8.86
701,2013-11-19,7.8037,8.881,4942400,8.789,ACA.PA,8.723,8.905
702,2013-11-18,7.9209,8.776,4360100,8.921,ACA.PA,8.716,8.965
703,2013-11-15,7.8055,8.916,4398000,8.791,ACA.PA,8.767,8.924
704,2013-11-14,7.8703,9.013,6518500,8.864,ACA.PA,8.711,9.05
705,2013-11-13,7.9014,9.00,5489100,8.899,ACA.PA,8.772,9.00
706,2013-11-12,8.0008,9.126,4297900,9.011,ACA.PA,9.00,9.156
707,2013-11-11,8.0772,9.14,3824500,9.097,ACA.PA,9.025,9.17
708,2013-11-08,8.0958,9.058,8511900,9.118,ACA.PA,8.961,9.18
709,2013-11-07,8.1331,8.995,19763400,9.16,ACA.PA,8.90,9.50
710,2013-11-06,7.8179,8.76,4522000,8.805,ACA.PA,8.73,8.848
711,2013-11-05,7.7726,8.806,5775700,8.754,ACA.PA,8.60,8.837
712,2013-11-04,7.8108,8.956,4590000,8.797,ACA.PA,8.78,8.97
713,2013-11-01,7.9023,8.938,3833500,8.90,ACA.PA,8.859,9.017
714,2013-10-31,7.8996,8.778,7976800,8.897,ACA.PA,8.75,8.962
715,2013-10-30,7.7176,8.732,4247800,8.692,ACA.PA,8.636,8.85
716,2013-10-29,7.7549,8.60,5728200,8.734,ACA.PA,8.50,8.775
717,2013-10-28,7.6483,8.88,6281300,8.614,ACA.PA,8.60,8.91
718,2013-10-25,7.8561,8.942,7640900,8.848,ACA.PA,8.756,8.973
719,2013-10-24,8.0967,8.975,5262100,9.119,ACA.PA,8.949,9.159
720,2013-10-23,7.9058,9.045,6119000,8.904,ACA.PA,8.88,9.088
721,2013-10-22,8.1003,9.116,3821500,9.123,ACA.PA,9.056,9.168
722,2013-10-21,8.1216,9.155,4008500,9.147,ACA.PA,9.042,9.173
723,2013-10-18,8.1162,9.24,4312300,9.141,ACA.PA,9.114,9.254
724,2013-10-17,8.1686,9.138,4590500,9.20,ACA.PA,8.985,9.20
725,2013-10-16,8.1251,9.03,5346000,9.151,ACA.PA,9.016,9.229
726,2013-10-15,8.0612,9.00,4866000,9.079,ACA.PA,8.984,9.11
727,2013-10-14,7.9387,8.90,3581500,8.941,ACA.PA,8.82,8.95
728,2013-10-11,7.9724,9.027,6504900,8.979,ACA.PA,8.88,9.144
729,2013-10-10,7.9626,8.782,8686200,8.968,ACA.PA,8.734,9.005
730,2013-10-09,7.7176,8.55,9560400,8.692,ACA.PA,8.537,8.841
731,2013-10-08,7.5915,8.469,7030200,8.55,ACA.PA,8.441,8.61
732,2013-10-07,7.5231,8.414,4112300,8.473,ACA.PA,8.31,8.473
733,2013-10-04,7.5187,8.30,4443300,8.468,ACA.PA,8.264,8.496
734,2013-10-03,7.3864,8.458,4194100,8.319,ACA.PA,8.306,8.476
735,2013-10-02,7.5027,8.315,8137000,8.45,ACA.PA,8.30,8.499
736,2013-10-01,7.4157,8.148,5699800,8.352,ACA.PA,8.144,8.358
737,2013-09-30,7.2372,8.122,7315300,8.151,ACA.PA,8.055,8.194
738,2013-09-27,7.35,8.253,4284200,8.278,ACA.PA,8.21,8.321
739,2013-09-26,7.3171,8.315,4516400,8.241,ACA.PA,8.152,8.339
740,2013-09-25,7.3873,8.278,5050400,8.32,ACA.PA,8.254,8.368
741,2013-09-24,7.3926,8.151,6999500,8.326,ACA.PA,8.151,8.359
742,2013-09-23,7.2381,8.232,6076300,8.152,ACA.PA,8.117,8.297
743,2013-09-20,7.3429,8.277,6005900,8.27,ACA.PA,8.219,8.402
744,2013-09-19,7.4121,8.48,7377800,8.348,ACA.PA,8.333,8.50
745,2013-09-18,7.4219,8.31,4961900,8.359,ACA.PA,8.26,8.399
746,2013-09-17,7.3713,8.324,5927000,8.302,ACA.PA,8.212,8.34
747,2013-09-16,7.3997,8.27,7188800,8.334,ACA.PA,8.206,8.343
748,2013-09-13,7.2541,8.169,5933100,8.17,ACA.PA,8.038,8.175
749,2013-09-12,7.2878,8.246,7275000,8.208,ACA.PA,8.161,8.269
750,2013-09-11,7.3251,8.225,5498700,8.25,ACA.PA,8.134,8.25
751,2013-09-10,7.2683,8.07,10789500,8.186,ACA.PA,8.055,8.26
752,2013-09-09,7.0863,7.86,7035100,7.981,ACA.PA,7.86,7.99
753,2013-09-06,6.9664,7.765,9540900,7.846,ACA.PA,7.65,7.894
754,2013-09-05,6.9114,7.869,9259300,7.784,ACA.PA,7.75,7.929
755,2013-09-04,6.9629,7.93,5269400,7.842,ACA.PA,7.705,7.94
756,2013-09-03,6.9957,7.899,5826600,7.879,ACA.PA,7.707,7.92
757,2013-09-02,6.9291,7.772,4924900,7.804,ACA.PA,7.764,7.862
758,2013-08-30,6.788,7.86,5578900,7.645,ACA.PA,7.644,7.88
759,2013-08-29,6.97,7.82,5396600,7.85,ACA.PA,7.756,7.908
760,2013-08-28,6.8865,7.64,8390800,7.756,ACA.PA,7.56,7.785
761,2013-08-27,6.8395,7.986,10072700,7.703,ACA.PA,7.671,8.02
762,2013-08-26,7.1422,8.166,3134200,8.044,ACA.PA,7.998,8.166
763,2013-08-23,7.2514,8.18,3715600,8.167,ACA.PA,8.058,8.227
764,2013-08-22,7.2381,7.99,5402500,8.152,ACA.PA,7.983,8.19
765,2013-08-21,7.0765,8.047,5420200,7.97,ACA.PA,7.911,8.113
766,2013-08-20,7.1174,8.10,8864100,8.016,ACA.PA,7.851,8.10
767,2013-08-19,7.2372,8.362,5770200,8.151,ACA.PA,8.14,8.376
768,2013-08-16,7.4388,8.183,6676500,8.378,ACA.PA,8.151,8.378
769,2013-08-15,7.2878,8.268,5297300,8.208,ACA.PA,8.106,8.376
770,2013-08-14,7.382,8.241,5040800,8.314,ACA.PA,8.182,8.328
771,2013-08-13,7.3091,8.25,5475600,8.232,ACA.PA,8.154,8.282
772,2013-08-12,7.3189,8.20,6427400,8.243,ACA.PA,8.119,8.268
773,2013-08-09,7.2594,8.102,6857900,8.176,ACA.PA,8.096,8.22
774,2013-08-08,7.1804,7.996,8976300,8.087,ACA.PA,7.988,8.142
775,2013-08-07,7.0525,7.716,9639100,7.943,ACA.PA,7.601,8.02
776,2013-08-06,6.8954,8.00,23277900,7.766,ACA.PA,7.701,8.244
777,2013-08-05,6.9602,7.66,10014400,7.839,ACA.PA,7.66,7.845
778,2013-08-02,6.7924,7.566,8589000,7.65,ACA.PA,7.416,7.677
779,2013-08-01,6.7214,7.23,14737300,7.57,ACA.PA,7.184,7.625
780,2013-07-31,6.3733,7.17,5035600,7.178,ACA.PA,7.083,7.23
781,2013-07-30,6.3635,7.193,4221800,7.167,ACA.PA,7.116,7.229
782,2013-07-29,6.3689,7.196,7668500,7.173,ACA.PA,7.075,7.21
783,2013-07-26,6.4612,7.399,7385800,7.277,ACA.PA,7.232,7.485
784,2013-07-25,6.566,7.321,6175800,7.395,ACA.PA,7.223,7.40
785,2013-07-24,6.5216,7.225,7401300,7.345,ACA.PA,7.202,7.366
786,2013-07-23,6.4514,7.366,6328900,7.266,ACA.PA,7.266,7.39
787,2013-07-22,6.4878,7.236,5894700,7.307,ACA.PA,7.22,7.389
788,2013-07-19,6.4426,7.11,10921000,7.256,ACA.PA,7.073,7.293
789,2013-07-18,6.3254,6.849,12505900,7.124,ACA.PA,6.827,7.147
790,2013-07-17,6.0075,6.777,5744200,6.766,ACA.PA,6.697,6.816
791,2013-07-16,5.9578,6.783,3983200,6.71,ACA.PA,6.71,6.81
792,2013-07-15,6.027,6.756,3535700,6.788,ACA.PA,6.756,6.833
793,2013-07-12,5.9888,6.813,3803100,6.745,ACA.PA,6.701,6.872
794,2013-07-11,6.0412,6.885,5834200,6.804,ACA.PA,6.765,6.895
795,2013-07-10,5.9942,6.752,4542500,6.751,ACA.PA,6.668,6.809
796,2013-07-09,6.0181,6.949,8003800,6.778,ACA.PA,6.72,6.967
797,2013-07-08,6.1318,6.825,4686100,6.906,ACA.PA,6.814,6.993
798,2013-07-05,6.0066,6.917,10282800,6.765,ACA.PA,6.765,7.036
799,2013-07-04,6.1318,6.54,10420600,6.906,ACA.PA,6.511,6.906
800,2013-07-03,5.7598,6.50,9805000,6.487,ACA.PA,6.254,6.532
801,2013-07-02,5.8601,6.694,5249100,6.60,ACA.PA,6.555,6.70
802,2013-07-01,5.9267,6.653,8595700,6.675,ACA.PA,6.455,6.728
803,2013-06-28,5.8628,6.744,9519100,6.603,ACA.PA,6.533,6.80
804,2013-06-27,5.9835,6.652,10273600,6.739,ACA.PA,6.607,6.873
805,2013-06-26,5.8974,6.478,8654000,6.642,ACA.PA,6.385,6.69
806,2013-06-25,5.7003,6.425,9413300,6.42,ACA.PA,6.361,6.509
807,2013-06-24,5.6346,6.485,10851900,6.346,ACA.PA,6.303,6.563
808,2013-06-21,5.7589,6.615,8577800,6.486,ACA.PA,6.486,6.732
809,2013-06-20,5.893,6.742,9448100,6.637,ACA.PA,6.592,6.806
810,2013-06-19,6.1007,6.985,6727300,6.871,ACA.PA,6.843,7.046
811,2013-06-18,6.2011,6.928,4719000,6.984,ACA.PA,6.892,7.088
812,2013-06-17,6.1735,6.95,4610200,6.953,ACA.PA,6.818,7.017
813,2013-06-14,6.1256,6.93,5633200,6.899,ACA.PA,6.86,6.978
814,2013-06-13,6.0643,6.72,9264400,6.83,ACA.PA,6.55,6.86
815,2013-06-12,6.0324,6.883,6194800,6.794,ACA.PA,6.76,6.97
816,2013-06-11,6.1638,7.00,7879000,6.942,ACA.PA,6.803,7.03
817,2013-06-10,6.2215,7.12,5013700,7.007,ACA.PA,6.969,7.195
818,2013-06-07,6.3156,6.958,8254000,7.113,ACA.PA,6.874,7.148
819,2013-06-06,6.1371,7.06,8056400,6.912,ACA.PA,6.875,7.085
820,2013-06-05,6.2881,7.192,5090200,7.082,ACA.PA,7.065,7.251
821,2013-06-04,6.4133,7.30,3975600,7.223,ACA.PA,7.20,7.367
822,2013-06-03,6.4186,7.24,5842200,7.229,ACA.PA,7.174,7.338
823,2013-05-31,6.479,7.38,7391400,7.297,ACA.PA,7.252,7.39
824,2013-05-30,6.5562,7.238,5349700,7.384,ACA.PA,7.22,7.447
825,2013-05-29,6.4719,7.32,4852400,7.289,ACA.PA,7.218,7.36
826,2013-05-28,6.5216,7.253,7008300,7.345,ACA.PA,7.25,7.392
827,2013-05-27,6.3884,7.179,2386400,7.195,ACA.PA,7.158,7.23
828,2013-05-24,6.3218,7.333,7947500,7.12,ACA.PA,7.12,7.346
829,2013-05-23,6.4435,7.214,10471100,7.257,ACA.PA,7.14,7.349
830,2013-05-22,6.6574,7.365,8290000,7.498,ACA.PA,7.311,7.536
831,2013-05-21,6.5518,7.457,6114800,7.379,ACA.PA,7.301,7.50
832,2013-05-20,6.6477,7.36,5036900,7.487,ACA.PA,7.322,7.496
833,2013-05-17,6.5349,7.215,8541000,7.36,ACA.PA,7.209,7.36
834,2013-05-16,6.4648,7.134,7416200,7.281,ACA.PA,7.13,7.345
835,2013-05-15,6.3813,6.974,11260600,7.187,ACA.PA,6.943,7.228
836,2013-05-14,6.1416,6.84,5614700,6.917,ACA.PA,6.763,6.941
837,2013-05-13,6.0288,6.935,6163800,6.79,ACA.PA,6.745,6.95
838,2013-05-10,6.1371,7.04,7771900,6.912,ACA.PA,6.846,7.099
839,2013-05-09,6.2552,7.061,4018600,7.045,ACA.PA,6.972,7.101
840,2013-05-08,6.2597,7.046,6510900,7.05,ACA.PA,6.978,7.116
841,2013-05-07,6.2934,7.283,12553800,7.088,ACA.PA,6.851,7.313
842,2013-05-06,6.3946,7.114,3821500,7.202,ACA.PA,7.106,7.226
843,2013-05-03,6.3555,7.05,6187200,7.158,ACA.PA,7.043,7.193
844,2013-05-02,6.2241,6.86,7694000,7.01,ACA.PA,6.818,7.14
845,2013-05-01,6.1718,6.951,000,6.951,ACA.PA,6.951,6.951
846,2013-04-30,6.1718,7.07,7022300,6.951,ACA.PA,6.95,7.149
847,2013-04-29,6.257,6.92,6125600,7.047,ACA.PA,6.92,7.094
848,2013-04-26,6.1203,6.847,6042600,6.893,ACA.PA,6.803,6.949
849,2013-04-25,6.0972,6.763,5790800,6.867,ACA.PA,6.714,6.901
850,2013-04-24,6.0217,6.74,13715200,6.782,ACA.PA,6.573,6.90
851,2013-04-23,5.9755,6.284,17082500,6.73,ACA.PA,6.282,6.75
852,2013-04-22,5.5937,6.281,6185100,6.30,ACA.PA,6.24,6.42
853,2013-04-19,5.5369,6.253,7574200,6.236,ACA.PA,6.153,6.294
854,2013-04-18,5.4552,6.265,11780700,6.144,ACA.PA,6.014,6.39
855,2013-04-17,5.5138,6.497,11578000,6.21,ACA.PA,6.179,6.50
856,2013-04-16,5.6879,6.30,7903500,6.406,ACA.PA,6.262,6.575
857,2013-04-15,5.6692,6.50,7738900,6.385,ACA.PA,6.271,6.573
858,2013-04-12,5.7758,6.647,8993500,6.505,ACA.PA,6.414,6.663
859,2013-04-11,5.9427,6.588,9443900,6.693,ACA.PA,6.525,6.743
860,2013-04-10,5.8619,6.287,12987700,6.602,ACA.PA,6.245,6.685
861,2013-04-09,5.5218,6.175,6976000,6.219,ACA.PA,6.156,6.31
862,2013-04-08,5.4321,6.327,7967800,6.118,ACA.PA,6.10,6.349
863,2013-04-05,5.5635,6.381,9302700,6.266,ACA.PA,6.165,6.425
864,2013-04-04,5.6514,6.43,11285200,6.365,ACA.PA,6.306,6.575
865,2013-04-03,5.647,6.505,8678400,6.36,ACA.PA,6.342,6.523
866,2013-04-02,5.7962,6.442,10141700,6.528,ACA.PA,6.315,6.56
867,2013-04-01,5.7056,6.426,000,6.426,ACA.PA,6.426,6.426
868,2013-03-29,5.7056,6.426,000,6.426,ACA.PA,6.426,6.426
869,2013-03-28,5.7056,6.275,15717700,6.426,ACA.PA,6.27,6.50
870,2013-03-27,5.5724,6.175,23379000,6.276,ACA.PA,5.952,6.355
871,2013-03-26,5.4588,6.20,14271400,6.148,ACA.PA,6.063,6.313
872,2013-03-25,5.4872,6.824,20838700,6.18,ACA.PA,6.101,6.827
873,2013-03-22,5.8273,6.646,7943400,6.563,ACA.PA,6.476,6.667
874,2013-03-21,5.8965,6.719,7454400,6.641,ACA.PA,6.565,6.743
875,2013-03-20,5.9453,6.642,10243900,6.696,ACA.PA,6.592,6.78
876,2013-03-19,5.8264,6.968,19577800,6.562,ACA.PA,6.501,6.98
877,2013-03-18,6.1762,7.001,14493200,6.956,ACA.PA,6.816,7.007
878,2013-03-15,6.3777,7.303,8298000,7.183,ACA.PA,7.181,7.31
879,2013-03-14,6.4284,7.245,6819400,7.24,ACA.PA,7.185,7.315
880,2013-03-13,6.3804,7.173,7670300,7.186,ACA.PA,7.131,7.287
881,2013-03-12,6.3689,7.171,5265800,7.173,ACA.PA,7.17,7.287
882,2013-03-11,6.3866,7.219,6490500,7.193,ACA.PA,7.106,7.237
883,2013-03-08,6.4435,7.264,9314700,7.257,ACA.PA,7.192,7.308
884,2013-03-07,6.3706,7.298,5440600,7.175,ACA.PA,7.168,7.329
885,2013-03-06,6.4141,7.271,6643900,7.224,ACA.PA,7.215,7.345
886,2013-03-05,6.4363,7.172,9280500,7.249,ACA.PA,7.107,7.279
887,2013-03-04,6.2481,6.981,7306200,7.037,ACA.PA,6.901,7.144
888,2013-03-01,6.2375,7.15,12607700,7.025,ACA.PA,6.901,7.224
889,2013-02-28,6.3928,7.215,11710200,7.20,ACA.PA,7.041,7.219
890,2013-02-27,6.2996,7.123,15092300,7.095,ACA.PA,6.92,7.14
891,2013-02-26,6.2481,7.04,24445200,7.037,ACA.PA,6.98,7.173
892,2013-02-25,6.637,7.336,15470900,7.475,ACA.PA,7.302,7.648
893,2013-02-22,6.4612,7.386,13426700,7.277,ACA.PA,7.18,7.425
894,2013-02-21,6.4559,7.55,17629400,7.271,ACA.PA,7.221,7.559
895,2013-02-20,6.7551,7.24,26652800,7.608,ACA.PA,7.20,7.995
896,2013-02-19,6.5021,7.248,7273900,7.323,ACA.PA,7.213,7.378
897,2013-02-18,6.4381,7.334,5934100,7.251,ACA.PA,7.191,7.34
898,2013-02-15,6.3831,7.35,8783200,7.189,ACA.PA,7.186,7.351
899,2013-02-14,6.5624,7.49,10329200,7.391,ACA.PA,7.276,7.55
900,2013-02-13,6.6876,7.616,9041100,7.532,ACA.PA,7.432,7.628
901,2013-02-12,6.78,7.414,11508100,7.636,ACA.PA,7.35,7.65
902,2013-02-11,6.5828,7.39,9807100,7.414,ACA.PA,7.316,7.487
903,2013-02-08,6.526,6.90,21992200,7.35,ACA.PA,6.879,7.43
904,2013-02-07,6.1034,6.974,10460600,6.874,ACA.PA,6.84,7.075
905,2013-02-06,6.1789,7.254,20664400,6.959,ACA.PA,6.869,7.285
906,2013-02-05,6.4168,7.083,10829800,7.227,ACA.PA,7.01,7.293
907,2013-02-04,6.3191,7.567,16207800,7.117,ACA.PA,7.067,7.58
908,2013-02-01,6.6814,7.10,20522400,7.525,ACA.PA,7.06,7.58
909,2013-01-31,6.4639,7.25,17752300,7.28,ACA.PA,7.08,7.35
910,2013-01-30,6.5651,7.572,10557000,7.394,ACA.PA,7.314,7.598
911,2013-01-29,6.7072,7.746,13503200,7.554,ACA.PA,7.43,7.767
912,2013-01-28,6.8918,7.633,9936100,7.762,ACA.PA,7.604,7.796
913,2013-01-25,6.7285,7.428,11684900,7.578,ACA.PA,7.395,7.659
914,2013-01-24,6.5793,7.274,8251400,7.41,ACA.PA,7.20,7.467
915,2013-01-23,6.4994,7.501,12284300,7.32,ACA.PA,7.232,7.552
916,2013-01-22,6.6654,7.576,8534000,7.507,ACA.PA,7.429,7.60
917,2013-01-21,6.7009,7.499,4008200,7.547,ACA.PA,7.45,7.59
918,2013-01-18,6.6228,7.501,7314900,7.459,ACA.PA,7.414,7.57
919,2013-01-17,6.6148,7.253,10889300,7.45,ACA.PA,7.242,7.496
920,2013-01-16,6.4568,7.277,15187000,7.272,ACA.PA,7.161,7.389
921,2013-01-15,6.6015,7.301,19026700,7.435,ACA.PA,7.265,7.607
922,2013-01-14,6.518,7.20,14718700,7.341,ACA.PA,7.184,7.419
923,2013-01-11,6.3254,7.163,7791000,7.124,ACA.PA,7.002,7.194
924,2013-01-10,6.2978,6.95,16723500,7.093,ACA.PA,6.838,7.266
925,2013-01-09,6.1602,6.691,14324600,6.938,ACA.PA,6.678,6.938
926,2013-01-08,5.8876,6.573,15150500,6.631,ACA.PA,6.532,6.856
927,2013-01-07,5.8406,6.41,13750800,6.578,ACA.PA,6.403,6.669
928,2013-01-04,5.6408,6.352,3291600,6.353,ACA.PA,6.281,6.37
929,2013-01-03,5.6364,6.349,4621700,6.348,ACA.PA,6.285,6.37
930,2013-01-02,5.6381,6.211,9675500,6.35,ACA.PA,6.20,6.35
931,2013-01-01,5.402,6.084,000,6.084,ACA.PA,6.084,6.084
932,2012-12-31,5.402,6.02,1614000,6.084,ACA.PA,5.963,6.095
933,2012-12-28,5.3753,6.182,3668400,6.054,ACA.PA,6.043,6.187
934,2012-12-27,5.473,6.063,3769000,6.164,ACA.PA,6.062,6.20
935,2012-12-26,5.4162,6.10,000,6.10,ACA.PA,6.10,6.10
936,2012-12-25,5.4162,6.10,000,6.10,ACA.PA,6.10,6.10
937,2012-12-24,5.4162,6.081,1346300,6.10,ACA.PA,6.06,6.137
938,2012-12-21,5.4206,6.199,11233300,6.105,ACA.PA,6.05,6.252
939,2012-12-20,5.56,6.122,9690300,6.262,ACA.PA,6.109,6.296
940,2012-12-19,5.4863,6.076,10301900,6.179,ACA.PA,6.065,6.199
941,2012-12-18,5.3629,5.949,7452400,6.04,ACA.PA,5.931,6.04
942,2012-12-17,5.2466,5.95,6408300,5.909,ACA.PA,5.842,5.96
943,2012-12-14,5.2865,5.994,5426200,5.954,ACA.PA,5.916,6.043
944,2012-12-13,5.3265,5.946,7867900,5.999,ACA.PA,5.914,6.042
945,2012-12-12,5.251,5.88,5736900,5.914,ACA.PA,5.84,5.936
946,2012-12-11,5.2208,5.945,9324500,5.88,ACA.PA,5.841,5.97
947,2012-12-10,5.2839,6.002,12289900,5.951,ACA.PA,5.874,6.033
948,2012-12-07,5.4241,6.144,9313500,6.109,ACA.PA,6.021,6.149
949,2012-12-06,5.4472,6.085,7741000,6.135,ACA.PA,6.00,6.154
950,2012-12-05,5.37,6.11,9210800,6.048,ACA.PA,5.985,6.159
951,2012-12-04,5.354,5.91,10524900,6.03,ACA.PA,5.905,6.102
952,2012-12-03,5.2475,5.83,8439000,5.91,ACA.PA,5.816,6.002
953,2012-11-30,5.1755,5.843,7616700,5.829,ACA.PA,5.806,5.90
954,2012-11-29,5.1933,5.77,8839500,5.849,ACA.PA,5.717,5.858
955,2012-11-28,5.0752,5.689,6511000,5.716,ACA.PA,5.601,5.72
956,2012-11-27,5.061,5.746,9200200,5.70,ACA.PA,5.661,5.795
957,2012-11-26,5.0122,5.753,7970000,5.645,ACA.PA,5.61,5.796
958,2012-11-23,5.1498,5.793,6980700,5.80,ACA.PA,5.703,5.825
959,2012-11-22,5.132,5.805,5048300,5.78,ACA.PA,5.76,5.834
960,2012-11-21,5.1391,5.726,6267500,5.788,ACA.PA,5.711,5.812
961,2012-11-20,5.1303,5.658,10234300,5.778,ACA.PA,5.626,5.835
962,2012-11-19,5.101,5.552,9054300,5.745,ACA.PA,5.541,5.76
963,2012-11-16,4.8488,5.609,8836900,5.461,ACA.PA,5.461,5.67
964,2012-11-15,4.9917,5.472,7577500,5.622,ACA.PA,5.451,5.68
965,2012-11-14,4.9172,5.653,8361700,5.538,ACA.PA,5.505,5.737
966,2012-11-13,5.0166,5.464,11731200,5.65,ACA.PA,5.415,5.691
967,2012-11-12,4.8648,5.558,11564800,5.479,ACA.PA,5.442,5.603
968,2012-11-09,4.9482,5.741,39440900,5.573,ACA.PA,5.272,5.77
969,2012-11-08,5.2554,5.991,11194400,5.919,ACA.PA,5.835,6.09
970,2012-11-07,5.2847,6.15,14723000,5.952,ACA.PA,5.913,6.20
971,2012-11-06,5.3984,5.86,11528800,6.08,ACA.PA,5.83,6.08
972,2012-11-05,5.1764,5.932,9180300,5.83,ACA.PA,5.83,5.973
973,2012-11-02,5.3114,5.985,6782300,5.982,ACA.PA,5.914,6.037
974,2012-11-01,5.3096,5.792,6983400,5.98,ACA.PA,5.755,5.985
975,2012-10-31,5.1569,5.919,9289100,5.808,ACA.PA,5.792,5.975
976,2012-10-30,5.2785,5.839,4714000,5.945,ACA.PA,5.812,5.946
977,2012-10-29,5.1782,5.85,7137700,5.832,ACA.PA,5.743,5.894
978,2012-10-26,5.2253,5.939,16658100,5.885,ACA.PA,5.742,5.939
979,2012-10-25,5.3283,6.11,7750100,6.001,ACA.PA,6.001,6.199
980,2012-10-24,5.4392,6.121,10024400,6.126,ACA.PA,5.971,6.163
981,2012-10-23,5.417,6.233,11704200,6.101,ACA.PA,6.025,6.299
982,2012-10-22,5.5405,6.15,10225100,6.24,ACA.PA,6.12,6.30
983,2012-10-19,5.4836,6.30,13842800,6.176,ACA.PA,6.122,6.34
984,2012-10-18,5.6071,6.228,15183600,6.315,ACA.PA,6.16,6.325
985,2012-10-17,5.5174,6.49,32061700,6.214,ACA.PA,6.10,6.555
986,2012-10-16,5.6799,6.157,20742400,6.397,ACA.PA,6.153,6.415
987,2012-10-15,5.3948,5.97,10910900,6.076,ACA.PA,5.97,6.166
988,2012-10-12,5.3007,5.95,19054000,5.97,ACA.PA,5.935,6.16
989,2012-10-11,5.3069,5.70,20766100,5.977,ACA.PA,5.672,6.047
990,2012-10-10,5.0859,5.708,10711800,5.728,ACA.PA,5.70,5.81
991,2012-10-09,5.0965,5.746,12316100,5.74,ACA.PA,5.70,5.809
992,2012-10-08,5.085,5.76,9294600,5.727,ACA.PA,5.704,5.799
993,2012-10-05,5.1844,5.751,14403400,5.839,ACA.PA,5.733,5.911
994,2012-10-04,5.0903,5.704,13848600,5.733,ACA.PA,5.62,5.776
995,2012-10-03,5.0166,5.654,12109300,5.65,ACA.PA,5.613,5.778
996,2012-10-02,5.0681,5.643,20716000,5.708,ACA.PA,5.60,5.80
997,2012-10-01,5.1187,5.392,23127100,5.765,ACA.PA,5.38,5.79
998,2012-09-28,4.768,5.576,13939000,5.37,ACA.PA,5.308,5.609
999,2012-09-27,4.8781,5.35,16413900,5.494,ACA.PA,5.30,5.50
1000,2012-09-26,4.6987,5.574,23793500,5.292,ACA.PA,5.285,5.604
1001,2012-09-25,5.077,5.61,14554500,5.718,ACA.PA,5.553,5.75
1002,2012-09-24,5.0734,5.763,14626900,5.714,ACA.PA,5.644,5.839
1003,2012-09-21,5.1968,5.761,22832100,5.853,ACA.PA,5.671,5.928
1004,2012-09-20,5.0859,5.70,15309900,5.728,ACA.PA,5.563,5.808
1005,2012-09-19,5.1418,5.825,21143800,5.791,ACA.PA,5.505,5.90
1006,2012-09-18,5.148,5.90,18536600,5.798,ACA.PA,5.783,5.957
1007,2012-09-17,5.3132,5.835,20368900,5.984,ACA.PA,5.755,6.038
1008,2012-09-14,5.2714,6.05,28925800,5.937,ACA.PA,5.861,6.08
1009,2012-09-13,5.0965,5.89,21211200,5.74,ACA.PA,5.636,5.92
1010,2012-09-12,5.2297,5.60,56480900,5.89,ACA.PA,5.539,5.977
1011,2012-09-11,4.9438,5.465,23950400,5.568,ACA.PA,5.261,5.569
1012,2012-09-10,4.8879,5.32,24910800,5.505,ACA.PA,5.31,5.588
1013,2012-09-07,4.7422,5.20,40979900,5.341,ACA.PA,5.177,5.528
1014,2012-09-06,4.451,4.64,37366800,5.013,ACA.PA,4.603,5.059
1015,2012-09-05,4.1047,4.58,15337700,4.623,ACA.PA,4.505,4.658
1016,2012-09-04,4.0674,4.602,14837400,4.581,ACA.PA,4.581,4.724
1017,2012-09-03,4.0994,4.59,13715400,4.617,ACA.PA,4.526,4.667
1018,2012-08-31,4.1181,4.295,28480400,4.638,ACA.PA,4.29,4.65
1019,2012-08-30,3.8286,4.288,12034200,4.312,ACA.PA,4.252,4.34
1020,2012-08-29,3.8144,4.298,10686800,4.296,ACA.PA,4.246,4.328
1021,2012-08-28,3.7878,4.24,13276200,4.266,ACA.PA,4.202,4.399
1022,2012-08-27,3.802,4.23,9252600,4.282,ACA.PA,4.193,4.379
1023,2012-08-24,3.7673,4.251,13637700,4.243,ACA.PA,4.15,4.275
1024,2012-08-23,3.802,4.40,16938000,4.282,ACA.PA,4.187,4.467
1025,2012-08-22,3.8526,4.288,13785300,4.339,ACA.PA,4.253,4.377
1026,2012-08-21,3.8428,4.13,15004200,4.328,ACA.PA,4.13,4.338
1027,2012-08-20,3.6608,4.31,20737100,4.123,ACA.PA,4.052,4.377
1028,2012-08-17,3.8313,4.20,18533100,4.315,ACA.PA,4.188,4.347
1029,2012-08-16,3.7016,3.99,13715800,4.169,ACA.PA,3.958,4.169
1030,2012-08-15,3.5374,3.945,6415900,3.984,ACA.PA,3.91,4.006
1031,2012-08-14,3.4992,4.032,8912700,3.941,ACA.PA,3.924,4.06
1032,2012-08-13,3.5613,3.98,6770600,4.011,ACA.PA,3.967,4.044
1033,2012-08-10,3.5329,3.939,9629100,3.979,ACA.PA,3.911,4.022
1034,2012-08-09,3.5498,4.05,15090500,3.998,ACA.PA,3.934,4.11
1035,2012-08-08,3.5249,3.98,17715300,3.97,ACA.PA,3.85,4.01
1036,2012-08-07,3.5338,3.703,28202800,3.98,ACA.PA,3.685,3.98
1037,2012-08-06,3.3136,3.553,19567200,3.732,ACA.PA,3.517,3.742
1038,2012-08-03,3.1494,3.29,15697500,3.547,ACA.PA,3.29,3.55
1039,2012-08-02,2.915,3.57,31237200,3.283,ACA.PA,3.282,3.65
1040,2012-08-01,3.1698,3.467,9411000,3.57,ACA.PA,3.467,3.593
1041,2012-07-31,3.0996,3.559,17225500,3.491,ACA.PA,3.40,3.65
1042,2012-07-30,3.1769,3.361,18963800,3.578,ACA.PA,3.36,3.609
1043,2012-07-27,2.9682,3.25,17829000,3.343,ACA.PA,3.115,3.35
1044,2012-07-26,2.8715,3.013,23313400,3.234,ACA.PA,2.951,3.265
1045,2012-07-25,2.6459,2.929,13865800,2.98,ACA.PA,2.92,3.063
1046,2012-07-24,2.6104,3.05,15477900,2.94,ACA.PA,2.94,3.06
1047,2012-07-23,2.6974,3.14,26177900,3.038,ACA.PA,2.99,3.145
1048,2012-07-20,2.8537,3.435,19549700,3.214,ACA.PA,3.213,3.44
1049,2012-07-19,3.0473,3.374,13081200,3.432,ACA.PA,3.302,3.435
1050,2012-07-18,3.0109,3.433,8719300,3.391,ACA.PA,3.357,3.433
1051,2012-07-17,3.0135,3.434,8456300,3.394,ACA.PA,3.37,3.474
1052,2012-07-16,3.0446,3.458,6954500,3.429,ACA.PA,3.405,3.478
1053,2012-07-13,3.0686,3.48,9815600,3.456,ACA.PA,3.372,3.483
1054,2012-07-12,3.0677,3.465,12596400,3.455,ACA.PA,3.418,3.572
1055,2012-07-11,3.1165,3.419,9430300,3.51,ACA.PA,3.403,3.544
1056,2012-07-10,3.0677,3.471,12708000,3.455,ACA.PA,3.419,3.573
1057,2012-07-09,3.0712,3.469,11610100,3.459,ACA.PA,3.389,3.508
1058,2012-07-06,3.0837,3.611,14855900,3.473,ACA.PA,3.473,3.646
1059,2012-07-05,3.2328,3.76,20933500,3.641,ACA.PA,3.61,3.827
1060,2012-07-04,3.3358,3.75,9182300,3.757,ACA.PA,3.691,3.757
1061,2012-07-03,3.3296,3.75,19607500,3.75,ACA.PA,3.684,3.799
1062,2012-07-02,3.295,3.549,52722700,3.711,ACA.PA,3.501,3.796
1063,2012-06-29,3.0819,3.375,25532000,3.471,ACA.PA,3.303,3.471
1064,2012-06-28,2.835,3.251,13707800,3.193,ACA.PA,3.124,3.259
1065,2012-06-27,2.8688,3.169,11979800,3.231,ACA.PA,3.134,3.236
1066,2012-06-26,2.7862,3.205,13909200,3.138,ACA.PA,3.113,3.269
1067,2012-06-25,2.8368,3.332,15468300,3.195,ACA.PA,3.172,3.347
1068,2012-06-22,2.9753,3.275,18715700,3.351,ACA.PA,3.26,3.452
1069,2012-06-21,2.9647,3.355,18523700,3.339,ACA.PA,3.30,3.478
1070,2012-06-20,3.0188,3.30,22342300,3.40,ACA.PA,3.25,3.408
1071,2012-06-19,2.9123,3.189,18573700,3.28,ACA.PA,3.092,3.286
1072,2012-06-18,2.8173,3.426,34637000,3.173,ACA.PA,3.129,3.469
1073,2012-06-15,2.9158,3.119,34398600,3.284,ACA.PA,3.10,3.288
1074,2012-06-14,2.7436,3.035,22077700,3.09,ACA.PA,2.991,3.121
1075,2012-06-13,2.7107,2.979,28244000,3.053,ACA.PA,2.963,3.088
1076,2012-06-12,2.6193,3.018,24919700,2.95,ACA.PA,2.912,3.048
1077,2012-06-11,2.6948,3.304,31815500,3.035,ACA.PA,3.03,3.343
1078,2012-06-08,2.7986,3.10,25310600,3.152,ACA.PA,3.045,3.167
1079,2012-06-07,2.8013,3.14,18532600,3.155,ACA.PA,3.113,3.21
1080,2012-06-06,2.7791,3.055,26044500,3.13,ACA.PA,3.001,3.137
1081,2012-06-05,2.6823,2.958,17129900,3.021,ACA.PA,2.936,3.047
1082,2012-06-04,2.6042,2.854,15821700,2.933,ACA.PA,2.847,2.99
1083,2012-06-01,2.5589,2.915,17677900,2.882,ACA.PA,2.841,2.946
1084,2012-05-31,2.5678,2.90,14958000,2.892,ACA.PA,2.851,2.933
1085,2012-05-30,2.5722,2.895,19032200,2.897,ACA.PA,2.861,3.014
1086,2012-05-29,2.5953,2.985,19273300,2.923,ACA.PA,2.856,2.998
1087,2012-05-28,2.622,3.013,9304500,2.953,ACA.PA,2.947,3.05
1088,2012-05-25,2.6495,3.02,19369100,2.984,ACA.PA,2.955,3.095
1089,2012-05-24,2.6761,3.019,18963300,3.014,ACA.PA,2.944,3.054
1090,2012-05-23,2.637,3.092,30766800,2.97,ACA.PA,2.961,3.128
1091,2012-05-22,2.8146,3.082,20843800,3.17,ACA.PA,3.034,3.174
1092,2012-05-21,2.6877,3.018,17875400,3.027,ACA.PA,2.95,3.082
1093,2012-05-18,2.6735,2.95,25712500,3.011,ACA.PA,2.934,3.104
1094,2012-05-17,2.6637,3.14,21068900,3.00,ACA.PA,2.956,3.142
1095,2012-05-16,2.7605,3.029,33716900,3.109,ACA.PA,2.982,3.201
1096,2012-05-15,2.7019,3.264,31227200,3.043,ACA.PA,3.03,3.319
1097,2012-05-14,2.9043,3.40,18050500,3.271,ACA.PA,3.255,3.418
1098,2012-05-11,3.073,3.401,15701800,3.461,ACA.PA,3.355,3.537
1099,2012-05-10,3.1041,3.40,21964000,3.496,ACA.PA,3.315,3.512
1100,2012-05-09,2.9691,3.498,27394600,3.344,ACA.PA,3.253,3.506
1101,2012-05-08,3.0774,3.545,18599200,3.466,ACA.PA,3.431,3.587
1102,2012-05-07,3.16,3.50,26422000,3.559,ACA.PA,3.40,3.573
1103,2012-05-04,3.2364,3.661,14366900,3.645,ACA.PA,3.583,3.76
1104,2012-05-03,3.2479,3.781,18839200,3.658,ACA.PA,3.639,3.886
1105,2012-05-02,3.3465,3.953,18571400,3.769,ACA.PA,3.714,3.975
1106,2012-05-01,3.4477,3.883,000,3.883,ACA.PA,3.883,3.883
1107,2012-04-30,3.4477,3.94,13977900,3.883,ACA.PA,3.861,4.002
1108,2012-04-27,3.4752,3.65,20346600,3.914,ACA.PA,3.588,3.942
1109,2012-04-26,3.3269,3.883,15759100,3.747,ACA.PA,3.673,3.897
1110,2012-04-25,3.4379,3.674,21435700,3.872,ACA.PA,3.67,3.887
1111,2012-04-24,3.2453,3.631,17699500,3.655,ACA.PA,3.478,3.672
1112,2012-04-23,3.1716,3.686,16034200,3.572,ACA.PA,3.551,3.686
1113,2012-04-20,3.3198,3.762,21841900,3.739,ACA.PA,3.651,3.82
1114,2012-04-19,3.2461,3.859,18610000,3.656,ACA.PA,3.652,3.916
1115,2012-04-18,3.3926,4.014,18848900,3.821,ACA.PA,3.756,4.038
1116,2012-04-17,3.5471,3.732,19766600,3.995,ACA.PA,3.723,3.995
1117,2012-04-16,3.3021,3.909,24288900,3.719,ACA.PA,3.715,3.912
1118,2012-04-13,3.469,4.12,19647300,3.907,ACA.PA,3.901,4.161
1119,2012-04-12,3.6546,4.136,25233100,4.116,ACA.PA,3.965,4.158
1120,2012-04-11,3.6297,4.04,23223300,4.088,ACA.PA,4.023,4.218
1121,2012-04-10,3.5764,4.099,23962400,4.028,ACA.PA,4.028,4.167
1122,2012-04-09,3.6928,4.159,000,4.159,ACA.PA,4.159,4.159
1123,2012-04-06,3.6928,4.159,000,4.159,ACA.PA,4.159,4.159
1124,2012-04-05,3.6928,4.306,23394000,4.159,ACA.PA,4.087,4.329
1125,2012-04-04,3.7673,4.416,21167600,4.243,ACA.PA,4.231,4.449
1126,2012-04-03,3.9742,4.64,12316400,4.476,ACA.PA,4.476,4.712
1127,2012-04-02,4.1047,4.709,18819700,4.623,ACA.PA,4.446,4.718
1128,2012-03-30,4.1376,4.70,11707600,4.66,ACA.PA,4.587,4.752
1129,2012-03-29,4.1003,4.75,12061300,4.618,ACA.PA,4.602,4.86
1130,2012-03-28,4.2175,4.881,10372000,4.75,ACA.PA,4.75,4.921
1131,2012-03-27,4.4395,5.00,000,5.00,ACA.PA,5.00,5.00
1132,2012-03-26,4.3755,5.03,11205800,4.928,ACA.PA,4.871,5.05
1133,2012-03-23,4.4306,4.86,11846800,4.99,ACA.PA,4.815,5.00
1134,2012-03-22,4.3063,4.85,100,4.85,ACA.PA,4.85,4.85
1135,2012-03-21,4.3951,5.00,2000,4.95,ACA.PA,4.95,5.00
1136,2012-03-20,4.4901,5.147,11645700,5.057,ACA.PA,5.021,5.147
1137,2012-03-19,4.5682,5.165,8693000,5.145,ACA.PA,5.08,5.169
1138,2012-03-16,4.5904,5.17,7100,5.17,ACA.PA,5.17,5.17
1139,2012-03-15,4.5283,5.08,13501800,5.10,ACA.PA,5.03,5.10
1140,2012-03-14,4.4484,5.05,5700,5.01,ACA.PA,5.01,5.11
1141,2012-03-13,4.2619,4.83,5000,4.80,ACA.PA,4.80,4.83
1142,2012-03-12,4.1731,4.70,2300,4.70,ACA.PA,4.70,4.70
1143,2012-03-09,4.2441,4.85,6600,4.78,ACA.PA,4.75,4.85
1144,2012-03-08,4.2441,4.729,15545600,4.78,ACA.PA,4.692,4.829
1145,2012-03-07,4.0577,4.57,200,4.57,ACA.PA,4.57,4.57
1146,2012-03-06,4.0017,4.816,18924100,4.507,ACA.PA,4.503,4.836
1147,2012-03-05,4.3063,4.85,100,4.85,ACA.PA,4.85,4.85
1148,2012-03-02,4.3906,4.94,13633300,4.945,ACA.PA,4.921,5.041
1149,2012-03-01,4.3533,4.80,14165500,4.903,ACA.PA,4.732,4.934
1150,2012-02-29,4.2681,4.747,24690400,4.807,ACA.PA,4.73,4.959
1151,2012-02-28,4.1749,4.773,14609500,4.702,ACA.PA,4.611,4.828
1152,2012-02-27,4.1971,4.887,15033000,4.727,ACA.PA,4.67,4.887
1153,2012-02-24,4.3489,4.822,15086900,4.898,ACA.PA,4.805,4.949
1154,2012-02-23,4.2708,4.90,24766500,4.81,ACA.PA,4.718,4.971
1155,2012-02-22,4.4492,5.196,15558200,5.011,ACA.PA,4.981,5.229
1156,2012-02-21,4.6233,5.292,15336900,5.207,ACA.PA,5.13,5.339
1157,2012-02-20,4.6499,5.24,14373100,5.237,ACA.PA,5.101,5.30
1158,2012-02-17,4.5371,5.01,19069800,5.11,ACA.PA,4.96,5.169
1159,2012-02-16,4.3347,4.75,19596100,4.882,ACA.PA,4.60,4.898
1160,2012-02-15,4.2974,5.00,17573900,4.84,ACA.PA,4.746,5.05
1161,2012-02-14,4.3311,5.08,20436600,4.878,ACA.PA,4.812,5.192
1162,2012-02-13,4.5576,5.50,15262200,5.133,ACA.PA,5.091,5.59
1163,2012-02-10,4.7298,5.46,12170800,5.327,ACA.PA,5.28,5.634
1164,2012-02-09,4.9704,5.545,20015800,5.598,ACA.PA,5.451,5.71
1165,2012-02-08,4.8133,5.301,17466400,5.421,ACA.PA,5.282,5.558
1166,2012-02-07,4.673,5.194,7628300,5.263,ACA.PA,5.10,5.281
1167,2012-02-06,4.5993,5.20,9420500,5.18,ACA.PA,5.076,5.25
1168,2012-02-03,4.7254,5.10,19236500,5.322,ACA.PA,4.94,5.36
1169,2012-02-02,4.5114,5.10,9972600,5.081,ACA.PA,4.912,5.14
1170,2012-02-01,4.4919,4.751,12663000,5.059,ACA.PA,4.711,5.059
1171,2012-01-31,4.1829,4.78,10281800,4.711,ACA.PA,4.621,4.79
1172,2012-01-30,4.0932,4.853,15646400,4.61,ACA.PA,4.551,4.878
1173,2012-01-27,4.3818,4.98,11852400,4.935,ACA.PA,4.783,4.99
1174,2012-01-26,4.4537,5.03,9943800,5.016,ACA.PA,4.954,5.147
1175,2012-01-25,4.3773,5.06,10085100,4.93,ACA.PA,4.80,5.10
1176,2012-01-24,4.4395,5.121,13860000,5.00,ACA.PA,4.886,5.15
1177,2012-01-23,4.6277,4.98,21016500,5.212,ACA.PA,4.88,5.303
1178,2012-01-20,4.404,4.825,18633800,4.96,ACA.PA,4.66,4.97
1179,2012-01-19,4.2956,4.46,20349300,4.838,ACA.PA,4.436,4.838
1180,2012-01-18,3.9334,4.309,11943700,4.43,ACA.PA,4.212,4.50
1181,2012-01-17,3.81,4.302,9523200,4.291,ACA.PA,4.203,4.388
1182,2012-01-16,3.7753,4.11,5717200,4.252,ACA.PA,4.081,4.252
1183,2012-01-13,3.7363,4.297,11166600,4.208,ACA.PA,4.112,4.38
1184,2012-01-12,3.7505,4.157,11374000,4.224,ACA.PA,4.143,4.36
1185,2012-01-11,3.6848,4.10,7664400,4.15,ACA.PA,4.05,4.16
1186,2012-01-10,3.6555,4.105,9975700,4.117,ACA.PA,4.011,4.165
1187,2012-01-09,3.5898,4.173,6286200,4.043,ACA.PA,4.019,4.173
1188,2012-01-06,3.6661,4.295,8725200,4.129,ACA.PA,4.102,4.295
1189,2012-01-05,3.6191,4.282,9449000,4.076,ACA.PA,4.07,4.287
1190,2012-01-04,3.8179,4.40,5454600,4.30,ACA.PA,4.242,4.411
1191,2012-01-03,3.936,4.46,5633800,4.433,ACA.PA,4.29,4.464
1192,2012-01-02,3.936,4.342,3471700,4.433,ACA.PA,4.319,4.433
1193,2011-12-30,3.8712,4.30,3563500,4.36,ACA.PA,4.21,4.36
1194,2011-12-29,3.8091,4.208,4182800,4.29,ACA.PA,4.151,4.29
1195,2011-12-28,3.7292,4.31,3616800,4.20,ACA.PA,4.20,4.34
1196,2011-12-27,3.8464,4.42,3397200,4.332,ACA.PA,4.264,4.429
1197,2011-12-26,3.9209,4.416,000,4.416,ACA.PA,4.416,4.416
1198,2011-12-23,3.9209,4.45,4195700,4.416,ACA.PA,4.369,4.49
1199,2011-12-22,3.889,4.251,5851400,4.38,ACA.PA,4.235,4.385
1200,2011-12-21,3.7576,4.45,9132800,4.232,ACA.PA,4.181,4.53
1201,2011-12-20,3.8393,4.134,7660700,4.324,ACA.PA,4.059,4.331
1202,2011-12-19,3.5898,4.06,4981400,4.043,ACA.PA,4.041,4.147
1203,2011-12-16,3.5898,4.09,12672300,4.043,ACA.PA,4.04,4.217
1204,2011-12-15,3.5871,4.15,16494800,4.04,ACA.PA,4.025,4.30
1205,2011-12-14,3.7514,4.50,8172400,4.225,ACA.PA,4.213,4.59
1206,2011-12-13,4.0213,4.551,9230100,4.529,ACA.PA,4.415,4.674
1207,2011-12-12,4.0577,4.80,8083900,4.57,ACA.PA,4.56,4.89
1208,2011-12-09,4.2575,4.55,9410200,4.795,ACA.PA,4.40,4.86
1209,2011-12-08,4.0888,4.899,8792800,4.605,ACA.PA,4.552,4.92
1210,2011-12-07,4.2743,5.04,10825500,4.814,ACA.PA,4.736,5.105
1211,2011-12-06,4.3507,4.859,11408200,4.90,ACA.PA,4.746,5.00
1212,2011-12-05,4.4927,4.95,11412200,5.06,ACA.PA,4.925,5.091
1213,2011-12-02,4.2619,4.639,12687500,4.80,ACA.PA,4.639,4.903
1214,2011-12-01,4.0595,4.773,8537400,4.572,ACA.PA,4.539,4.782
1215,2011-11-30,4.2211,4.281,13139900,4.754,ACA.PA,4.26,4.754
1216,2011-11-29,3.8952,4.425,8027400,4.387,ACA.PA,4.168,4.458
1217,2011-11-28,3.9396,4.195,10236500,4.437,ACA.PA,4.165,4.453
1218,2011-11-25,3.6182,4.08,6414000,4.075,ACA.PA,4.004,4.14
1219,2011-11-24,3.5747,4.011,9698700,4.026,ACA.PA,3.99,4.143
1220,2011-11-23,3.5338,4.01,11503000,3.98,ACA.PA,3.98,4.17
1221,2011-11-22,3.5729,4.20,9386800,4.024,ACA.PA,4.011,4.247
1222,2011-11-21,3.6706,4.40,6882500,4.134,ACA.PA,4.125,4.41
1223,2011-11-18,3.8845,4.40,5890000,4.375,ACA.PA,4.302,4.463
1224,2011-11-17,3.9325,4.573,9826100,4.429,ACA.PA,4.417,4.639
1225,2011-11-16,4.1269,4.61,5904900,4.648,ACA.PA,4.575,4.794
1226,2011-11-15,4.111,4.77,7785100,4.63,ACA.PA,4.615,4.817
1227,2011-11-14,4.2974,5.04,8245400,4.84,ACA.PA,4.79,5.048
1228,2011-11-11,4.3489,4.922,7613000,4.898,ACA.PA,4.812,4.99
1229,2011-11-10,4.3507,4.766,15389700,4.90,ACA.PA,4.70,5.04
1230,2011-11-09,4.4537,5.33,10945400,5.016,ACA.PA,4.928,5.35
1231,2011-11-08,4.5691,5.12,9489900,5.146,ACA.PA,5.077,5.237
1232,2011-11-07,4.5318,5.155,9560700,5.104,ACA.PA,5.025,5.243
1233,2011-11-04,4.6472,5.49,12066500,5.234,ACA.PA,5.021,5.51
1234,2011-11-03,4.6863,4.85,20191100,5.278,ACA.PA,4.75,5.408
1235,2011-11-02,4.4253,5.09,16521800,4.984,ACA.PA,4.866,5.228
1236,2011-11-01,4.4084,5.25,24034000,4.965,ACA.PA,4.894,5.302
1237,2011-10-31,5.0397,6.082,15637100,5.676,ACA.PA,5.612,6.082
1238,2011-10-28,5.4694,6.039,25033800,6.16,ACA.PA,5.863,6.29
1239,2011-10-27,5.2759,5.50,39920300,5.942,ACA.PA,5.25,5.996
1240,2011-10-26,4.3258,4.884,9038800,4.872,ACA.PA,4.80,5.043
1241,2011-10-25,4.3676,4.99,9396400,4.919,ACA.PA,4.822,5.089
1242,2011-10-24,4.4191,5.00,8914300,4.977,ACA.PA,4.834,5.048
1243,2011-10-21,4.3001,4.719,9910500,4.843,ACA.PA,4.671,4.85
1244,2011-10-20,4.1376,4.859,11724700,4.66,ACA.PA,4.65,5.055
1245,2011-10-19,4.4333,5.05,7363500,4.993,ACA.PA,4.967,5.124
1246,2011-10-18,4.3676,5.00,9106900,4.919,ACA.PA,4.80,5.011
1247,2011-10-17,4.5149,5.39,9066800,5.085,ACA.PA,5.01,5.40
1248,2011-10-14,4.6144,5.27,9225700,5.197,ACA.PA,5.06,5.32
1249,2011-10-13,4.6899,5.633,14384200,5.282,ACA.PA,5.183,5.747
1250,2011-10-12,4.9722,5.313,12565300,5.60,ACA.PA,5.30,5.698
1251,2011-10-11,4.8301,5.45,9387700,5.44,ACA.PA,5.225,5.466
1252,2011-10-10,4.7769,5.41,10254900,5.38,ACA.PA,5.105,5.479
1253,2011-10-07,4.7591,5.43,12748100,5.36,ACA.PA,5.25,5.549
1254,2011-10-06,4.8293,5.30,15718000,5.439,ACA.PA,5.15,5.498
1255,2011-10-05,4.5878,4.94,10729900,5.167,ACA.PA,4.89,5.204
1256,2011-10-04,4.1749,4.88,10721900,4.702,ACA.PA,4.62,4.96
1257,2011-10-03,4.4652,5.058,7418500,5.029,ACA.PA,4.851,5.097
1258,2011-09-30,4.6437,5.489,12937100,5.23,ACA.PA,5.035,5.568
1259,2011-09-29,4.7955,5.16,17649700,5.401,ACA.PA,5.11,5.594
1260,2011-09-28,4.5949,5.161,16702600,5.175,ACA.PA,4.975,5.38
1261,2011-09-27,4.6064,4.80,17084000,5.188,ACA.PA,4.705,5.19
1262,2011-09-26,4.0728,4.347,14246300,4.587,ACA.PA,4.202,4.78
1263,2011-09-23,3.9289,4.43,19783300,4.425,ACA.PA,4.011,4.484
1264,2011-09-22,3.7496,4.535,17376600,4.223,ACA.PA,4.21,4.637
1265,2011-09-21,4.1429,4.90,12154500,4.666,ACA.PA,4.57,4.90
1266,2011-09-20,4.2441,4.79,11992900,4.78,ACA.PA,4.70,4.98
1267,2011-09-19,4.3356,4.99,21622700,4.883,ACA.PA,4.80,4.996
1268,2011-09-16,4.3658,5.78,51405200,4.917,ACA.PA,4.917,5.789
1269,2011-09-15,4.9642,5.299,15005800,5.591,ACA.PA,5.173,5.90
1270,2011-09-14,4.5442,4.99,18985100,5.118,ACA.PA,4.85,5.442
1271,2011-09-13,4.5549,5.10,17592100,5.13,ACA.PA,4.59,5.189
1272,2011-09-12,4.2628,5.11,15958300,4.801,ACA.PA,4.65,5.148
1273,2011-09-09,4.7973,5.80,12014200,5.403,ACA.PA,5.353,5.80
1274,2011-09-08,5.2013,5.80,8628000,5.858,ACA.PA,5.685,5.98
1275,2011-09-07,5.1027,5.73,8130400,5.747,ACA.PA,5.628,5.78
1276,2011-09-06,4.9447,5.75,18765600,5.569,ACA.PA,5.439,5.863
1277,2011-09-05,5.1897,6.052,10893500,5.845,ACA.PA,5.76,6.083
1278,2011-09-02,5.4925,6.533,11896200,6.186,ACA.PA,6.14,6.539
1279,2011-09-01,5.9302,6.79,13131400,6.679,ACA.PA,6.487,6.818
1280,2011-08-31,6.0563,6.568,7657700,6.821,ACA.PA,6.505,6.821
1281,2011-08-30,5.8317,6.90,7071500,6.568,ACA.PA,6.512,6.90
1282,2011-08-29,5.8912,6.60,5697300,6.635,ACA.PA,6.422,6.707
1283,2011-08-26,5.6994,6.52,9176100,6.419,ACA.PA,6.28,6.647
1284,2011-08-25,5.7811,6.51,15367400,6.511,ACA.PA,6.372,6.902
1285,2011-08-24,5.5156,6.128,6956400,6.212,ACA.PA,6.051,6.265
1286,2011-08-23,5.3789,6.145,8750100,6.058,ACA.PA,6.01,6.223
1287,2011-08-22,5.3469,6.18,10348100,6.022,ACA.PA,6.00,6.339
1288,2011-08-19,5.4357,6.215,14574400,6.122,ACA.PA,6.02,6.422
1289,2011-08-18,5.5298,6.657,11819700,6.228,ACA.PA,6.09,6.666
1290,2011-08-17,5.9649,6.751,6927100,6.718,ACA.PA,6.62,6.93
1291,2011-08-16,6.0208,6.73,8249800,6.781,ACA.PA,6.54,6.799
1292,2011-08-15,5.98,6.697,6940900,6.735,ACA.PA,6.52,6.79
1293,2011-08-12,5.7882,6.58,20714000,6.519,ACA.PA,6.12,6.616
1294,2011-08-11,5.6692,6.535,46029300,6.385,ACA.PA,5.677,6.597
1295,2011-08-10,5.3922,7.125,42331100,6.073,ACA.PA,5.63,7.20
1296,2011-08-09,6.114,6.849,28838600,6.886,ACA.PA,6.451,7.07
1297,2011-08-08,5.9977,7.093,28134300,6.755,ACA.PA,6.755,7.639
1298,2011-08-05,6.3564,6.847,35196500,7.159,ACA.PA,6.80,7.686
1299,2011-08-04,6.3413,7.70,25651600,7.142,ACA.PA,7.052,7.755
1300,2011-08-03,6.6326,7.771,31704600,7.47,ACA.PA,7.375,7.885
1301,2011-08-02,7.0987,8.231,21882500,7.995,ACA.PA,7.995,8.403
1302,2011-08-01,7.3527,8.989,14615700,8.281,ACA.PA,8.24,8.99
1303,2011-07-29,7.6519,8.505,14401600,8.618,ACA.PA,8.451,8.678
1304,2011-07-28,7.8366,8.548,14005400,8.826,ACA.PA,8.50,8.872
