,High,Close,Date,Open,Adj_Close,Symbol,Volume,Low
0,103.50,101.580002,2016-07-27,103.50,101.580002,MKC,633300,101.290001
1,104.82,103.470001,2016-07-26,104.519997,103.470001,MKC,434400,103.410004
2,104.699997,104.360001,2016-07-25,104.269997,104.360001,MKC,494900,103.730003
3,104.559998,104.260002,2016-07-22,103.849998,104.260002,MKC,506200,103.660004
4,104.029999,103.82,2016-07-21,104.029999,103.82,MKC,580700,103.43
5,105.339996,104.029999,2016-07-20,105.339996,104.029999,MKC,506300,104.00
6,105.010002,105.010002,2016-07-19,104.730003,105.010002,MKC,501900,104.43
7,105.57,104.889999,2016-07-18,105.139999,104.889999,MKC,296300,104.559998
8,105.32,105.019997,2016-07-15,105.110001,105.019997,MKC,688100,104.699997
9,105.639999,104.860001,2016-07-14,104.75,104.860001,MKC,650600,104.68
10,105.760002,105.260002,2016-07-13,104.949997,105.260002,MKC,649700,104.620003
11,106.040001,104.760002,2016-07-12,105.769997,104.760002,MKC,786300,104.639999
12,106.980003,105.940002,2016-07-11,106.860001,105.940002,MKC,604600,105.839996
13,107.029999,106.959999,2016-07-08,106.190002,106.959999,MKC,868300,105.160004
14,107.389999,105.910004,2016-07-07,106.690002,105.910004,MKC,951500,105.50
15,107.339996,106.669998,2016-07-06,106.480003,106.239998,MKC,1263000,106.18
16,107.839996,107.07,2016-07-05,106.080002,106.638387,MKC,1018800,105.669998
17,107.089996,105.870003,2016-07-01,106.970001,105.443228,MKC,1220800,105.730003
18,107.160004,106.669998,2016-06-30,101.370003,106.239998,MKC,2374400,101.00
19,103.410004,102.709999,2016-06-29,102.720001,102.295963,MKC,1149300,101.75
20,102.230003,102.019997,2016-06-28,102.150002,101.608742,MKC,859200,100.970001
21,101.949997,101.650002,2016-06-27,101.32,101.240238,MKC,973400,100.709999
22,102.480003,101.57,2016-06-24,100.00,101.160559,MKC,1291500,100.00
23,102.400002,102.400002,2016-06-23,101.519997,101.987215,MKC,994700,100.870003
24,101.010002,100.169998,2016-06-22,100.660004,99.766201,MKC,527000,100.099998
25,101.419998,100.830002,2016-06-21,100.550003,100.423544,MKC,457600,100.150002
26,101.32,100.18,2016-06-20,100.50,99.776163,MKC,489100,100.139999
27,100.400002,100.059998,2016-06-17,100.279999,99.656644,MKC,579900,99.07
28,100.900002,100.470001,2016-06-16,99.620003,100.064994,MKC,884600,99.419998
29,100.019997,99.690002,2016-06-15,99.279999,99.28814,MKC,925300,98.860001
30,99.529999,99.379997,2016-06-14,98.839996,98.979384,MKC,511800,98.07
31,100.279999,98.959999,2016-06-13,99.849998,98.561079,MKC,431800,98.870003
32,100.150002,99.809998,2016-06-10,99.610001,99.407651,MKC,417900,99.360001
33,100.220001,100.099998,2016-06-09,98.769997,99.696483,MKC,331100,98.239998
34,98.910004,98.790001,2016-06-08,98.209999,98.391766,MKC,501600,97.790001
35,98.349998,97.870003,2016-06-07,97.760002,97.475477,MKC,552600,97.419998
36,98.440002,97.519997,2016-06-06,98.389999,97.126882,MKC,544000,97.120003
37,98.57,98.480003,2016-06-03,97.080002,98.083018,MKC,682300,97.019997
38,97.489998,97.18,2016-06-02,97.089996,96.788256,MKC,532100,96.650002
39,97.790001,97.260002,2016-06-01,97.110001,96.867935,MKC,579700,96.669998
40,98.00,97.07,2016-05-31,97.989998,96.678699,MKC,695100,96.589996
41,97.970001,97.779999,2016-05-27,97.519997,97.385836,MKC,350900,97.349998
42,97.849998,97.519997,2016-05-26,96.82,97.126882,MKC,477400,96.489998
43,96.949997,96.720001,2016-05-25,96.629997,96.330111,MKC,672100,95.919998
44,96.720001,96.709999,2016-05-24,95.940002,96.320149,MKC,631700,95.580002
45,96.379997,95.720001,2016-05-23,95.620003,95.334142,MKC,516300,95.519997
46,96.769997,95.559998,2016-05-20,96.209999,95.174784,MKC,757400,94.889999
47,96.150002,96.07,2016-05-19,95.00,95.68273,MKC,534200,94.669998
48,96.290001,95.260002,2016-05-18,95.970001,94.875997,MKC,845400,94.239998
49,98.620003,96.370003,2016-05-17,98.290001,95.981524,MKC,875800,95.790001
50,98.879997,98.790001,2016-05-16,98.370003,98.391766,MKC,428400,97.599998
51,99.489998,98.339996,2016-05-13,98.769997,97.943576,MKC,652500,97.849998
52,98.889999,98.849998,2016-05-12,97.519997,98.451522,MKC,521100,97.519997
53,98.349998,97.510002,2016-05-11,97.940002,97.116927,MKC,463900,97.120003
54,97.980003,97.980003,2016-05-10,97.339996,97.585034,MKC,590900,96.519997
55,97.089996,96.989998,2016-05-09,95.629997,96.599019,MKC,754900,95.610001
56,95.650002,95.50,2016-05-06,94.82,95.115028,MKC,402300,94.25
57,95.720001,94.800003,2016-05-05,94.660004,94.417853,MKC,462300,94.639999
58,94.980003,94.720001,2016-05-04,93.50,94.338173,MKC,672700,93.309998
59,94.650002,93.599998,2016-05-03,94.050003,93.222685,MKC,453000,93.279999
60,94.790001,94.32,2016-05-02,94.00,93.939784,MKC,437100,93.790001
61,93.870003,93.779999,2016-04-29,93.089996,93.40196,MKC,793400,92.82
62,93.68,93.370003,2016-04-28,92.589996,92.993617,MKC,642100,92.389999
63,93.709999,93.00,2016-04-27,93.25,92.625106,MKC,719000,92.029999
64,94.080002,93.059998,2016-04-26,93.639999,92.684861,MKC,587900,92.830002
65,93.599998,93.290001,2016-04-25,91.669998,92.913938,MKC,889300,91.650002
66,92.160004,91.760002,2016-04-22,91.449997,91.390106,MKC,1012700,90.839996
67,93.50,91.389999,2016-04-21,93.480003,91.021595,MKC,1413800,91.199997
68,95.989998,93.730003,2016-04-20,95.129997,93.352166,MKC,804900,93.110001
69,95.839996,94.989998,2016-04-19,95.370003,94.607082,MKC,670500,94.779999
70,95.220001,95.080002,2016-04-18,95.050003,94.696723,MKC,1230100,94.330002
71,95.419998,95.059998,2016-04-15,94.910004,94.676799,MKC,1110900,94.470001
72,96.970001,94.830002,2016-04-14,96.75,94.447731,MKC,1629300,94.809998
73,98.769997,96.720001,2016-04-13,98.599998,96.330111,MKC,1292100,96.599998
74,98.959999,98.900002,2016-04-12,98.529999,98.501324,MKC,649900,97.779999
75,100.660004,98.529999,2016-04-11,100.410004,98.132812,MKC,765700,98.459999
76,100.050003,100.029999,2016-04-08,99.709999,99.626766,MKC,630400,99.150002
77,99.910004,99.419998,2016-04-07,99.07,99.019224,MKC,893100,98.620003
78,99.610001,99.610001,2016-04-06,98.830002,98.780191,MKC,899100,97.949997
79,100.660004,99.089996,2016-04-05,100.260002,98.264519,MKC,1417600,98.800003
80,100.910004,100.709999,2016-04-04,100.50,99.871026,MKC,774800,99.529999
81,100.800003,100.529999,2016-04-01,99.260002,99.692525,MKC,1189000,99.019997
82,99.940002,99.480003,2016-03-31,99.699997,98.651277,MKC,1291100,99.120003
83,100.220001,99.75,2016-03-30,99.529999,98.919024,MKC,1119600,98.860001
84,100.529999,99.589996,2016-03-29,98.900002,98.760354,MKC,2246600,97.760002
85,97.809998,97.360001,2016-03-28,96.470001,96.548935,MKC,1190600,96.050003
86,96.459999,96.330002,2016-03-24,95.519997,95.527517,MKC,1030100,95.139999
87,96.099998,95.839996,2016-03-23,94.309998,95.041593,MKC,975500,94.010002
88,94.559998,94.019997,2016-03-22,94.050003,93.236755,MKC,728800,93.089996
89,94.540001,94.139999,2016-03-21,94.169998,93.355758,MKC,732200,93.75
90,96.199997,94.43,2016-03-18,95.739998,93.643343,MKC,1530800,94.400002
91,96.190002,95.739998,2016-03-17,94.839996,94.942428,MKC,829000,94.550003
92,94.919998,94.75,2016-03-16,93.599998,93.960677,MKC,449700,93.129997
93,94.089996,93.769997,2016-03-15,93.809998,92.988838,MKC,772100,93.18
94,94.559998,94.309998,2016-03-14,93.989998,93.52434,MKC,418900,93.160004
95,94.839996,94.230003,2016-03-11,94.370003,93.445012,MKC,599600,93.470001
96,94.410004,93.650002,2016-03-10,94.360001,92.869842,MKC,484400,92.360001
97,94.449997,93.870003,2016-03-09,93.940002,93.088011,MKC,462700,93.459999
98,93.839996,93.599998,2016-03-08,92.910004,92.820256,MKC,586700,92.43
99,93.879997,93.279999,2016-03-07,93.470001,92.502922,MKC,621000,92.879997
100,93.980003,93.93,2016-03-04,93.800003,93.147509,MKC,692500,93.169998
101,93.769997,93.75,2016-03-03,93.199997,92.969008,MKC,516600,92.550003
102,93.599998,93.519997,2016-03-02,93.220001,92.74092,MKC,612500,92.129997
103,94.129997,93.379997,2016-03-01,93.989998,92.602087,MKC,841600,93.129997
104,94.349998,93.260002,2016-02-29,93.379997,92.483092,MKC,723100,93.010002
105,94.43,93.529999,2016-02-26,94.089996,92.750839,MKC,574800,92.959999
106,94.169998,94.099998,2016-02-25,92.940002,93.316091,MKC,521500,92.879997
107,93.010002,92.900002,2016-02-24,92.470001,92.12609,MKC,798200,91.00
108,93.029999,92.870003,2016-02-23,91.459999,92.096341,MKC,1282100,91.459999
109,92.489998,91.529999,2016-02-22,92.239998,90.7675,MKC,840400,91.339996
110,92.099998,92.019997,2016-02-19,90.82,91.253416,MKC,927000,90.139999
111,91.040001,90.93,2016-02-18,90.650002,90.1725,MKC,737400,89.360001
112,91.529999,91.260002,2016-02-17,90.849998,90.499753,MKC,1180900,89.769997
113,90.419998,90.379997,2016-02-16,90.25,89.627079,MKC,771200,89.330002
114,91.309998,89.669998,2016-02-12,91.139999,88.922995,MKC,1194200,89.110001
115,90.839996,90.339996,2016-02-11,89.470001,89.587411,MKC,1059300,88.769997
116,91.25,90.50,2016-02-10,88.790001,89.746082,MKC,1069800,88.529999
117,88.839996,88.239998,2016-02-09,87.169998,87.504907,MKC,1277200,86.769997
118,87.989998,87.870003,2016-02-08,85.540001,87.137994,MKC,977700,85.099998
119,86.669998,85.889999,2016-02-05,85.919998,85.174486,MKC,787900,85.199997
120,87.400002,85.830002,2016-02-04,86.900002,85.114988,MKC,835900,85.279999
121,88.389999,86.980003,2016-02-03,87.620003,86.255409,MKC,831000,85.949997
122,88.68,87.690002,2016-02-02,88.110001,86.959494,MKC,989300,87.32
123,88.739998,88.169998,2016-02-01,87.839996,87.435491,MKC,1041500,87.290001
124,88.809998,87.970001,2016-01-29,86.18,87.23716,MKC,2167500,86.110001
125,86.400002,85.410004,2016-01-28,82.75,84.698488,MKC,1726100,82.449997
126,83.00,82.190002,2016-01-27,82.779999,81.505312,MKC,1079100,81.879997
127,82.910004,82.769997,2016-01-26,81.050003,82.080474,MKC,780300,81.050003
128,81.860001,80.940002,2016-01-25,81.660004,80.265725,MKC,862700,80.559998
129,81.790001,81.690002,2016-01-22,80.449997,81.009477,MKC,1130800,80.160004
130,80.690002,79.779999,2016-01-21,80.300003,79.115385,MKC,1251700,78.550003
131,80.860001,80.300003,2016-01-20,80.330002,79.631057,MKC,1353300,78.449997
132,82.800003,81.279999,2016-01-19,82.50,80.602889,MKC,1666100,80.800003
133,84.139999,83.709999,2016-01-15,83.989998,83.012646,MKC,724100,82.639999
134,85.629997,85.029999,2016-01-14,84.949997,84.321649,MKC,819200,84.279999
135,86.199997,84.879997,2016-01-13,85.739998,84.172897,MKC,811100,84.730003
136,85.699997,85.510002,2016-01-12,84.610001,84.797654,MKC,635200,84.389999
137,84.440002,84.099998,2016-01-11,83.849998,83.399396,MKC,837900,82.959999
138,84.379997,83.629997,2016-01-08,83.970001,82.933311,MKC,1014700,83.459999
139,84.309998,83.690002,2016-01-07,83.800003,82.992816,MKC,791300,83.110001
140,84.699997,84.269997,2016-01-06,83.93,83.567978,MKC,1280600,83.629997
141,85.260002,84.419998,2016-01-05,84.400002,83.71673,MKC,744200,84.00
142,84.919998,84.279999,2016-01-04,84.449997,83.577897,MKC,693200,83.550003
143,86.279999,85.559998,2015-12-31,86.169998,84.847233,MKC,352300,85.449997
144,87.279999,86.599998,2015-12-30,87.260002,85.87857,MKC,346900,86.43
145,87.459999,87.260002,2015-12-29,87.07,86.533075,MKC,357700,86.650002
146,87.209999,87.190002,2015-12-28,86.32,86.037246,MKC,514000,86.220001
147,87.010002,86.699997,2015-12-24,86.709999,85.553719,MKC,229300,86.269997
148,87.00,86.860001,2015-12-23,85.919998,85.711607,MKC,419800,85.790001
149,85.709999,85.529999,2015-12-22,85.089996,84.399189,MKC,473400,84.059998
150,84.709999,84.629997,2015-12-21,84.080002,83.511087,MKC,344500,83.940002
151,84.639999,83.68,2015-12-18,84.419998,82.57365,MKC,945800,83.68
152,86.330002,84.790001,2015-12-17,86.330002,83.668975,MKC,1228000,84.790001
153,86.580002,86.419998,2015-12-16,85.120003,85.277422,MKC,701200,84.940002
154,85.610001,84.739998,2015-12-15,85.080002,83.619633,MKC,706500,84.089996
155,84.650002,84.589996,2015-12-14,84.029999,83.471615,MKC,772200,83.57
156,84.860001,83.849998,2015-12-11,84.540001,82.741401,MKC,724600,83.50
157,86.129997,85.18,2015-12-10,86.059998,84.053818,MKC,652400,85.120003
158,87.370003,86.169998,2015-12-09,86.209999,85.030727,MKC,492300,85.720001
159,86.959999,86.540001,2015-12-08,86.959999,85.395838,MKC,647000,86.290001
160,87.459999,87.400002,2015-12-07,86.440002,86.244468,MKC,715400,86.230003
161,86.510002,86.459999,2015-12-04,84.830002,85.316894,MKC,442700,84.82
162,86.150002,84.540001,2015-12-03,85.470001,83.42228,MKC,645000,83.949997
163,86.889999,85.510002,2015-12-02,86.290001,84.379457,MKC,647400,85.389999
164,87.150002,86.720001,2015-12-01,85.650002,85.573458,MKC,1055700,85.650002
165,86.489998,85.919998,2015-11-30,86.480003,84.784032,MKC,1771300,85.730003
166,86.050003,86.029999,2015-11-27,85.769997,84.892579,MKC,249400,85.220001
167,86.00,85.720001,2015-11-25,85.230003,84.58668,MKC,362900,84.900002
168,85.639999,85.279999,2015-11-24,84.82,84.152494,MKC,684500,84.779999
169,85.540001,85.139999,2015-11-23,84.379997,84.014346,MKC,345800,84.339996
170,85.589996,84.18,2015-11-20,85.099998,83.067039,MKC,423700,84.07
171,85.57,84.720001,2015-11-19,84.93,83.599901,MKC,485800,84.150002
172,84.860001,84.690002,2015-11-18,83.050003,83.570299,MKC,537800,82.720001
173,83.660004,82.709999,2015-11-17,83.379997,81.616473,MKC,505900,82.349998
174,83.330002,83.300003,2015-11-16,81.769997,82.198677,MKC,316500,81.379997
175,82.849998,81.769997,2015-11-13,82.239998,80.688899,MKC,474400,81.610001
176,84.32,82.349998,2015-11-12,83.889999,81.261232,MKC,560500,82.279999
177,84.75,84.230003,2015-11-11,84.099998,83.116381,MKC,343800,83.620003
178,84.040001,83.790001,2015-11-10,83.449997,82.682196,MKC,428200,83.029999
179,84.040001,83.550003,2015-11-09,84.019997,82.445371,MKC,497200,82.93
180,85.580002,84.139999,2015-11-06,85.449997,83.027567,MKC,739600,83.300003
181,86.209999,85.860001,2015-11-05,85.199997,84.724828,MKC,671400,85.050003
182,85.339996,85.050003,2015-11-04,85.059998,83.92554,MKC,531200,84.650002
183,85.010002,84.970001,2015-11-03,84.260002,83.846595,MKC,680300,83.599998
184,84.669998,84.550003,2015-11-02,84.349998,83.43215,MKC,768000,82.889999
185,85.199997,83.980003,2015-10-30,84.510002,82.869687,MKC,895000,83.980003
186,84.769997,84.639999,2015-10-29,84.059998,83.520957,MKC,518200,83.690002
187,84.769997,84.300003,2015-10-28,84.470001,83.185455,MKC,624900,83.400002
188,85.120003,84.370003,2015-10-27,84.739998,83.25453,MKC,487700,84.239998
189,85.43,85.220001,2015-10-26,85.309998,84.09329,MKC,624400,84.919998
190,85.989998,85.169998,2015-10-23,85.800003,84.043948,MKC,367700,84.760002
191,85.860001,85.550003,2015-10-22,83.349998,84.418929,MKC,829000,82.839996
192,83.370003,82.93,2015-10-21,82.529999,81.833566,MKC,748900,82.260002
193,82.940002,82.349998,2015-10-20,82.419998,81.261232,MKC,628200,82.050003
194,82.949997,82.620003,2015-10-19,82.50,81.527667,MKC,656000,82.279999
195,83.089996,82.669998,2015-10-16,82.099998,81.577001,MKC,670700,82.00
196,82.540001,81.809998,2015-10-15,82.339996,80.728371,MKC,716600,81.50
197,82.860001,81.760002,2015-10-14,82.589996,80.679036,MKC,537100,81.610001
198,83.459999,82.559998,2015-10-13,83.139999,81.468455,MKC,589000,82.419998
199,83.75,83.349998,2015-10-12,83.029999,82.248011,MKC,498000,82.860001
200,83.599998,83.019997,2015-10-09,82.800003,81.922372,MKC,657900,82.800003
201,83.269997,82.75,2015-10-08,81.400002,81.655945,MKC,707300,81.32
202,82.300003,81.82,2015-10-07,81.660004,80.343528,MKC,797500,81.32
203,81.790001,81.440002,2015-10-06,81.669998,79.970388,MKC,1055000,80.75
204,81.830002,81.669998,2015-10-05,79.959999,80.196233,MKC,1256000,79.959999
205,79.620003,79.620003,2015-10-02,77.720001,78.183231,MKC,1252800,77.720001
206,80.93,78.68,2015-10-01,79.980003,77.260191,MKC,2435300,77.650002
207,82.349998,82.18,2015-09-30,81.830002,80.697032,MKC,1295100,79.629997
208,81.940002,81.190002,2015-09-29,81.739998,79.724899,MKC,1075500,80.410004
209,83.610001,81.50,2015-09-28,83.220001,80.029303,MKC,764200,81.459999
210,84.440002,83.43,2015-09-25,83.470001,81.924475,MKC,699500,83.059998
211,83.25,83.150002,2015-09-24,82.260002,81.649529,MKC,656800,81.760002
212,82.709999,82.550003,2015-09-23,82.50,81.060358,MKC,665700,82.129997
213,82.980003,82.470001,2015-09-22,82.300003,80.9818,MKC,841800,81.739998
214,83.50,83.18,2015-09-21,82.739998,81.678987,MKC,870800,82.309998
215,83.330002,82.639999,2015-09-18,82.449997,81.14873,MKC,3035800,82.110001
216,84.169998,83.209999,2015-09-17,83.050003,81.708444,MKC,874800,82.830002
217,83.309998,83.199997,2015-09-16,82.040001,81.698623,MKC,1002300,81.519997
218,81.980003,81.82,2015-09-15,81.190002,80.343528,MKC,597400,80.43
219,81.449997,81.099998,2015-09-14,80.900002,79.636519,MKC,817700,80.339996
220,80.889999,80.849998,2015-09-11,79.940002,79.391031,MKC,598700,79.529999
221,80.779999,80.059998,2015-09-10,79.919998,78.615286,MKC,549900,79.720001
222,81.75,79.879997,2015-09-09,81.370003,78.438533,MKC,943400,79.669998
223,80.900002,80.889999,2015-09-08,79.800003,79.43031,MKC,872300,79.120003
224,79.349998,78.769997,2015-09-04,79.220001,77.348563,MKC,663400,78.220001
225,80.690002,80.080002,2015-09-03,79.419998,78.634929,MKC,768900,79.199997
226,79.18,79.18,2015-09-02,78.32,77.751168,MKC,745900,78.040001
227,78.980003,77.610001,2015-09-01,78.529999,76.2095,MKC,992500,77.279999
228,79.650002,79.279999,2015-08-31,79.330002,77.849362,MKC,1041600,78.839996
229,79.940002,79.919998,2015-08-28,79.07,78.477813,MKC,1145800,78.800003
230,79.139999,79.07,2015-08-27,78.559998,77.643153,MKC,761600,77.919998
231,78.269997,78.099998,2015-08-26,77.139999,76.690655,MKC,903500,76.110001
232,78.739998,76.019997,2015-08-25,78.620003,74.648188,MKC,950100,76.019997
233,77.690002,77.32,2015-08-24,76.800003,75.924732,MKC,1325800,75.68
234,81.739998,79.940002,2015-08-21,81.629997,78.497456,MKC,835000,79.910004
235,83.370003,81.989998,2015-08-20,83.160004,80.510458,MKC,655900,81.93
236,84.480003,83.510002,2015-08-19,84.480003,82.003034,MKC,776200,83.339996
237,85.300003,84.75,2015-08-18,84.989998,83.220655,MKC,509700,84.589996
238,85.230003,85.00,2015-08-17,84.970001,83.466144,MKC,542600,84.529999
239,85.230003,85.199997,2015-08-14,84.559998,83.662532,MKC,406600,84.360001
240,84.989998,84.510002,2015-08-13,84.669998,82.984988,MKC,519000,84.360001
241,84.730003,84.669998,2015-08-12,84.129997,83.142097,MKC,944100,83.019997
242,84.779999,84.610001,2015-08-11,84.099998,83.083182,MKC,947100,83.82
243,84.959999,84.669998,2015-08-10,84.00,83.142097,MKC,825500,83.830002
244,83.610001,83.580002,2015-08-07,83.089996,82.07177,MKC,571600,83.010002
245,83.690002,83.43,2015-08-06,83.690002,81.924475,MKC,469200,82.980003
246,83.620003,83.540001,2015-08-05,82.93,82.032491,MKC,506900,82.779999
247,82.93,82.610001,2015-08-04,81.879997,81.119273,MKC,622800,81.760002
248,82.309998,82.040001,2015-08-03,81.809998,80.559559,MKC,847600,81.809998
249,82.279999,82.010002,2015-07-31,82.269997,80.530102,MKC,1115100,81.739998
250,82.059998,82.010002,2015-07-30,81.080002,80.530102,MKC,620500,80.839996
251,81.470001,81.400002,2015-07-29,81.059998,79.931109,MKC,607900,80.959999
252,81.169998,81.129997,2015-07-28,80.07,79.665977,MKC,789600,79.739998
253,80.019997,79.82,2015-07-27,79.690002,78.379619,MKC,796300,79.470001
254,80.300003,79.889999,2015-07-24,79.910004,78.448355,MKC,602300,79.519997
255,80.669998,80.099998,2015-07-23,80.459999,78.654565,MKC,452000,80.00
256,80.68,80.459999,2015-07-22,80.150002,79.008069,MKC,602000,80.00
257,80.459999,80.18,2015-07-21,80.120003,78.733123,MKC,781300,79.919998
258,80.239998,80.010002,2015-07-20,80.010002,78.566192,MKC,403400,79.699997
259,80.589996,80.010002,2015-07-17,80.279999,78.566192,MKC,447700,79.669998
260,80.779999,80.599998,2015-07-16,80.510002,79.145542,MKC,464000,80.230003
261,80.769997,80.029999,2015-07-15,80.769997,78.585828,MKC,354300,79.959999
262,80.989998,80.720001,2015-07-14,80.620003,79.263379,MKC,399700,80.519997
263,80.639999,80.599998,2015-07-13,80.550003,79.145542,MKC,377100,80.279999
264,80.449997,80.00,2015-07-10,79.440002,78.556371,MKC,680200,79.440002
265,80.230003,79.389999,2015-07-09,80.080002,77.957378,MKC,987300,79.330002
266,80.540001,79.629997,2015-07-08,80.18,77.800263,MKC,951800,79.510002
267,80.610001,80.580002,2015-07-07,79.379997,78.728439,MKC,770200,78.760002
268,80.110001,79.389999,2015-07-06,79.720001,77.56578,MKC,986400,78.989998
269,80.410004,79.959999,2015-07-02,79.580002,78.122682,MKC,1245000,79.220001
270,79.660004,79.57,2015-07-01,78.230003,77.741644,MKC,2135900,77.860001
271,81.360001,80.949997,2015-06-30,80.50,79.089932,MKC,1182200,80.400002
272,81.459999,80.160004,2015-06-29,81.459999,78.318091,MKC,685300,80.129997
273,81.910004,81.459999,2015-06-26,81.790001,79.588215,MKC,667100,81.239998
274,82.389999,81.550003,2015-06-25,82.389999,79.676151,MKC,581900,81.339996
275,82.260002,81.419998,2015-06-24,81.129997,79.549134,MKC,1380000,81.129997
276,80.440002,80.260002,2015-06-23,80.260002,78.415792,MKC,697200,80.010002
277,80.639999,80.209999,2015-06-22,79.489998,78.366938,MKC,454100,79.43
278,79.57,79.239998,2015-06-19,79.00,77.419225,MKC,492400,78.980003
279,79.529999,79.110001,2015-06-18,78.510002,77.292215,MKC,484100,78.260002
280,78.57,78.269997,2015-06-17,78.279999,76.471513,MKC,308500,77.870003
281,78.230003,78.199997,2015-06-16,77.00,76.403121,MKC,389700,76.919998
282,77.300003,76.82,2015-06-15,76.57,75.054834,MKC,538900,76.230003
283,77.209999,76.970001,2015-06-12,76.900002,75.201389,MKC,252700,76.68
284,77.389999,77.139999,2015-06-11,77.199997,75.36748,MKC,313600,77.010002
285,77.25,77.110001,2015-06-10,76.660004,75.338171,MKC,296300,76.660004
286,77.019997,76.529999,2015-06-09,76.809998,74.771496,MKC,324200,76.519997
287,76.959999,76.699997,2015-06-08,76.599998,74.937588,MKC,407700,76.160004
288,77.459999,76.720001,2015-06-05,77.139999,74.957133,MKC,764700,76.160004
289,78.040001,77.209999,2015-06-04,77.989998,75.435872,MKC,453500,77.129997
290,78.339996,78.00,2015-06-03,78.220001,76.20772,MKC,448400,77.519997
291,78.220001,78.010002,2015-06-02,78.150002,76.217492,MKC,377900,77.510002
292,78.900002,78.309998,2015-06-01,78.690002,76.510594,MKC,324300,78.010002
293,78.900002,78.50,2015-05-29,78.900002,76.696231,MKC,446200,78.449997
294,79.010002,78.870003,2015-05-28,78.900002,77.057732,MKC,303500,78.379997
295,78.970001,78.830002,2015-05-27,78.400002,77.01865,MKC,543500,78.190002
296,78.970001,78.360001,2015-05-26,78.790001,76.559449,MKC,320800,78.010002
297,79.290001,78.779999,2015-05-22,79.160004,76.969796,MKC,317800,78.739998
298,79.470001,79.379997,2015-05-21,79.300003,77.556008,MKC,432700,78.980003
299,79.599998,79.209999,2015-05-20,79.599998,77.389916,MKC,365500,79.089996
300,79.760002,79.610001,2015-05-19,78.959999,77.780726,MKC,475500,78.790001
301,79.230003,79.00,2015-05-18,79.120003,77.184742,MKC,337700,78.68
302,79.349998,79.330002,2015-05-15,78.989998,77.507161,MKC,456100,78.900002
303,78.989998,78.949997,2015-05-14,77.669998,77.135888,MKC,615800,77.639999
304,77.949997,77.199997,2015-05-13,77.529999,75.426099,MKC,445100,77.089996
305,77.580002,77.470001,2015-05-12,76.550003,75.6899,MKC,688800,76.330002
306,77.379997,76.910004,2015-05-11,76.860001,75.14277,MKC,481000,76.769997
307,77.589996,77.080002,2015-05-08,77.139999,75.308862,MKC,426200,76.769997
308,76.779999,76.589996,2015-05-07,75.699997,74.830115,MKC,549500,75.449997
309,76.279999,75.779999,2015-05-06,76.059998,74.03873,MKC,435800,75.190002
310,76.730003,75.82,2015-05-05,76.309998,74.077812,MKC,459800,75.580002
311,76.760002,76.529999,2015-05-04,75.989998,74.771496,MKC,367300,75.910004
312,76.379997,76.160004,2015-05-01,75.599998,74.410003,MKC,398600,75.529999
313,76.040001,75.300003,2015-04-30,75.50,73.569763,MKC,881300,75.110001
314,76.209999,75.459999,2015-04-29,75.959999,73.726083,MKC,480000,75.400002
315,76.059998,75.970001,2015-04-28,75.639999,74.224366,MKC,425100,75.300003
316,76.010002,75.730003,2015-04-27,75.949997,73.989883,MKC,533700,75.330002
317,76.410004,75.839996,2015-04-24,76.379997,74.097349,MKC,373700,75.760002
318,76.959999,76.220001,2015-04-23,76.550003,74.468622,MKC,507900,76.209999
319,76.959999,76.889999,2015-04-22,76.470001,75.123225,MKC,592100,76.089996
320,76.970001,76.209999,2015-04-21,76.68,74.45885,MKC,463600,76.150002
321,77.449997,76.669998,2015-04-20,76.639999,74.908279,MKC,553500,76.57
322,77.300003,76.470001,2015-04-17,77.00,74.712877,MKC,567700,76.019997
323,77.699997,77.480003,2015-04-16,77.519997,75.699672,MKC,687600,77.160004
324,78.690002,77.559998,2015-04-15,78.010002,75.777828,MKC,596000,77.459999
325,78.099998,77.790001,2015-04-14,77.50,76.002546,MKC,635400,77.080002
326,78.190002,77.540001,2015-04-13,77.809998,75.758291,MKC,539000,77.470001
327,78.330002,77.75,2015-04-10,77.93,75.963465,MKC,427500,77.599998
328,78.139999,77.879997,2015-04-09,77.839996,76.090475,MKC,623000,77.330002
329,78.169998,77.900002,2015-04-08,77.879997,76.110019,MKC,477300,77.449997
330,78.699997,77.879997,2015-04-07,78.220001,76.090475,MKC,526800,77.849998
331,78.449997,78.269997,2015-04-06,76.760002,76.471513,MKC,1528300,76.760002
332,77.330002,76.860001,2015-04-02,76.349998,75.093915,MKC,855300,76.349998
333,76.709999,76.279999,2015-04-01,76.660004,74.527241,MKC,965900,75.709999
334,78.239998,77.110001,2015-03-31,77.830002,74.947359,MKC,998600,77.110001
335,78.110001,78.019997,2015-03-30,77.459999,75.831833,MKC,918600,77.029999
336,77.389999,77.330002,2015-03-27,76.989998,75.16119,MKC,846300,76.669998
337,77.220001,76.849998,2015-03-26,76.169998,74.694649,MKC,1186800,75.919998
338,77.480003,75.989998,2015-03-25,75.860001,73.858768,MKC,1841200,75.550003
339,77.790001,75.120003,2015-03-24,75.529999,73.013173,MKC,2779600,75.00
340,73.629997,73.199997,2015-03-23,72.970001,71.147016,MKC,1096900,72.879997
341,73.120003,72.879997,2015-03-20,72.519997,70.835991,MKC,1062800,72.489998
342,72.660004,72.400002,2015-03-19,72.43,70.369457,MKC,480200,71.870003
343,72.910004,72.489998,2015-03-18,71.970001,70.45693,MKC,1053000,71.010002
344,72.459999,72.019997,2015-03-17,72.230003,70.00011,MKC,667000,71.410004
345,72.690002,72.620003,2015-03-16,72.120003,70.583288,MKC,599000,71.980003
346,73.120003,71.980003,2015-03-13,72.959999,69.961238,MKC,623800,71.730003
347,72.980003,72.940002,2015-03-12,71.459999,70.894313,MKC,926500,71.349998
348,72.519997,72.18,2015-03-11,72.510002,70.155626,MKC,473900,71.769997
349,73.830002,72.519997,2015-03-10,73.50,70.486087,MKC,482200,72.50
350,73.989998,73.830002,2015-03-09,73.489998,71.759352,MKC,273800,73.32
351,74.389999,73.449997,2015-03-06,74.260002,71.390004,MKC,451600,73.199997
352,75.150002,74.730003,2015-03-05,75.150002,72.634111,MKC,426600,74.120003
353,75.18,74.839996,2015-03-04,74.980003,72.74102,MKC,392900,74.209999
354,75.43,75.25,2015-03-03,75.129997,73.139524,MKC,291500,74.739998
355,75.599998,75.400002,2015-03-02,75.379997,73.285319,MKC,515200,74.889999
356,75.68,75.379997,2015-02-27,75.470001,73.265875,MKC,346300,75.220001
357,75.660004,75.379997,2015-02-26,75.470001,73.265875,MKC,316200,75.029999
358,75.800003,75.459999,2015-02-25,75.279999,73.343634,MKC,343100,75.080002
359,75.589996,75.410004,2015-02-24,75.239998,73.29504,MKC,479500,74.660004
360,75.989998,75.379997,2015-02-23,75.830002,73.265875,MKC,313300,75.120003
361,75.889999,75.839996,2015-02-20,75.220001,73.712973,MKC,529000,74.660004
362,75.739998,75.290001,2015-02-19,75.629997,73.178403,MKC,372100,75.089996
363,75.970001,75.769997,2015-02-18,74.279999,73.644937,MKC,573300,74.099998
364,74.93,74.57,2015-02-17,74.620003,72.478595,MKC,572300,73.970001
365,74.760002,74.639999,2015-02-13,73.959999,72.546632,MKC,456100,73.730003
366,74.339996,74.309998,2015-02-12,73.720001,72.225885,MKC,460500,73.599998
367,74.669998,73.970001,2015-02-11,74.349998,71.895424,MKC,418500,73.400002
368,74.669998,74.309998,2015-02-10,73.910004,72.225885,MKC,291400,73.690002
369,74.309998,73.769997,2015-02-09,74.129997,71.701029,MKC,512100,73.459999
370,74.760002,74.339996,2015-02-06,73.900002,72.255043,MKC,808900,73.540001
371,74.010002,73.919998,2015-02-05,73.800003,71.846824,MKC,467100,73.419998
372,74.160004,73.690002,2015-02-04,73.32,71.623279,MKC,686800,73.169998
373,73.43,73.419998,2015-02-03,72.980003,71.360847,MKC,554700,72.760002
374,72.669998,72.620003,2015-02-02,71.43,70.583288,MKC,868200,70.699997
375,72.209999,71.389999,2015-01-30,72.029999,69.387782,MKC,1104000,71.18
376,72.660004,72.599998,2015-01-29,71.860001,70.563845,MKC,1071000,70.709999
377,74.339996,71.860001,2015-01-28,70.839996,69.844601,MKC,1752400,70.730003
378,73.860001,72.919998,2015-01-27,73.599998,70.87487,MKC,1477300,72.800003
379,74.650002,74.32,2015-01-26,74.059998,72.235607,MKC,648100,73.699997
380,75.029999,74.18,2015-01-23,74.989998,72.099534,MKC,703400,74.080002
381,75.529999,75.18,2015-01-22,75.410004,73.071488,MKC,796500,74.540001
382,75.620003,74.980003,2015-01-21,75.379997,72.8771,MKC,933700,74.589996
383,75.690002,75.669998,2015-01-20,74.559998,73.547743,MKC,775700,74.290001
384,74.580002,74.360001,2015-01-16,74.010002,72.274486,MKC,746800,73.620003
385,74.599998,73.919998,2015-01-15,74.25,71.846824,MKC,724400,73.730003
386,73.93,73.860001,2015-01-14,73.639999,71.788509,MKC,695900,73.040001
387,74.529999,73.849998,2015-01-13,74.059998,71.778787,MKC,704200,73.129997
388,74.849998,73.660004,2015-01-12,73.959999,71.594121,MKC,421700,73.459999
389,75.720001,74.629997,2015-01-09,75.57,72.53691,MKC,378700,74.589996
390,75.639999,75.519997,2015-01-08,74.580002,73.401948,MKC,397800,74.480003
391,74.620003,74.300003,2015-01-07,72.779999,72.216171,MKC,1096100,72.540001
392,73.209999,72.370003,2015-01-06,72.970001,70.3403,MKC,1126300,72.050003
393,73.93,72.699997,2015-01-05,73.699997,70.661039,MKC,672600,72.599998
394,74.980003,73.949997,2015-01-02,74.519997,71.875981,MKC,463200,73.300003
395,76.019997,74.300003,2014-12-31,75.900002,72.216171,MKC,539900,74.269997
396,76.379997,75.849998,2014-12-30,75.870003,73.722695,MKC,381700,75.610001
397,76.199997,75.93,2014-12-29,76.050003,73.800453,MKC,291100,75.599998
398,77.010002,76.559998,2014-12-26,76.620003,74.024004,MKC,244700,76.440002
399,76.82,76.629997,2014-12-24,76.790001,74.091685,MKC,170800,76.389999
400,77.080002,76.779999,2014-12-23,76.900002,74.236718,MKC,323800,76.519997
401,76.690002,76.57,2014-12-22,76.25,74.033674,MKC,639700,75.839996
402,76.559998,76.290001,2014-12-19,74.68,73.76295,MKC,2337800,74.199997
403,74.279999,74.279999,2014-12-18,73.50,71.819528,MKC,669100,73.349998
404,73.019997,72.980003,2014-12-17,72.07,70.562594,MKC,503100,71.769997
405,73.349998,71.879997,2014-12-16,71.839996,69.499025,MKC,661700,71.510002
406,73.050003,71.849998,2014-12-15,72.50,69.47002,MKC,564100,71.550003
407,73.459999,72.480003,2014-12-12,72.779999,70.079156,MKC,499900,72.419998
408,73.68,73.279999,2014-12-11,72.629997,70.852652,MKC,524600,72.629997
409,73.519997,72.489998,2014-12-10,73.269997,70.08882,MKC,458700,72.379997
410,73.419998,73.239998,2014-12-09,72.860001,70.813977,MKC,494600,72.540001
411,73.779999,73.260002,2014-12-08,73.470001,70.833318,MKC,435500,72.879997
412,73.529999,73.330002,2014-12-05,73.089996,70.900999,MKC,383200,72.82
413,73.669998,73.040001,2014-12-04,73.400002,70.620604,MKC,376100,72.769997
414,73.800003,73.330002,2014-12-03,73.800003,70.900999,MKC,482300,72.989998
415,74.199997,73.889999,2014-12-02,73.910004,71.442447,MKC,426300,73.690002
416,74.349998,73.910004,2014-12-01,74.129997,71.461789,MKC,562700,73.68
417,74.75,74.330002,2014-11-28,73.230003,71.867875,MKC,431700,73.150002
418,73.150002,72.830002,2014-11-26,73.110001,70.417561,MKC,861300,72.730003
419,73.129997,72.860001,2014-11-25,72.550003,70.446566,MKC,916900,72.300003
420,72.860001,72.599998,2014-11-24,72.650002,70.195177,MKC,404700,72.449997
421,72.889999,72.50,2014-11-21,72.769997,70.098491,MKC,855500,72.160004
422,72.779999,72.349998,2014-11-20,72.510002,69.953458,MKC,527000,72.309998
423,72.839996,72.800003,2014-11-19,72.510002,70.388556,MKC,735300,72.279999
424,72.760002,72.50,2014-11-18,72.599998,70.098491,MKC,894000,72.339996
425,72.919998,72.510002,2014-11-17,72.540001,70.108161,MKC,920500,72.209999
426,73.489998,72.540001,2014-11-14,73.279999,70.137166,MKC,535300,72.449997
427,73.660004,73.260002,2014-11-13,73.300003,70.833318,MKC,394100,73.110001
428,73.32,73.230003,2014-11-12,72.779999,70.804313,MKC,403200,72.489998
429,73.480003,73.220001,2014-11-11,73.010002,70.794642,MKC,431300,72.949997
430,73.059998,73.029999,2014-11-10,72.720001,70.610934,MKC,351300,72.419998
431,72.849998,72.760002,2014-11-07,72.639999,70.34988,MKC,567900,72.269997
432,72.989998,72.870003,2014-11-06,72.599998,70.456237,MKC,755300,72.419998
433,72.75,72.599998,2014-11-05,72.190002,70.195177,MKC,706400,72.059998
434,72.089996,71.610001,2014-11-04,70.470001,69.237972,MKC,808800,70.470001
435,71.32,71.129997,2014-11-03,70.650002,68.773868,MKC,523600,70.559998
436,70.760002,70.720001,2014-10-31,70.50,68.377453,MKC,593900,70.099998
437,70.150002,69.860001,2014-10-30,68.970001,67.545939,MKC,449400,68.940002
438,69.889999,69.32,2014-10-29,69.739998,67.023825,MKC,609600,68.620003
439,69.769997,69.769997,2014-10-28,69.389999,67.458917,MKC,345100,69.220001
440,69.559998,69.160004,2014-10-27,68.790001,66.869129,MKC,450500,68.790001
441,69.050003,69.019997,2014-10-24,68.330002,66.73376,MKC,587500,67.980003
442,68.769997,68.230003,2014-10-23,68.57,65.969934,MKC,351200,68.139999
443,68.839996,68.279999,2014-10-22,68.25,66.018274,MKC,491900,68.089996
444,68.239998,68.099998,2014-10-21,68.010002,65.844236,MKC,862000,67.599998
445,67.970001,67.940002,2014-10-20,67.00,65.68954,MKC,501700,66.980003
446,67.330002,67.099998,2014-10-17,66.459999,64.87736,MKC,1118600,66.209999
447,66.410004,66.160004,2014-10-16,65.629997,63.968502,MKC,602500,65.440002
448,67.330002,66.449997,2014-10-15,67.040001,64.248889,MKC,1068800,65.860001
449,68.160004,67.480003,2014-10-14,67.550003,65.244778,MKC,541800,67.220001
450,68.019997,67.150002,2014-10-13,67.510002,64.925707,MKC,746500,67.139999
451,68.330002,67.620003,2014-10-10,67.860001,65.38014,MKC,659900,67.620003
452,68.779999,67.720001,2014-10-09,68.260002,65.476826,MKC,880600,67.639999
453,68.279999,68.269997,2014-10-08,67.050003,66.008603,MKC,684000,66.849998
454,68.489998,67.360001,2014-10-07,68.07,64.771004,MKC,895800,67.349998
455,68.809998,68.18,2014-10-06,68.809998,65.559487,MKC,664100,67.870003
456,68.610001,68.519997,2014-10-03,67.980003,65.886415,MKC,914500,67.540001
457,69.849998,67.50,2014-10-02,68.00,64.905623,MKC,3522000,65.779999
458,67.239998,65.610001,2014-10-01,67.239998,63.088266,MKC,1520400,65.160004
459,67.25,66.900002,2014-09-30,66.599998,64.328685,MKC,1070700,66.57
460,66.860001,66.779999,2014-09-29,66.07,64.213295,MKC,781400,66.040001
461,66.50,66.389999,2014-09-26,66.169998,63.838285,MKC,418000,65.800003
462,67.050003,66.120003,2014-09-25,66.940002,63.578666,MKC,591700,65.910004
463,67.150002,67.040001,2014-09-24,66.550003,64.463304,MKC,762900,66.550003
464,67.290001,66.510002,2014-09-23,67.160004,63.953676,MKC,964200,66.470001
465,68.139999,67.190002,2014-09-22,68.059998,64.60754,MKC,635700,67.080002
466,68.910004,68.25,2014-09-19,68.730003,65.626796,MKC,666400,68.239998
467,68.519997,68.489998,2014-09-18,68.290001,65.85757,MKC,412200,67.760002
468,68.620003,67.980003,2014-09-17,68.510002,65.367177,MKC,535300,67.650002
469,68.970001,68.709999,2014-09-16,68.370003,66.069115,MKC,453500,68.370003
470,68.589996,68.379997,2014-09-15,68.480003,65.751797,MKC,308600,68.139999
471,68.82,68.25,2014-09-12,68.760002,65.626796,MKC,262200,68.019997
472,68.940002,68.93,2014-09-11,68.709999,66.280661,MKC,231900,68.529999
473,69.040001,68.959999,2014-09-10,68.57,66.309506,MKC,277800,68.300003
474,69.25,68.660004,2014-09-09,69.25,66.021041,MKC,390500,68.510002
475,69.57,69.129997,2014-09-08,69.290001,66.472971,MKC,307100,69.00
476,69.540001,69.540001,2014-09-05,69.089996,66.867216,MKC,230900,68.769997
477,69.730003,69.150002,2014-09-04,69.440002,66.492206,MKC,284600,68.980003
478,69.940002,69.449997,2014-09-03,69.830002,66.780671,MKC,291100,69.389999
479,69.849998,69.529999,2014-09-02,69.720001,66.857598,MKC,700700,69.419998
480,69.900002,69.690002,2014-08-29,69.690002,67.011452,MKC,377400,69.300003
481,69.559998,69.480003,2014-08-28,69.43,66.809524,MKC,425500,69.199997
482,69.860001,69.580002,2014-08-27,69.660004,66.905679,MKC,545100,69.440002
483,69.970001,69.739998,2014-08-26,69.529999,67.059526,MKC,262600,69.470001
484,69.629997,69.440002,2014-08-25,69.440002,66.771061,MKC,356000,69.169998
485,70.099998,69.07,2014-08-22,69.82,66.415279,MKC,434200,69.040001
486,70.25,69.809998,2014-08-21,69.449997,67.126835,MKC,370800,69.440002
487,69.529999,69.370003,2014-08-20,69.18,66.703751,MKC,285700,69.07
488,69.540001,69.370003,2014-08-19,69.059998,66.703751,MKC,281700,68.839996
489,69.290001,69.07,2014-08-18,68.830002,66.415279,MKC,389600,68.660004
490,69.360001,68.57,2014-08-15,68.949997,65.934497,MKC,369100,68.220001
491,68.790001,68.75,2014-08-14,68.459999,66.107579,MKC,231900,68.32
492,68.540001,68.309998,2014-08-13,68.540001,65.684488,MKC,491000,68.089996
493,68.690002,68.379997,2014-08-12,68.32,65.751797,MKC,413400,68.230003
494,68.629997,68.370003,2014-08-11,67.870003,65.742187,MKC,515400,67.870003
495,67.860001,67.839996,2014-08-08,67.050003,65.232551,MKC,362900,66.949997
496,67.690002,67.010002,2014-08-07,67.510002,64.434458,MKC,450400,66.93
497,67.529999,67.410004,2014-08-06,66.330002,64.819085,MKC,792500,66.330002
498,66.900002,66.389999,2014-08-05,66.440002,63.838285,MKC,673500,66.300003
499,66.779999,66.690002,2014-08-04,66.440002,64.126757,MKC,455300,66.169998
500,66.550003,66.370003,2014-08-01,64.919998,63.819057,MKC,925400,64.919998
501,67.169998,65.779999,2014-07-31,67.050003,63.25173,MKC,830900,65.720001
502,68.370003,67.379997,2014-07-30,68.139999,64.790232,MKC,846800,67.129997
503,69.169998,68.099998,2014-07-29,68.879997,65.48256,MKC,499000,68.089996
504,69.269997,68.75,2014-07-28,69.150002,66.107579,MKC,487700,68.599998
505,69.489998,69.220001,2014-07-25,69.18,66.559515,MKC,255000,69.029999
506,69.669998,69.370003,2014-07-24,69.610001,66.703751,MKC,402500,69.25
507,70.160004,69.400002,2014-07-23,70.00,66.732597,MKC,851700,69.389999
508,70.330002,70.029999,2014-07-22,70.25,67.33838,MKC,792600,69.779999
509,70.400002,70.269997,2014-07-21,70.080002,67.569154,MKC,855300,69.800003
510,70.330002,70.300003,2014-07-18,69.489998,67.598007,MKC,812600,69.360001
511,69.870003,69.349998,2014-07-17,69.849998,66.684516,MKC,422500,69.25
512,70.260002,69.959999,2014-07-16,70.029999,67.271071,MKC,608200,69.610001
513,70.459999,69.910004,2014-07-15,70.300003,67.222997,MKC,383400,69.849998
514,70.839996,70.410004,2014-07-14,70.699997,67.70378,MKC,299900,70.110001
515,70.699997,70.550003,2014-07-11,70.260002,67.838398,MKC,427500,70.160004
516,70.510002,70.43,2014-07-10,70.080002,67.723008,MKC,339400,70.080002
517,71.160004,70.540001,2014-07-09,70.910004,67.82878,MKC,394800,70.410004
518,71.400002,70.879997,2014-07-08,71.019997,68.155709,MKC,459700,70.800003
519,71.489998,71.150002,2014-07-07,71.099998,68.415336,MKC,374800,71.080002
520,71.230003,71.029999,2014-07-03,70.959999,68.299945,MKC,430000,70.699997
521,71.279999,70.919998,2014-07-02,71.279999,68.194172,MKC,537800,70.540001
522,72.080002,71.650002,2014-07-01,71.43,68.540341,MKC,534800,71.260002
523,71.790001,71.589996,2014-06-30,71.50,68.48294,MKC,607500,70.980003
524,71.660004,71.57,2014-06-27,70.269997,68.463811,MKC,877700,70.209999
525,70.529999,70.269997,2014-06-26,70.349998,67.220229,MKC,980600,68.410004
526,71.510002,71.18,2014-06-25,71.099998,68.090738,MKC,563800,70.980003
527,71.419998,71.300003,2014-06-24,71.190002,68.205533,MKC,502100,70.849998
528,72.599998,71.290001,2014-06-23,72.510002,68.195965,MKC,647600,71.07
529,72.699997,72.50,2014-06-20,72.470001,69.353449,MKC,609800,72.349998
530,72.989998,72.489998,2014-06-19,72.730003,69.343881,MKC,427100,72.110001
531,72.660004,72.610001,2014-06-18,71.459999,69.458675,MKC,435900,71.370003
532,71.839996,71.629997,2014-06-17,71.760002,68.521205,MKC,469500,71.290001
533,71.739998,71.449997,2014-06-16,71.559998,68.349017,MKC,565100,71.32
534,72.010002,71.709999,2014-06-13,71.800003,68.597735,MKC,347700,71.349998
535,72.129997,71.839996,2014-06-12,72.129997,68.72209,MKC,236100,71.620003
536,72.790001,72.199997,2014-06-11,72.480003,69.066466,MKC,391500,71.830002
537,72.889999,72.559998,2014-06-10,72.809998,69.410843,MKC,447800,72.239998
538,73.330002,73.07,2014-06-09,73.080002,69.89871,MKC,283500,72.870003
539,73.230003,73.010002,2014-06-06,72.82,69.841317,MKC,262200,72.580002
540,72.949997,72.919998,2014-06-05,72.949997,69.755219,MKC,411300,72.50
541,73.139999,73.089996,2014-06-04,72.470001,69.917839,MKC,525800,72.230003
542,72.480003,72.410004,2014-06-03,71.720001,69.267358,MKC,495000,71.720001
543,72.400002,71.93,2014-06-02,72.029999,68.808188,MKC,307300,71.779999
544,72.43,72.309998,2014-05-30,72.129997,69.171693,MKC,413400,71.980003
545,72.18,72.110001,2014-05-29,71.300003,68.980376,MKC,278700,71.260002
546,71.839996,71.279999,2014-05-28,71.800003,68.186397,MKC,343600,71.269997
547,71.860001,71.730003,2014-05-27,71.07,68.616871,MKC,429200,70.879997
548,70.870003,70.730003,2014-05-23,70.779999,67.660271,MKC,238500,70.599998
549,70.809998,70.709999,2014-05-22,70.629997,67.641135,MKC,304400,70.309998
550,70.75,70.699997,2014-05-21,70.389999,67.631567,MKC,477000,70.00
551,70.769997,70.239998,2014-05-20,70.620003,67.191532,MKC,464500,70.050003
552,70.93,70.75,2014-05-19,70.639999,67.6794,MKC,415600,70.449997
553,71.019997,70.769997,2014-05-16,70.449997,67.698529,MKC,663800,70.43
554,70.900002,70.480003,2014-05-15,70.68,67.421122,MKC,359800,70.269997
555,71.459999,70.760002,2014-05-14,71.330002,67.688968,MKC,390600,70.68
556,71.580002,71.330002,2014-05-13,71.419998,68.234229,MKC,345300,71.18
557,71.629997,71.400002,2014-05-12,71.50,68.301191,MKC,458900,71.220001
558,71.220001,71.150002,2014-05-09,70.910004,68.062041,MKC,455500,70.769997
559,71.860001,71.00,2014-05-08,71.809998,67.91855,MKC,514200,70.760002
560,71.910004,71.860001,2014-05-07,70.800003,68.741226,MKC,371300,70.529999
561,71.339996,70.620003,2014-05-06,71.150002,67.555045,MKC,323500,70.599998
562,71.580002,71.32,2014-05-05,71.260002,68.224661,MKC,317300,70.93
563,71.989998,71.599998,2014-05-02,71.080002,68.492508,MKC,449800,70.949997
564,71.370003,71.220001,2014-05-01,71.339996,68.129003,MKC,355200,70.529999
565,71.540001,71.199997,2014-04-30,71.290001,68.109867,MKC,872400,70.779999
566,72.279999,71.43,2014-04-29,72.25,68.329888,MKC,388500,71.43
567,72.169998,71.940002,2014-04-28,71.440002,68.817756,MKC,418200,71.410004
568,71.43,71.150002,2014-04-25,71.279999,68.062041,MKC,352800,70.910004
569,71.830002,71.290001,2014-04-24,71.540001,68.195965,MKC,324300,71.139999
570,71.879997,71.580002,2014-04-23,71.620003,68.473379,MKC,480600,71.480003
571,71.709999,71.660004,2014-04-22,70.980003,68.549909,MKC,694600,70.709999
572,71.120003,70.919998,2014-04-21,70.559998,67.84202,MKC,405700,70.50
573,71.230003,70.980003,2014-04-17,70.919998,67.899421,MKC,873600,70.580002
574,71.129997,71.129997,2014-04-16,70.599998,68.042905,MKC,339000,70.519997
575,70.599998,70.190002,2014-04-15,70.599998,67.143707,MKC,525600,69.800003
576,70.709999,70.43,2014-04-14,70.589996,67.373289,MKC,509900,70.029999
577,71.150002,70.00,2014-04-11,70.449997,66.961951,MKC,513200,69.760002
578,71.610001,70.57,2014-04-10,70.860001,67.507212,MKC,582600,70.529999
579,71.480003,70.93,2014-04-09,71.32,67.851588,MKC,494300,70.690002
580,71.269997,71.230003,2014-04-08,70.239998,68.138571,MKC,797100,69.989998
581,70.769997,70.059998,2014-04-07,70.209999,67.019344,MKC,825800,69.980003
582,71.449997,70.290001,2014-04-04,71.209999,67.239365,MKC,578100,70.269997
583,71.230003,71.07,2014-04-03,70.989998,67.985512,MKC,690500,70.650002
584,71.779999,71.300003,2014-04-02,71.660004,67.851587,MKC,614400,71.040001
585,71.760002,71.620003,2014-04-01,71.580002,68.15611,MKC,511600,71.150002
586,71.889999,71.739998,2014-03-31,71.669998,68.270302,MKC,825900,71.400002
587,71.540001,71.32,2014-03-28,71.019997,67.870617,MKC,591200,70.970001
588,71.220001,70.769997,2014-03-27,70.830002,67.347214,MKC,675300,70.540001
589,71.480003,71.099998,2014-03-26,71.410004,67.661256,MKC,1042700,70.150002
590,71.989998,71.199997,2014-03-25,70.260002,67.756418,MKC,1636600,70.019997
591,68.50,67.510002,2014-03-24,67.870003,64.244889,MKC,1061600,67.440002
592,68.360001,67.540001,2014-03-21,67.82,64.273437,MKC,1352300,67.400002
593,67.82,67.540001,2014-03-20,67.559998,64.273437,MKC,644500,67.32
594,68.440002,67.639999,2014-03-19,68.199997,64.368599,MKC,318200,67.25
595,68.459999,68.160004,2014-03-18,68.00,64.863453,MKC,397600,67.980003
596,68.150002,67.980003,2014-03-17,67.839996,64.692159,MKC,542900,67.559998
597,67.980003,67.650002,2014-03-14,67.25,64.378117,MKC,511100,67.25
598,68.220001,67.519997,2014-03-13,68.00,64.2544,MKC,681200,67.389999
599,67.93,67.919998,2014-03-12,66.889999,64.635056,MKC,519200,66.889999
600,67.370003,67.199997,2014-03-11,67.129997,63.949877,MKC,458800,66.980003
601,67.349998,66.949997,2014-03-10,66.910004,63.711969,MKC,566900,66.690002
602,67.089996,66.989998,2014-03-07,66.970001,63.750035,MKC,412000,66.690002
603,67.050003,66.800003,2014-03-06,66.870003,63.569229,MKC,467900,66.720001
604,67.019997,66.830002,2014-03-05,66.919998,63.597777,MKC,668800,66.510002
605,67.169998,67.019997,2014-03-04,66.510002,63.778583,MKC,619000,66.510002
606,66.480003,66.120003,2014-03-03,65.790001,62.922117,MKC,761300,65.540001
607,66.529999,66.400002,2014-02-28,65.919998,63.188574,MKC,614300,65.849998
608,65.949997,65.940002,2014-02-27,65.580002,62.750822,MKC,663100,65.129997
609,66.599998,65.620003,2014-02-26,66.339996,62.446299,MKC,593300,65.599998
610,66.489998,66.199997,2014-02-25,66.349998,62.998242,MKC,644000,65.849998
611,66.660004,66.25,2014-02-24,66.150002,63.045827,MKC,533500,66.080002
612,66.400002,65.970001,2014-02-21,66.089996,62.77937,MKC,445200,65.870003
613,66.199997,66.129997,2014-02-20,65.290001,62.931628,MKC,537200,65.290001
614,66.120003,65.449997,2014-02-19,65.870003,62.284516,MKC,737100,65.379997
615,66.32,66.139999,2014-02-18,65.50,62.941146,MKC,893300,65.459999
616,65.720001,65.50,2014-02-14,64.760002,62.332101,MKC,1004800,64.599998
617,65.010002,64.980003,2014-02-13,64.099998,61.837253,MKC,730200,64.080002
618,64.970001,64.290001,2014-02-12,64.540001,61.180623,MKC,658500,64.199997
619,64.669998,64.589996,2014-02-11,63.849998,61.466109,MKC,911400,63.580002
620,63.959999,63.919998,2014-02-10,63.049999,60.828515,MKC,980400,62.889999
621,63.849998,63.040001,2014-02-07,63.310001,59.991079,MKC,1208400,62.75
622,63.75,63.07,2014-02-06,63.619999,60.019627,MKC,1617000,62.830002
623,63.700001,63.439999,2014-02-05,63.189999,60.371731,MKC,1346500,63.080002
624,63.709999,63.52,2014-02-04,63.16,60.447863,MKC,1071200,63.040001
625,64.330002,63.029999,2014-02-03,64.050003,59.981561,MKC,1369200,62.880001
626,64.459999,64.18,2014-01-31,64.010002,61.075942,MKC,1281400,63.450001
627,65.050003,64.730003,2014-01-30,65.040001,61.599345,MKC,2092300,63.799999
628,67.099998,65.300003,2014-01-29,66.690002,62.141776,MKC,3413700,64.459999
629,69.769997,69.620003,2014-01-28,69.059998,66.25284,MKC,1078100,69.059998
630,69.709999,69.129997,2014-01-27,69.029999,65.786533,MKC,986200,68.940002
631,70.089996,68.989998,2014-01-24,69.139999,65.653305,MKC,859000,68.93
632,69.839996,69.43,2014-01-23,69.599998,66.072027,MKC,722500,69.080002
633,70.419998,70.019997,2014-01-22,70.139999,66.633488,MKC,574100,69.839996
634,70.059998,69.940002,2014-01-21,69.300003,66.557363,MKC,1190200,69.050003
635,69.540001,68.949997,2014-01-17,69.540001,65.615239,MKC,938900,68.639999
636,69.650002,69.580002,2014-01-16,67.949997,66.214774,MKC,904600,67.949997
637,70.010002,69.75,2014-01-15,69.830002,66.37655,MKC,1094900,69.410004
638,69.989998,69.949997,2014-01-14,69.230003,66.566874,MKC,688900,69.07
639,69.800003,69.230003,2014-01-13,69.089996,65.881703,MKC,611400,69.010002
640,69.540001,69.449997,2014-01-10,69.050003,66.091056,MKC,506700,68.830002
641,68.970001,68.879997,2014-01-09,68.169998,65.548625,MKC,624500,67.989998
642,68.919998,68.139999,2014-01-08,68.769997,64.844417,MKC,1036800,67.669998
643,69.099998,68.879997,2014-01-07,68.330002,65.548625,MKC,605500,68.330002
644,68.940002,68.269997,2014-01-06,68.769997,64.968127,MKC,412200,68.040001
645,68.82,68.550003,2014-01-03,68.50,65.234591,MKC,348100,68.330002
646,68.959999,68.339996,2014-01-02,68.870003,65.034741,MKC,470700,68.089996
647,69.339996,68.919998,2013-12-31,69.300003,65.586691,MKC,322000,68.68
648,69.349998,69.139999,2013-12-30,68.830002,65.796052,MKC,347600,68.809998
649,68.900002,68.760002,2013-12-27,68.629997,65.434433,MKC,524600,68.489998
650,69.120003,68.949997,2013-12-26,68.639999,65.263137,MKC,386400,68.50
651,68.889999,68.68,2013-12-24,68.459999,65.007577,MKC,145100,68.300003
652,69.00,68.379997,2013-12-23,68.959999,64.723616,MKC,401800,68.169998
653,68.989998,68.610001,2013-12-20,68.449997,64.941321,MKC,683100,68.139999
654,68.529999,68.400002,2013-12-19,68.040001,64.74255,MKC,439500,67.620003
655,68.260002,68.050003,2013-12-18,67.489998,64.411267,MKC,1090300,66.599998
656,67.779999,67.480003,2013-12-17,67.639999,63.871746,MKC,470400,67.019997
657,68.160004,67.699997,2013-12-16,67.690002,64.079976,MKC,565500,67.470001
658,68.339996,67.660004,2013-12-13,68.040001,64.042121,MKC,388700,67.529999
659,69.080002,68.010002,2013-12-12,68.709999,64.373405,MKC,643700,67.940002
660,69.620003,68.940002,2013-12-11,68.949997,65.253677,MKC,865900,68.620003
661,69.870003,68.510002,2013-12-10,69.669998,64.846669,MKC,572900,68.50
662,70.519997,69.879997,2013-12-09,69.660004,66.143409,MKC,549600,69.580002
663,69.480003,69.370003,2013-12-06,68.50,65.660684,MKC,705800,68.449997
664,68.720001,68.019997,2013-12-05,68.50,64.382865,MKC,638500,67.849998
665,68.900002,68.589996,2013-12-04,68.360001,64.922386,MKC,753400,67.800003
666,69.230003,68.839996,2013-12-03,68.830002,65.159018,MKC,485500,68.370003
667,69.400002,68.910004,2013-12-02,69.059998,65.225282,MKC,409000,68.68
668,69.910004,69.00,2013-11-29,69.410004,65.310466,MKC,225600,68.93
669,69.860001,69.389999,2013-11-27,69.440002,65.679612,MKC,358600,69.139999
670,69.690002,69.139999,2013-11-26,68.959999,65.44298,MKC,633400,68.709999
671,69.839996,68.790001,2013-11-25,69.559998,65.111696,MKC,351700,68.68
672,69.459999,69.360001,2013-11-22,68.940002,65.651217,MKC,503900,68.669998
673,69.099998,68.93,2013-11-21,68.769997,65.244209,MKC,360700,68.599998
674,69.599998,68.610001,2013-11-20,69.389999,64.941321,MKC,779600,68.489998
675,69.589996,69.309998,2013-11-19,69.550003,65.603888,MKC,371500,68.830002
676,70.239998,69.779999,2013-11-18,70.040001,66.048757,MKC,356200,69.629997
677,70.25,70.089996,2013-11-15,70.150002,66.342179,MKC,355800,69.550003
678,70.339996,70.199997,2013-11-14,69.800003,66.446297,MKC,329200,69.730003
679,69.809998,69.800003,2013-11-13,68.849998,66.067692,MKC,322000,68.669998
680,69.230003,69.190002,2013-11-12,68.870003,65.490309,MKC,385500,68.50
681,69.449997,69.120003,2013-11-11,69.129997,65.424052,MKC,215400,68.849998
682,69.110001,69.099998,2013-11-08,68.809998,65.405118,MKC,326600,68.300003
683,70.190002,68.910004,2013-11-07,70.190002,65.225282,MKC,531600,68.739998
684,70.400002,70.150002,2013-11-06,69.389999,66.398975,MKC,452700,69.290001
685,69.389999,69.110001,2013-11-05,68.779999,65.414585,MKC,368700,68.650002
686,69.300003,68.970001,2013-11-04,69.089996,65.282071,MKC,425400,68.559998
687,69.699997,68.709999,2013-11-01,69.150002,65.035972,MKC,770700,68.559998
688,69.529999,69.150002,2013-10-31,69.269997,65.452447,MKC,457700,68.870003
689,69.940002,69.300003,2013-10-30,69.889999,65.594428,MKC,284200,69.209999
690,69.980003,69.970001,2013-10-29,69.610001,66.2286,MKC,397900,69.330002
691,69.919998,69.610001,2013-10-28,69.150002,65.887849,MKC,440800,68.889999
692,69.239998,69.150002,2013-10-25,68.660004,65.452447,MKC,395000,68.25
693,68.730003,68.620003,2013-10-24,68.720001,64.950788,MKC,389300,68.00
694,68.849998,68.580002,2013-10-23,68.419998,64.912926,MKC,371100,68.209999
695,68.800003,68.510002,2013-10-22,67.559998,64.846669,MKC,515600,67.209999
696,67.699997,67.32,2013-10-21,67.699997,63.720298,MKC,476100,67.120003
697,68.50,67.919998,2013-10-18,68.440002,64.288214,MKC,1302300,67.589996
698,68.07,68.059998,2013-10-17,67.150002,64.420727,MKC,519100,67.059998
699,67.389999,67.389999,2013-10-16,66.309998,63.786555,MKC,659700,66.120003
700,66.410004,65.870003,2013-10-15,66.260002,62.347835,MKC,475600,65.790001
701,66.519997,66.440002,2013-10-14,66.00,62.887355,MKC,411500,65.870003
702,66.349998,66.279999,2013-10-11,66.029999,62.735907,MKC,477000,65.830002
703,66.419998,66.269997,2013-10-10,65.129997,62.72644,MKC,644000,65.129997
704,65.300003,64.669998,2013-10-09,65.099998,61.211996,MKC,608600,64.43
705,65.610001,65.029999,2013-10-08,65.019997,61.552747,MKC,807200,64.779999
706,65.220001,64.889999,2013-10-07,64.349998,61.420233,MKC,571200,64.269997
707,64.870003,64.660004,2013-10-04,64.00,61.202536,MKC,705000,63.810001
708,64.550003,64.07,2013-10-03,64.550003,60.64408,MKC,1451500,63.380001
709,64.82,64.790001,2013-10-02,64.339996,61.00376,MKC,1409900,63.549999
710,64.980003,64.879997,2013-10-01,64.739998,61.088497,MKC,966400,64.50
711,65.25,64.699997,2013-09-30,65.00,60.919016,MKC,723600,64.43
712,66.150002,65.400002,2013-09-27,65.959999,61.578113,MKC,993200,64.040001
713,66.660004,66.559998,2013-09-26,66.449997,62.670321,MKC,1095500,66.07
714,69.059998,68.050003,2013-09-25,69.019997,64.073252,MKC,405100,67.900002
715,69.129997,68.57,2013-09-24,68.470001,64.562861,MKC,378200,68.279999
716,68.800003,68.720001,2013-09-23,68.610001,64.704097,MKC,312600,68.080002
717,69.309998,68.910004,2013-09-20,69.050003,64.882995,MKC,594500,68.849998
718,69.839996,69.199997,2013-09-19,69.839996,65.156042,MKC,684900,68.629997
719,69.519997,69.480003,2013-09-18,68.709999,65.419685,MKC,739900,68.410004
720,68.769997,68.639999,2013-09-17,68.68,64.62877,MKC,358900,68.309998
721,69.00,68.68,2013-09-16,68.43,64.666433,MKC,342200,68.290001
722,67.849998,67.790001,2013-09-13,67.269997,63.828444,MKC,350700,67.269997
723,68.029999,67.300003,2013-09-12,68.029999,63.367081,MKC,804300,66.959999
724,67.970001,67.970001,2013-09-11,67.32,63.997926,MKC,253400,67.110001
725,68.349998,67.330002,2013-09-10,68.139999,63.395327,MKC,506200,66.900002
726,68.150002,68.150002,2013-09-09,67.410004,64.167407,MKC,369000,67.410004
727,67.830002,67.419998,2013-09-06,67.489998,63.480064,MKC,288400,66.760002
728,67.690002,67.389999,2013-09-05,67.57,63.451818,MKC,273700,67.18
729,67.730003,67.669998,2013-09-04,67.339996,63.715454,MKC,410100,66.940002
730,68.43,67.459999,2013-09-03,68.110001,63.517727,MKC,353900,67.00
731,67.730003,67.650002,2013-08-30,67.720001,63.696626,MKC,476000,67.190002
732,67.739998,67.610001,2013-08-29,66.980003,63.658963,MKC,418100,66.669998
733,68.160004,67.089996,2013-08-28,68.07,63.169347,MKC,903900,66.919998
734,68.779999,68.07,2013-08-27,68.410004,64.09208,MKC,477300,68.019997
735,70.489998,68.769997,2013-08-26,70.050003,64.75117,MKC,586800,68.760002
736,70.730003,70.160004,2013-08-23,70.620003,66.059947,MKC,515700,69.769997
737,70.610001,70.309998,2013-08-22,69.959999,66.201176,MKC,210600,69.580002
738,70.620003,69.849998,2013-08-21,70.50,65.768058,MKC,306900,69.769997
739,71.029999,70.650002,2013-08-20,70.690002,66.52131,MKC,273500,70.379997
740,70.809998,70.669998,2013-08-19,70.529999,66.540138,MKC,306200,70.370003
741,70.879997,70.690002,2013-08-16,70.800003,66.558974,MKC,366400,70.290001
742,71.800003,70.839996,2013-08-15,71.800003,66.700202,MKC,355800,70.669998
743,73.25,72.099998,2013-08-14,73.050003,67.886571,MKC,398200,72.099998
744,73.50,73.220001,2013-08-13,73.389999,68.941123,MKC,223000,72.870003
745,73.169998,73.099998,2013-08-12,72.599998,68.828133,MKC,356400,72.120003
746,73.080002,72.800003,2013-08-09,72.910004,68.545669,MKC,460600,72.440002
747,73.339996,73.110001,2013-08-08,72.690002,68.83755,MKC,347600,72.410004
748,73.389999,72.559998,2013-08-07,73.160004,68.319689,MKC,370300,72.50
749,73.790001,73.339996,2013-08-06,72.459999,69.054105,MKC,531500,72.419998
750,72.669998,72.529999,2013-08-05,72.610001,68.291443,MKC,318400,71.900002
751,72.769997,72.739998,2013-08-02,72.349998,68.48917,MKC,276400,71.860001
752,72.639999,72.540001,2013-08-01,72.059998,68.300861,MKC,511900,71.970001
753,71.940002,71.610001,2013-07-31,71.709999,67.425208,MKC,327700,71.260002
754,72.790001,71.599998,2013-07-30,72.32,67.415791,MKC,390500,71.510002
755,72.57,71.849998,2013-07-29,71.830002,67.651181,MKC,281200,71.760002
756,72.190002,71.949997,2013-07-26,71.919998,67.745336,MKC,264900,71.110001
757,72.290001,72.209999,2013-07-25,71.410004,67.990144,MKC,330200,71.360001
758,72.629997,71.599998,2013-07-24,72.550003,67.415791,MKC,290700,71.440002
759,72.669998,72.449997,2013-07-23,72.599998,68.216116,MKC,303700,72.019997
760,72.860001,72.459999,2013-07-22,72.68,68.225534,MKC,589800,72.139999
761,73.080002,73.07,2013-07-19,72.239998,68.799887,MKC,712800,71.849998
762,72.419998,72.25,2013-07-18,71.940002,68.027807,MKC,406300,71.690002
763,72.449997,72.080002,2013-07-17,72.349998,67.867743,MKC,637200,71.57
764,72.199997,72.050003,2013-07-16,71.970001,67.839498,MKC,513700,71.449997
765,72.220001,72.120003,2013-07-15,71.589996,67.905407,MKC,322400,71.589996
766,71.989998,71.629997,2013-07-12,71.860001,67.444036,MKC,514900,71.449997
767,72.209999,72.040001,2013-07-11,71.339996,67.83008,MKC,828100,71.129997
768,70.589996,70.489998,2013-07-10,70.040001,66.370657,MKC,585100,70.00
769,70.849998,70.300003,2013-07-09,70.75,66.191765,MKC,438200,70.120003
770,70.50,70.160004,2013-07-08,69.989998,66.059947,MKC,510700,69.709999
771,69.809998,69.68,2013-07-05,69.589996,65.607995,MKC,389600,68.809998
772,69.68,69.169998,2013-07-03,68.110001,65.127796,MKC,612500,68.110001
773,70.529999,70.099998,2013-07-02,70.449997,65.683321,MKC,787800,69.690002
774,70.910004,70.540001,2013-07-01,70.610001,66.095601,MKC,742000,70.25
775,70.919998,70.360001,2013-06-28,70.440002,65.926941,MKC,791300,69.660004
776,71.940002,70.589996,2013-06-27,71.00,66.142446,MKC,1204100,69.599998
777,72.349998,72.029999,2013-06-26,71.620003,67.491721,MKC,583200,71.589996
778,71.779999,71.169998,2013-06-25,71.779999,66.685905,MKC,551500,70.599998
779,71.830002,71.199997,2013-06-24,70.849998,66.714014,MKC,517000,70.540001
780,71.529999,71.440002,2013-06-21,70.50,66.938897,MKC,1444800,70.43
781,71.709999,70.00,2013-06-20,71.589996,65.589623,MKC,824800,69.900002
782,73.489998,72.019997,2013-06-19,73.480003,67.482349,MKC,980700,72.019997
783,73.43,73.360001,2013-06-18,72.709999,68.737925,MKC,317300,72.610001
784,73.139999,72.800003,2013-06-17,72.599998,68.213211,MKC,608000,72.480003
785,72.540001,72.25,2013-06-14,72.169998,67.697861,MKC,359500,71.870003
786,72.309998,72.129997,2013-06-13,71.510002,67.585419,MKC,523800,71.00
787,71.75,71.370003,2013-06-12,71.470001,66.873308,MKC,963200,71.139999
788,71.370003,71.00,2013-06-11,70.620003,66.526617,MKC,472400,70.120003
789,71.00,70.779999,2013-06-10,71.00,66.320478,MKC,691200,70.160004
790,70.959999,70.919998,2013-06-07,69.839996,66.451656,MKC,558300,69.730003
791,69.699997,69.699997,2013-06-06,69.00,65.308522,MKC,912500,68.68
792,69.379997,68.839996,2013-06-05,68.93,64.502706,MKC,484800,68.75
793,70.010002,69.470001,2013-06-04,69.25,65.093017,MKC,596300,69.089996
794,69.989998,69.50,2013-06-03,69.040001,65.121126,MKC,826200,68.75
795,70.870003,69.080002,2013-05-31,70.510002,64.72759,MKC,1113400,69.080002
796,72.019997,71.169998,2013-05-30,71.949997,66.685905,MKC,767400,71.150002
797,73.480003,71.879997,2013-05-29,73.419998,67.35117,MKC,899600,71.779999
798,74.650002,73.690002,2013-05-28,74.220001,69.047135,MKC,452300,73.540001
799,74.029999,73.830002,2013-05-24,73.529999,69.178314,MKC,405000,73.169998
800,73.959999,73.709999,2013-05-23,73.650002,69.065872,MKC,507600,73.300003
801,75.260002,74.00,2013-05-22,74.290001,69.337601,MKC,382000,73.860001
802,74.629997,74.339996,2013-05-21,74.330002,69.656176,MKC,359100,74.080002
803,74.889999,74.360001,2013-05-20,74.68,69.67492,MKC,512600,74.279999
804,74.870003,74.68,2013-05-17,74.349998,69.974758,MKC,777300,74.190002
805,74.989998,74.510002,2013-05-16,74.580002,69.815471,MKC,463700,74.440002
806,74.860001,74.760002,2013-05-15,74.650002,70.049719,MKC,702100,74.459999
807,74.769997,74.739998,2013-05-14,73.68,70.030975,MKC,473800,73.68
808,73.900002,73.669998,2013-05-13,73.260002,69.028391,MKC,499300,72.940002
809,73.279999,73.080002,2013-05-10,72.739998,68.475568,MKC,349400,72.669998
810,73.360001,72.830002,2013-05-09,73.050003,68.241319,MKC,621100,72.629997
811,73.419998,72.989998,2013-05-08,73.029999,68.391235,MKC,385600,72.559998
812,73.139999,73.129997,2013-05-07,72.339996,68.522413,MKC,349800,72.260002
813,72.699997,72.239998,2013-05-06,72.57,67.688489,MKC,340100,72.099998
814,72.940002,72.68,2013-05-03,72.00,68.100769,MKC,575400,72.00
815,72.849998,72.669998,2013-05-02,71.809998,68.091397,MKC,408700,71.809998
816,72.650002,71.790001,2013-05-01,71.900002,67.266844,MKC,422600,71.720001
817,72.080002,71.940002,2013-04-30,71.50,67.407395,MKC,456400,71.260002
818,71.779999,71.639999,2013-04-29,71.300003,67.126293,MKC,363300,71.099998
819,72.010002,71.199997,2013-04-26,71.769997,66.714014,MKC,433700,71.120003
820,72.160004,71.739998,2013-04-25,71.790001,67.219991,MKC,477100,71.599998
821,72.330002,71.599998,2013-04-24,72.169998,67.088813,MKC,692100,71.529999
822,72.330002,72.110001,2013-04-23,71.790001,67.566682,MKC,545000,71.25
823,71.940002,71.769997,2013-04-22,71.860001,67.2481,MKC,680900,71.269997
824,72.599998,72.300003,2013-04-19,71.75,67.744713,MKC,899900,71.690002
825,71.919998,71.459999,2013-04-18,71.449997,66.957634,MKC,546600,71.339996
826,71.830002,71.410004,2013-04-17,71.480003,66.910789,MKC,755000,71.040001
827,72.07,71.900002,2013-04-16,70.959999,67.369914,MKC,978600,70.800003
828,71.629997,70.540001,2013-04-15,71.459999,66.095601,MKC,651400,70.540001
829,71.800003,71.720001,2013-04-12,71.120003,67.201255,MKC,571500,70.940002
830,71.849998,71.25,2013-04-11,71.32,66.760866,MKC,511100,71.099998
831,71.589996,71.489998,2013-04-10,71.239998,66.667163,MKC,1005900,71.199997
832,71.269997,70.889999,2013-04-09,70.849998,66.107642,MKC,704700,70.379997
833,71.199997,71.110001,2013-04-08,71.019997,66.312801,MKC,504700,70.419998
834,71.199997,70.900002,2013-04-05,71.129997,66.116969,MKC,782800,70.470001
835,72.389999,71.68,2013-04-04,71.980003,66.844348,MKC,692700,71.410004
836,72.730003,71.599998,2013-04-03,72.470001,66.769743,MKC,840300,71.470001
837,73.699997,72.620003,2013-04-02,72.419998,67.720936,MKC,761100,71.660004
838,73.209999,72.709999,2013-04-01,73.209999,67.804861,MKC,816100,71.959999
839,73.690002,73.550003,2013-03-28,72.980003,68.588197,MKC,753900,72.839996
840,72.730003,72.650002,2013-03-27,72.029999,67.748911,MKC,630100,71.879997
841,72.57,72.410004,2013-03-26,71.949997,67.525104,MKC,366800,71.82
842,72.449997,71.790001,2013-03-25,72.389999,66.946928,MKC,342200,71.57
843,72.25,72.190002,2013-03-22,71.150002,67.319944,MKC,373300,71.150002
844,71.790001,71.260002,2013-03-21,71.660004,66.452683,MKC,394800,71.18
845,71.730003,71.709999,2013-03-20,71.400002,66.872323,MKC,644000,71.199997
846,71.080002,71.010002,2013-03-19,70.75,66.219549,MKC,321300,70.449997
847,70.870003,70.599998,2013-03-18,70.400002,65.837205,MKC,372100,70.150002
848,70.970001,70.75,2013-03-15,70.709999,65.977087,MKC,846500,70.519997
849,71.110001,71.010002,2013-03-14,70.510002,66.219549,MKC,556100,70.389999
850,70.690002,70.339996,2013-03-13,70.349998,65.594743,MKC,867000,70.160004
851,70.43,70.349998,2013-03-12,69.959999,65.60407,MKC,420900,69.699997
852,70.400002,70.150002,2013-03-11,70.00,65.417565,MKC,669500,69.839996
853,70.440002,70.199997,2013-03-08,70.440002,65.464188,MKC,536800,69.720001
854,70.440002,70.150002,2013-03-07,69.959999,65.417565,MKC,750100,69.839996
855,70.07,69.769997,2013-03-06,70.00,65.063196,MKC,1128100,69.379997
856,69.989998,69.900002,2013-03-05,69.370003,65.184431,MKC,715600,68.870003
857,69.260002,69.220001,2013-03-04,68.25,64.550304,MKC,650800,68.110001
858,68.480003,68.389999,2013-03-01,67.150002,63.776296,MKC,937500,66.589996
859,67.660004,67.269997,2013-02-28,67.309998,62.73185,MKC,1342400,66.919998
860,67.440002,67.32,2013-02-27,66.529999,62.77848,MKC,640800,66.349998
861,66.809998,66.610001,2013-02-26,65.639999,62.116379,MKC,991000,65.639999
862,66.379997,65.419998,2013-02-25,66.32,61.006656,MKC,659200,65.419998
863,66.199997,66.199997,2013-02-22,65.57,61.734035,MKC,482000,65.410004
864,65.779999,65.349998,2013-02-21,65.080002,60.941378,MKC,997000,64.970001
865,65.559998,65.290001,2013-02-20,64.879997,60.885428,MKC,651900,64.760002
866,65.309998,65.010002,2013-02-19,64.879997,60.624319,MKC,777900,64.660004
867,65.080002,64.690002,2013-02-15,64.440002,60.325907,MKC,527100,64.43
868,64.919998,64.389999,2013-02-14,64.25,60.046143,MKC,1003400,64.230003
869,64.50,64.089996,2013-02-13,64.50,59.766378,MKC,362200,63.84
870,64.199997,64.089996,2013-02-12,64.089996,59.766378,MKC,517300,63.669998
871,64.00,63.939999,2013-02-11,63.689999,59.6265,MKC,453900,63.52
872,63.84,63.630001,2013-02-08,63.66,59.337415,MKC,514300,63.330002
873,63.790001,63.369999,2013-02-07,63.380001,59.094953,MKC,1076500,63.080002
874,63.139999,62.75,2013-02-06,63.130001,58.51678,MKC,841800,62.540001
875,63.509998,63.380001,2013-02-05,63.32,59.10428,MKC,551200,62.98
876,63.369999,62.779999,2013-02-04,62.970001,58.544755,MKC,717000,62.73
877,63.41,63.380001,2013-02-01,62.970001,59.10428,MKC,931700,62.720001
878,62.610001,62.349998,2013-01-31,62.369999,58.143763,MKC,1219200,62.099998
879,62.470001,62.34,2013-01-30,61.779999,58.13444,MKC,1249700,61.619999
880,61.970001,61.869999,2013-01-29,61.00,57.696146,MKC,1304900,60.880001
881,61.75,61.23,2013-01-28,61.700001,57.099322,MKC,1280700,60.82
882,62.549999,61.869999,2013-01-25,62.32,57.696146,MKC,1538800,61.639999
883,63.099998,62.369999,2013-01-24,62.959999,58.162415,MKC,3963800,60.82
884,66.639999,66.589996,2013-01-23,66.580002,62.097724,MKC,636800,66.07
885,66.949997,66.50,2013-01-22,66.529999,62.013799,MKC,490100,66.07
886,66.650002,66.650002,2013-01-18,66.349998,62.153681,MKC,646600,65.970001
887,66.50,66.290001,2013-01-17,65.629997,61.817967,MKC,477300,65.559998
888,65.529999,65.440002,2013-01-16,65.18,61.025311,MKC,380300,65.129997
889,65.510002,65.370003,2013-01-15,64.989998,60.960033,MKC,490300,64.989998
890,65.580002,65.300003,2013-01-14,65.080002,60.894756,MKC,504800,64.949997
891,65.07,65.07,2013-01-11,64.849998,60.680269,MKC,588300,64.389999
892,65.519997,64.68,2013-01-10,65.519997,60.31658,MKC,1051500,64.400002
893,65.470001,65.470001,2013-01-09,65.010002,61.053286,MKC,597800,64.629997
894,65.129997,65.040001,2013-01-08,64.970001,60.652294,MKC,495000,64.629997
895,65.419998,65.080002,2013-01-07,65.419998,60.689596,MKC,347000,64.559998
896,65.25,65.25,2013-01-04,64.849998,60.848126,MKC,358500,64.849998
897,65.129997,65.010002,2013-01-03,65.059998,60.624319,MKC,515500,64.709999
898,65.230003,65.230003,2013-01-02,64.309998,60.829478,MKC,554300,64.129997
899,63.540001,63.529999,2012-12-31,62.610001,59.244159,MKC,399100,62.439999
900,63.32,62.639999,2012-12-28,62.860001,58.4142,MKC,457800,62.639999
901,63.349998,63.110001,2012-12-27,63.34,58.852495,MKC,400200,62.560001
902,64.330002,63.459999,2012-12-26,64.300003,58.861816,MKC,429700,63.439999
903,64.32,64.239998,2012-12-24,64.029999,59.585298,MKC,234500,63.639999
904,64.800003,64.07,2012-12-21,64.760002,59.427618,MKC,890900,63.860001
905,64.949997,64.800003,2012-12-20,64.620003,60.104726,MKC,652000,64.330002
906,65.589996,64.559998,2012-12-19,65.32,59.882111,MKC,419700,64.519997
907,66.110001,65.330002,2012-12-18,66.080002,60.596323,MKC,557800,65.18
908,65.989998,65.980003,2012-12-17,64.639999,61.199226,MKC,822000,64.18
909,64.809998,64.419998,2012-12-14,64.580002,59.752256,MKC,425400,64.309998
910,64.870003,64.68,2012-12-13,64.870003,59.993419,MKC,359200,64.519997
911,65.040001,64.769997,2012-12-12,64.489998,60.076894,MKC,517800,64.25
912,64.68,64.419998,2012-12-11,64.269997,59.752256,MKC,548100,64.010002
913,64.330002,64.199997,2012-12-10,64.120003,59.548196,MKC,523700,63.84
914,64.330002,64.199997,2012-12-07,64.239998,59.548196,MKC,454300,63.799999
915,64.32,64.089996,2012-12-06,64.260002,59.446165,MKC,500400,63.77
916,64.669998,64.230003,2012-12-05,64.580002,59.576028,MKC,559900,64.07
917,64.720001,64.550003,2012-12-04,64.559998,59.872841,MKC,594700,64.419998
918,64.989998,64.669998,2012-12-03,64.900002,59.984141,MKC,596300,64.480003
919,64.639999,64.559998,2012-11-30,64.629997,59.882111,MKC,1436600,64.160004
920,64.949997,64.599998,2012-11-29,64.529999,59.919214,MKC,1349300,64.18
921,64.75,64.559998,2012-11-28,64.739998,59.882111,MKC,1051400,64.300003
922,65.449997,64.800003,2012-11-27,65.25,60.104726,MKC,840200,64.690002
923,66.099998,65.110001,2012-11-26,65.93,60.392262,MKC,644900,64.860001
924,66.370003,66.370003,2012-11-23,65.489998,61.560967,MKC,155500,65.440002
925,65.629997,65.43,2012-11-21,65.629997,60.689075,MKC,651300,64.849998
926,65.410004,65.410004,2012-11-20,64.43,60.670528,MKC,623800,64.309998
927,64.559998,64.559998,2012-11-19,63.77,59.882111,MKC,519500,63.669998
928,63.77,63.549999,2012-11-16,63.50,58.945295,MKC,746800,63.02
929,63.529999,63.459999,2012-11-15,62.639999,58.861816,MKC,894200,62.48
930,63.330002,62.73,2012-11-14,63.18,58.184711,MKC,453900,62.610001
931,63.619999,63.200001,2012-11-13,62.200001,58.620657,MKC,651400,62.07
932,62.50,62.419998,2012-11-12,62.00,57.897172,MKC,484300,61.50
933,62.32,62.00,2012-11-09,61.75,57.507606,MKC,575700,61.630001
934,62.16,61.849998,2012-11-08,61.380001,57.368473,MKC,884700,61.16
935,61.900002,61.599998,2012-11-07,61.599998,57.136588,MKC,651400,61.07
936,62.23,61.93,2012-11-06,61.32,57.442678,MKC,342400,61.32
937,61.59,61.34,2012-11-05,61.23,56.895428,MKC,223100,60.790001
938,62.00,61.48,2012-11-02,61.490002,57.025284,MKC,535400,61.139999
939,61.799999,61.200001,2012-11-01,61.630001,56.765573,MKC,459800,61.150002
940,62.380001,61.619999,2012-10-31,61.889999,57.155139,MKC,472700,61.209999
941,61.959999,61.509998,2012-10-26,61.959999,57.053109,MKC,355600,61.240002
942,62.389999,61.939999,2012-10-25,61.950001,57.451952,MKC,442100,61.66
943,61.860001,61.860001,2012-10-24,61.619999,57.377751,MKC,602500,61.189999
944,61.490002,61.389999,2012-10-23,61.299999,56.941805,MKC,376300,60.75
945,61.740002,61.689999,2012-10-22,61.50,57.220067,MKC,379400,60.970001
946,62.939999,61.639999,2012-10-19,62.740002,57.17369,MKC,731900,61.34
947,62.990002,62.84,2012-10-18,62.650002,58.286741,MKC,281100,62.369999
948,62.830002,62.73,2012-10-17,62.419998,58.184711,MKC,266600,62.130001
949,62.200001,62.130001,2012-10-16,62.009998,57.628187,MKC,230400,61.709999
950,62.00,61.84,2012-10-15,61.810001,57.359199,MKC,466000,61.43
951,62.380001,61.759998,2012-10-12,62.139999,57.284994,MKC,314500,61.630001
952,62.360001,62.00,2012-10-11,62.119999,57.507606,MKC,331400,61.740002
953,62.610001,61.869999,2012-10-10,62.099998,57.387024,MKC,476400,61.75
954,62.790001,62.130001,2012-10-09,62.709999,57.628187,MKC,395100,62.119999
955,62.77,62.709999,2012-10-08,62.599998,58.16616,MKC,256700,62.18
956,63.209999,62.639999,2012-10-05,63.07,58.101232,MKC,476300,62.560001
957,63.07,62.709999,2012-10-04,62.900002,58.16616,MKC,293800,62.529999
958,62.98,62.790001,2012-10-03,62.880001,58.240365,MKC,664100,62.099998
959,63.23,62.959999,2012-10-02,62.68,58.110509,MKC,624100,62.619999
960,62.630001,62.540001,2012-10-01,62.110001,57.722861,MKC,824900,61.810001
961,62.07,62.040001,2012-09-28,61.759998,57.261374,MKC,594900,61.07
962,62.400002,61.75,2012-09-27,61.799999,56.99371,MKC,1216300,60.060001
963,63.75,62.889999,2012-09-26,63.34,58.045901,MKC,578900,62.73
964,63.709999,63.16,2012-09-25,63.580002,58.295105,MKC,469300,63.099998
965,63.669998,63.52,2012-09-24,63.189999,58.627376,MKC,473700,63.029999
966,63.740002,63.16,2012-09-21,63.540001,58.295105,MKC,742800,63.119999
967,63.849998,63.369999,2012-09-20,63.200001,58.488929,MKC,454500,63.150002
968,63.75,63.290001,2012-09-19,63.540001,58.415093,MKC,454200,63.189999
969,63.66,63.599998,2012-09-18,63.00,58.701213,MKC,406500,62.93
970,63.18,62.939999,2012-09-17,63.00,58.092049,MKC,412800,62.650002
971,63.630001,62.990002,2012-09-14,63.630001,58.138201,MKC,394100,62.700001
972,63.299999,63.220001,2012-09-13,62.240002,58.350485,MKC,438200,62.139999
973,63.91,62.349998,2012-09-12,63.00,57.547494,MKC,580500,62.189999
974,63.34,63.00,2012-09-11,63.09,58.147429,MKC,497400,62.830002
975,63.880001,62.98,2012-09-10,63.880001,58.128969,MKC,495400,62.73
976,63.860001,63.00,2012-09-07,63.860001,58.147429,MKC,402500,62.849998
977,63.66,63.41,2012-09-06,62.849998,58.525849,MKC,685700,62.50
978,62.689999,62.400002,2012-09-05,62.389999,57.593645,MKC,619300,62.060001
979,62.400002,62.310001,2012-09-04,61.549999,57.510577,MKC,514700,61.23
980,61.630001,61.439999,2012-08-31,61.299999,56.707587,MKC,392500,60.950001
981,61.41,60.959999,2012-08-30,61.279999,56.264559,MKC,272700,60.880001
982,61.509998,61.400002,2012-08-29,61.380001,56.67067,MKC,262400,61.139999
983,61.669998,61.349998,2012-08-28,61.299999,56.624519,MKC,258900,61.220001
984,61.619999,61.369999,2012-08-27,61.169998,56.642979,MKC,277800,61.009998
985,61.25,61.099998,2012-08-24,60.419998,56.393775,MKC,272800,60.23
986,60.650002,60.490002,2012-08-23,60.32,55.830763,MKC,283400,60.16
987,60.540001,60.389999,2012-08-22,60.23,55.738464,MKC,308500,59.740002
988,60.700001,60.299999,2012-08-21,60.41,55.655396,MKC,400700,60.16
989,60.470001,60.369999,2012-08-20,60.150002,55.720004,MKC,369400,59.77
990,60.330002,60.119999,2012-08-17,59.950001,55.48926,MKC,511000,59.759998
991,59.84,59.84,2012-08-16,59.630001,55.230828,MKC,620800,59.290001
992,60.009998,59.77,2012-08-15,59.779999,55.16622,MKC,307800,59.68
993,60.330002,59.790001,2012-08-14,60.310001,55.18468,MKC,376500,59.599998
994,60.209999,60.029999,2012-08-13,60.00,55.406192,MKC,262600,59.849998
995,60.189999,60.16,2012-08-10,59.779999,55.52618,MKC,255100,59.529999
996,60.279999,59.970001,2012-08-09,60.150002,55.350816,MKC,241600,59.73
997,60.200001,60.169998,2012-08-08,59.630001,55.535408,MKC,422000,59.529999
998,60.07,59.799999,2012-08-07,59.959999,55.193908,MKC,339200,59.509998
999,60.419998,59.830002,2012-08-06,60.209999,55.2216,MKC,534900,59.380001
1000,60.48,59.990002,2012-08-03,59.349998,55.369276,MKC,768700,59.02
1001,60.360001,60.049999,2012-08-02,60.279999,55.424652,MKC,345400,59.50
1002,61.48,60.50,2012-08-01,61.009998,55.839991,MKC,530800,60.240002
1003,61.470001,60.880001,2012-07-31,61.459999,56.190723,MKC,371500,60.869999
1004,61.369999,61.369999,2012-07-30,61.18,56.642979,MKC,489700,60.880001
1005,61.389999,61.27,2012-07-27,60.740002,56.550683,MKC,547600,60.630001
1006,60.82,60.619999,2012-07-26,60.23,55.950747,MKC,378800,60.139999
1007,60.369999,59.639999,2012-07-25,60.00,55.046232,MKC,360600,59.470001
1008,59.970001,59.849998,2012-07-24,59.779999,55.240056,MKC,695100,59.00
1009,60.580002,59.849998,2012-07-23,60.450001,55.240056,MKC,516500,59.709999
1010,61.419998,60.880001,2012-07-20,61.189999,56.190723,MKC,1483000,60.709999
1011,61.419998,61.27,2012-07-19,60.939999,56.550683,MKC,719600,60.77
1012,61.02,60.889999,2012-07-18,60.50,56.199951,MKC,552700,60.41
1013,60.68,60.509998,2012-07-17,60.560001,55.84922,MKC,481300,60.00
1014,61.00,60.380001,2012-07-16,60.610001,55.729235,MKC,402100,60.279999
1015,61.200001,60.900002,2012-07-13,60.57,56.209183,MKC,515500,60.560001
1016,60.900002,60.560001,2012-07-12,60.560001,55.895371,MKC,696600,60.259998
1017,61.09,60.849998,2012-07-11,60.990002,56.163031,MKC,557800,60.599998
1018,61.150002,60.860001,2012-07-10,60.59,56.172263,MKC,961800,60.470001
1019,61.040001,60.330002,2012-07-09,61.009998,55.683087,MKC,598900,60.139999
1020,61.200001,60.93,2012-07-06,61.040001,56.236871,MKC,415500,60.82
1021,61.689999,61.669998,2012-07-05,61.360001,56.91987,MKC,994500,61.07
1022,61.790001,61.689999,2012-07-03,60.830002,56.652207,MKC,520200,60.759998
1023,61.200001,60.950001,2012-07-02,60.689999,55.97264,MKC,805400,60.43
1024,60.650002,60.650002,2012-06-29,59.779999,55.69714,MKC,950900,59.34
1025,59.18,59.060001,2012-06-28,58.68,54.236984,MKC,1046400,58.439999
1026,59.41,59.09,2012-06-27,57.380001,54.264533,MKC,1076600,57.009998
1027,57.650002,57.419998,2012-06-26,57.599998,52.730908,MKC,619500,57.049999
1028,57.700001,57.32,2012-06-25,57.630001,52.639076,MKC,593700,57.099998
1029,58.16,57.869999,2012-06-22,57.810001,53.14416,MKC,1034600,57.759998
1030,58.93,57.740002,2012-06-21,58.869999,53.024779,MKC,526000,57.689999
1031,59.240002,58.709999,2012-06-20,59.110001,53.915564,MKC,580300,58.169998
1032,59.029999,58.880001,2012-06-19,58.389999,54.071683,MKC,611000,58.150002
1033,58.439999,58.349998,2012-06-18,57.830002,53.584962,MKC,516100,57.419998
1034,57.84,57.759998,2012-06-15,56.799999,53.043143,MKC,822600,56.700001
1035,56.779999,56.639999,2012-06-14,56.380001,52.014606,MKC,403300,56.310001
1036,56.779999,56.27,2012-06-13,56.23,51.674823,MKC,532300,56.09
1037,56.310001,56.23,2012-06-12,55.93,51.638088,MKC,511500,55.91
1038,56.43,55.849998,2012-06-11,56.130001,51.289119,MKC,689800,55.82
1039,55.799999,55.799999,2012-06-08,55.360001,51.243203,MKC,961300,55.299999
1040,56.189999,55.52,2012-06-07,55.849998,50.98607,MKC,2295000,55.369999
1041,55.799999,55.799999,2012-06-06,55.349998,51.243203,MKC,635900,55.169998
1042,55.34,55.18,2012-06-05,55.119999,50.673835,MKC,450000,54.860001
1043,55.560001,55.32,2012-06-04,55.259998,50.802402,MKC,983400,54.810001
1044,56.189999,55.200001,2012-06-01,55.860001,50.692202,MKC,910200,55.099998
1045,56.82,56.360001,2012-05-31,56.470001,51.757473,MKC,784400,56.169998
1046,57.360001,56.57,2012-05-30,57.009998,51.950323,MKC,514200,56.57
1047,57.459999,57.34,2012-05-29,57.169998,52.657443,MKC,473100,56.950001
1048,57.130001,56.869999,2012-05-25,56.84,52.225823,MKC,573800,56.68
1049,57.07,56.82,2012-05-24,56.610001,52.179907,MKC,586000,56.549999
1050,56.93,56.630001,2012-05-23,56.66,52.005425,MKC,608000,56.34
1051,57.16,56.82,2012-05-22,56.900002,52.179907,MKC,355800,56.630001
1052,56.889999,56.779999,2012-05-21,56.560001,52.143173,MKC,610100,56.169998
1053,57.25,56.43,2012-05-18,56.880001,51.821756,MKC,758000,56.25
1054,57.580002,56.709999,2012-05-17,57.48,52.07889,MKC,382700,56.709999
1055,57.509998,57.400002,2012-05-16,57.00,52.712544,MKC,517700,56.919998
1056,57.200001,56.869999,2012-05-15,56.580002,52.225823,MKC,827000,56.369999
1057,56.880001,56.700001,2012-05-14,56.349998,52.069708,MKC,525800,56.169998
1058,57.07,56.599998,2012-05-11,56.700001,51.977872,MKC,560400,56.599998
1059,57.130001,56.880001,2012-05-10,56.549999,52.235009,MKC,515500,56.419998
1060,56.68,56.310001,2012-05-09,56.130001,51.711557,MKC,614800,56.099998
1061,56.50,56.470001,2012-05-08,55.98,51.858491,MKC,481000,55.91
1062,56.32,56.259998,2012-05-07,55.689999,51.665637,MKC,425900,55.630001
1063,55.950001,55.790001,2012-05-04,55.599998,51.234021,MKC,452000,55.560001
1064,56.060001,55.720001,2012-05-03,55.740002,51.169738,MKC,400300,55.57
1065,55.91,55.799999,2012-05-02,55.610001,51.243203,MKC,427700,55.560001
1066,56.259998,55.900002,2012-05-01,55.790001,51.335039,MKC,554900,55.450001
1067,55.93,55.91,2012-04-30,55.93,51.344221,MKC,470500,55.669998
1068,56.169998,55.98,2012-04-27,55.740002,51.408504,MKC,448100,55.59
1069,55.75,55.580002,2012-04-26,55.099998,51.041171,MKC,436200,54.959999
1070,55.279999,55.110001,2012-04-25,55.099998,50.609552,MKC,364800,54.919998
1071,55.240002,54.880001,2012-04-24,54.700001,50.398335,MKC,296500,54.619999
1072,55.110001,54.619999,2012-04-23,55.060001,50.159565,MKC,536500,54.299999
1073,55.599998,55.41,2012-04-20,55.040001,50.885052,MKC,638400,55.040001
1074,54.990002,54.939999,2012-04-19,54.560001,50.453433,MKC,525400,54.380001
1075,54.700001,54.66,2012-04-18,54.32,50.1963,MKC,376800,54.32
1076,54.959999,54.630001,2012-04-17,54.290001,50.168751,MKC,589700,54.130001
1077,54.220001,54.049999,2012-04-16,53.830002,49.636113,MKC,420300,53.73
1078,54.450001,53.700001,2012-04-13,54.009998,49.314697,MKC,446000,53.689999
1079,54.009998,54.009998,2012-04-12,53.959999,49.599379,MKC,413200,53.619999
1080,53.959999,53.810001,2012-04-11,53.84,49.415715,MKC,532900,53.310001
1081,53.970001,53.389999,2012-04-10,53.810001,49.030011,MKC,567500,53.360001
1082,53.990002,53.869999,2012-04-09,53.919998,49.470813,MKC,507500,53.709999
1083,54.490002,54.400002,2012-04-05,54.25,49.957534,MKC,806900,53.93
1084,54.73,54.349998,2012-04-04,54.43,49.911614,MKC,727400,54.169998
1085,55.110001,54.889999,2012-04-03,55.00,50.122833,MKC,665700,54.439999
1086,55.23,55.060001,2012-04-02,54.50,50.27807,MKC,927100,54.380001
1087,54.630001,54.43,2012-03-30,54.27,49.702785,MKC,605700,54.209999
1088,54.360001,54.099998,2012-03-29,54.119999,49.401443,MKC,1227400,53.93
1089,54.48,54.240002,2012-03-28,54.200001,49.529287,MKC,797900,53.950001
1090,54.549999,54.220001,2012-03-27,53.52,49.511024,MKC,1187200,53.200001
1091,53.060001,53.02,2012-03-26,52.34,48.415243,MKC,759700,52.34
1092,52.240002,52.150002,2012-03-23,52.02,47.620803,MKC,647700,51.970001
1093,52.16,52.07,2012-03-22,51.580002,47.547749,MKC,416500,51.52
1094,51.950001,51.93,2012-03-21,51.810001,47.419908,MKC,395800,51.689999
1095,51.950001,51.73,2012-03-20,51.689999,47.237277,MKC,453100,51.599998
1096,52.00,51.950001,2012-03-19,51.599998,47.438172,MKC,463100,51.599998
1097,52.259998,51.73,2012-03-16,51.75,47.237277,MKC,885700,51.73
1098,51.709999,51.68,2012-03-15,51.349998,47.191621,MKC,361900,51.330002
1099,51.799999,51.400002,2012-03-14,51.68,46.93594,MKC,511800,51.34
1100,51.830002,51.779999,2012-03-13,51.369999,47.282934,MKC,517700,51.330002
1101,51.450001,51.360001,2012-03-12,50.98,46.899413,MKC,372900,50.889999
1102,51.150002,50.98,2012-03-09,50.880001,46.552415,MKC,499300,50.57
1103,51.00,50.779999,2012-03-08,51.00,46.369784,MKC,406500,50.619999
1104,50.790001,50.689999,2012-03-07,50.540001,46.2876,MKC,603600,50.169998
1105,50.91,50.43,2012-03-06,50.639999,46.050182,MKC,552200,50.400002
1106,51.00,50.82,2012-03-05,50.75,46.406311,MKC,450900,50.669998
1107,51.00,50.799999,2012-03-02,50.279999,46.388047,MKC,779000,50.279999
1108,50.700001,50.43,2012-03-01,50.450001,46.050182,MKC,690200,50.259998
1109,50.860001,50.450001,2012-02-29,50.360001,46.068446,MKC,788000,50.150002
1110,50.939999,50.34,2012-02-28,50.73,45.967999,MKC,531200,50.299999
1111,50.580002,50.540001,2012-02-27,50.040001,46.15063,MKC,694600,49.93
1112,50.369999,50.279999,2012-02-24,50.18,45.913208,MKC,677900,49.990002
1113,50.23,50.130001,2012-02-23,49.98,45.776238,MKC,499900,49.889999
1114,50.369999,50.009998,2012-02-22,50.200001,45.666657,MKC,428900,49.950001
1115,50.830002,50.220001,2012-02-21,50.830002,45.858422,MKC,567100,50.07
1116,50.880001,50.779999,2012-02-17,50.529999,46.369784,MKC,627000,50.41
1117,50.599998,50.470001,2012-02-16,50.18,46.086709,MKC,533700,49.869999
1118,50.669998,50.209999,2012-02-15,50.610001,45.849288,MKC,493900,50.16
1119,50.560001,50.32,2012-02-14,50.389999,45.949735,MKC,615100,50.259998
1120,50.810001,50.369999,2012-02-13,50.720001,45.995392,MKC,461700,50.290001
1121,50.52,50.450001,2012-02-10,50.34,46.068446,MKC,382400,50.200001
1122,50.779999,50.619999,2012-02-09,50.689999,46.22368,MKC,659700,50.290001
1123,50.790001,50.599998,2012-02-08,50.529999,46.205416,MKC,415000,50.459999
1124,51.029999,50.490002,2012-02-07,50.810001,46.104973,MKC,560100,50.490002
1125,51.380001,51.150002,2012-02-06,50.970001,46.707652,MKC,337600,50.93
1126,51.709999,51.240002,2012-02-03,51.50,46.789836,MKC,527400,51.119999
1127,51.639999,51.349998,2012-02-02,51.00,46.890279,MKC,581200,50.98
1128,51.330002,51.080002,2012-02-01,50.689999,46.643732,MKC,614200,50.560001
1129,50.869999,50.540001,2012-01-31,50.869999,46.15063,MKC,452100,50.279999
1130,50.75,50.619999,2012-01-30,50.139999,46.22368,MKC,490400,50.00
1131,50.98,50.41,2012-01-27,50.98,46.031919,MKC,743100,50.07
1132,51.580002,51.07,2012-01-26,50.50,46.634598,MKC,892200,50.48
1133,51.919998,51.860001,2012-01-25,51.080002,47.355988,MKC,473500,50.91
1134,51.470001,51.080002,2012-01-24,51.200001,46.643732,MKC,528300,51.029999
1135,51.700001,51.310001,2012-01-23,51.59,46.853756,MKC,505500,51.009998
1136,52.02,51.509998,2012-01-20,52.00,47.036383,MKC,666000,51.00
1137,52.209999,52.07,2012-01-19,52.00,47.547749,MKC,469600,51.490002
1138,51.98,51.93,2012-01-18,51.41,47.419908,MKC,427000,51.099998
1139,51.860001,51.400002,2012-01-17,51.50,46.93594,MKC,349900,51.349998
1140,51.360001,51.209999,2012-01-13,51.02,46.762439,MKC,356800,50.950001
1141,51.419998,51.240002,2012-01-12,51.279999,46.789836,MKC,263400,51.040001
1142,51.240002,51.110001,2012-01-11,51.009998,46.671125,MKC,434900,50.759998
1143,51.189999,51.189999,2012-01-10,50.91,46.744175,MKC,362000,50.84
1144,50.810001,50.650002,2012-01-09,50.50,46.251077,MKC,294700,50.400002
1145,50.48,50.380001,2012-01-06,50.330002,46.004526,MKC,454000,50.189999
1146,50.57,50.380001,2012-01-05,50.139999,46.004526,MKC,525500,50.040001
1147,50.529999,50.32,2012-01-04,50.18,45.949735,MKC,374800,49.970001
1148,51.060001,50.32,2012-01-03,50.93,45.949735,MKC,511900,50.32
1149,50.82,50.419998,2011-12-30,50.790001,46.041049,MKC,243200,50.400002
1150,50.810001,50.790001,2011-12-29,50.419998,46.378917,MKC,228000,50.400002
1151,50.57,50.310001,2011-12-28,50.490002,45.940605,MKC,326300,50.23
1152,50.849998,50.740002,2011-12-27,50.330002,46.050182,MKC,283100,50.18
1153,50.450001,50.34,2011-12-23,50.099998,45.687152,MKC,286800,49.91
1154,50.330002,49.889999,2011-12-22,50.330002,45.278744,MKC,558500,49.740002
1155,50.25,50.200001,2011-12-21,49.48,45.560093,MKC,517600,49.48
1156,49.669998,49.560001,2011-12-20,49.16,44.979247,MKC,518100,49.099998
1157,49.16,48.82,2011-12-19,48.98,44.307643,MKC,479100,48.619999
1158,49.630001,48.759998,2011-12-16,49.07,44.253187,MKC,854800,48.599998
1159,49.439999,49.330002,2011-12-15,49.27,44.770506,MKC,543200,49.049999
1160,48.990002,48.82,2011-12-14,48.59,44.307643,MKC,493700,48.48
1161,49.41,48.689999,2011-12-13,49.119999,44.189658,MKC,643000,48.50
1162,49.740002,49.099998,2011-12-12,49.700001,44.561762,MKC,490100,48.919998
1163,49.919998,49.790001,2011-12-09,49.189999,45.187989,MKC,534900,49.00
1164,49.349998,48.970001,2011-12-08,49.279999,44.44378,MKC,655800,48.869999
1165,49.52,49.470001,2011-12-07,49.259998,44.897566,MKC,753600,48.82
1166,49.599998,49.400002,2011-12-06,49.189999,44.834036,MKC,649800,49.040001
1167,49.419998,49.16,2011-12-05,49.25,44.616217,MKC,533200,48.77
1168,49.02,48.77,2011-12-02,48.790001,44.262265,MKC,566100,48.599998
1169,49.119999,48.540001,2011-12-01,48.540001,44.053524,MKC,750100,48.439999
1170,49.25,48.700001,2011-11-30,48.77,44.198735,MKC,1055700,48.32
1171,48.119999,47.84,2011-11-29,47.82,43.418223,MKC,598400,47.75
1172,48.220001,47.599998,2011-11-28,48.209999,43.200405,MKC,788400,47.389999
1173,47.439999,47.439999,2011-11-25,46.650002,43.055193,MKC,571100,46.279999
1174,47.25,46.610001,2011-11-23,47.130001,42.301911,MKC,751300,46.549999
1175,47.650002,47.310001,2011-11-22,47.490002,42.937211,MKC,449300,47.07
1176,48.119999,47.490002,2011-11-21,47.689999,43.100575,MKC,693000,47.200001
1177,48.66,48.169998,2011-11-18,48.459999,43.71772,MKC,652200,48.16
1178,48.970001,48.209999,2011-11-17,48.630001,43.754024,MKC,577900,47.970001
1179,49.650002,48.84,2011-11-16,49.099998,44.325795,MKC,498000,48.790001
1180,49.52,49.43,2011-11-15,49.060001,44.861262,MKC,434800,49.00
1181,49.490002,49.150002,2011-11-14,49.490002,44.607143,MKC,350600,48.869999
1182,49.740002,49.549999,2011-11-11,49.349998,44.97017,MKC,237200,49.220001
1183,48.959999,48.82,2011-11-10,48.84,44.307643,MKC,417100,48.32
1184,49.279999,48.349998,2011-11-09,49.240002,43.881083,MKC,588400,48.220001
1185,50.09,50.029999,2011-11-08,50.049999,45.405804,MKC,507700,49.650002
1186,50.009998,50.009998,2011-11-07,49.599998,45.387652,MKC,385900,49.41
1187,49.889999,49.73,2011-11-04,49.779999,45.133533,MKC,475400,49.330002
1188,50.00,49.91,2011-11-03,49.029999,45.296896,MKC,873900,48.98
1189,48.669998,48.610001,2011-11-02,48.330002,44.117054,MKC,635000,48.049999
1190,48.560001,48.029999,2011-11-01,47.790001,43.590661,MKC,1166900,47.470001
1191,49.48,48.560001,2011-10-31,49.279999,44.071676,MKC,742200,48.560001
1192,49.66,49.619999,2011-10-28,49.209999,45.0337,MKC,585700,49.119999
1193,49.779999,49.459999,2011-10-27,49.700001,44.888488,MKC,627100,49.139999
1194,49.25,48.830002,2011-10-26,48.779999,44.316721,MKC,520100,48.369999
1195,49.470001,48.490002,2011-10-25,49.189999,44.008146,MKC,605900,48.41
1196,49.810001,49.48,2011-10-24,49.689999,44.90664,MKC,793900,49.34
1197,49.84,49.810001,2011-10-21,48.950001,45.20614,MKC,811900,48.950001
1198,48.630001,48.59,2011-10-20,48.419998,44.098902,MKC,569200,47.970001
1199,49.509998,48.25,2011-10-19,48.759998,43.790327,MKC,823600,48.209999
1200,49.169998,48.790001,2011-10-18,47.790001,44.280417,MKC,1462900,47.439999
1201,47.900002,47.66,2011-10-17,47.220001,43.25486,MKC,1309000,47.220001
1202,47.549999,47.490002,2011-10-14,47.259998,43.100575,MKC,535000,47.00
1203,47.41,46.73,2011-10-13,47.080002,42.410818,MKC,516700,46.59
1204,47.77,47.279999,2011-10-12,47.400002,42.909982,MKC,669800,46.950001
1205,47.450001,47.310001,2011-10-11,47.029999,42.937211,MKC,438200,46.91
1206,47.400002,47.200001,2011-10-10,47.25,42.837378,MKC,413900,46.779999
1207,47.060001,46.68,2011-10-07,46.880001,42.36544,MKC,592900,46.450001
1208,46.709999,46.689999,2011-10-06,45.959999,42.374515,MKC,498400,45.73
1209,46.439999,45.98,2011-10-05,46.099998,41.73014,MKC,734800,45.529999
1210,46.200001,46.139999,2011-10-04,44.52,41.621231,MKC,1100000,44.200001
1211,46.189999,44.93,2011-10-03,45.84,40.529734,MKC,866400,44.77
1212,47.119999,46.16,2011-09-30,45.919998,41.639273,MKC,1268100,45.82
1213,46.889999,46.330002,2011-09-29,46.860001,41.792625,MKC,995600,45.650002
1214,48.310001,46.240002,2011-09-28,47.84,41.711439,MKC,1921900,45.700001
1215,48.66,47.689999,2011-09-27,48.040001,43.019429,MKC,1005300,47.529999
1216,47.939999,47.599998,2011-09-26,46.970001,42.938243,MKC,986600,46.73
1217,46.939999,46.650002,2011-09-23,45.75,42.081285,MKC,898500,45.310001
1218,45.830002,45.650002,2011-09-22,44.720001,41.179221,MKC,1745300,43.619999
1219,46.84,45.52,2011-09-21,46.720001,41.061952,MKC,429000,45.52
1220,47.290001,46.66,2011-09-20,46.720001,42.090305,MKC,477300,46.580002
1221,46.66,46.490002,2011-09-19,46.330002,41.936955,MKC,672300,46.16
1222,47.57,46.950001,2011-09-16,47.169998,42.351904,MKC,652800,46.849998
1223,46.93,46.93,2011-09-15,46.650002,42.333862,MKC,428000,46.279999
1224,46.630001,46.27,2011-09-14,45.950001,41.7385,MKC,645500,45.34
1225,45.900002,45.810001,2011-09-13,45.57,41.323552,MKC,453100,45.259998
1226,45.549999,45.41,2011-09-12,45.02,40.962725,MKC,628800,44.709999
1227,46.459999,45.509998,2011-09-09,46.189999,41.05293,MKC,735500,45.299999
1228,47.580002,46.669998,2011-09-08,47.400002,42.099324,MKC,1112600,46.650002
1229,47.849998,47.689999,2011-09-07,46.900002,43.019429,MKC,786200,46.810001
1230,46.59,46.50,2011-09-06,45.75,41.945974,MKC,456000,45.490002
1231,47.23,46.619999,2011-09-02,46.84,42.054221,MKC,447300,46.610001
1232,48.09,47.450001,2011-09-01,47.700001,42.802936,MKC,501000,47.41
1233,47.98,47.790001,2011-08-31,47.66,43.109638,MKC,722000,47.369999
1234,47.630001,47.41,2011-08-30,46.889999,42.766852,MKC,675000,46.889999
1235,47.169998,47.139999,2011-08-29,46.130001,42.523295,MKC,607500,46.02
1236,45.889999,45.73,2011-08-26,44.790001,41.251385,MKC,527900,44.150002
1237,46.02,45.049999,2011-08-25,46.02,40.637981,MKC,566600,44.98
1238,46.110001,45.990002,2011-08-24,45.709999,41.485923,MKC,525700,45.419998
1239,45.950001,45.939999,2011-08-23,44.889999,41.440817,MKC,592700,44.560001
1240,45.09,44.740002,2011-08-22,45.02,40.358343,MKC,555700,44.470001
1241,45.419998,44.290001,2011-08-19,44.77,39.952414,MKC,1281300,44.23
1242,46.049999,45.16,2011-08-18,45.639999,40.737209,MKC,736900,44.759998
1243,47.23,46.599998,2011-08-17,46.580002,42.036179,MKC,611600,46.419998
1244,46.59,46.380001,2011-08-16,46.310001,41.837728,MKC,527200,45.830002
1245,46.619999,46.59,2011-08-15,46.099998,42.02716,MKC,458800,45.849998
1246,46.02,45.799999,2011-08-12,45.779999,41.314529,MKC,636300,45.349998
1247,46.07,45.57,2011-08-11,44.27,41.107055,MKC,877900,43.880001
1248,45.330002,43.98,2011-08-10,44.779999,39.672773,MKC,1450100,43.830002
1249,45.290001,45.279999,2011-08-09,44.77,40.845455,MKC,1200800,43.360001
1250,46.099998,44.330002,2011-08-08,45.889999,39.988497,MKC,1041900,44.25
1251,46.900002,46.599998,2011-08-05,46.490002,42.036179,MKC,1016400,45.59
1252,47.639999,45.959999,2011-08-04,47.419998,41.458859,MKC,785000,45.939999
1253,47.799999,47.740002,2011-08-03,47.709999,43.064535,MKC,530500,47.189999
1254,48.34,47.700001,2011-08-02,48.099998,43.028452,MKC,537000,47.669998
1255,49.080002,48.43,2011-08-01,49.029999,43.686958,MKC,600800,48.110001
1256,49.02,48.650002,2011-07-29,48.860001,43.885413,MKC,527800,48.330002
1257,49.610001,49.09,2011-07-28,49.16,44.28232,MKC,381400,49.02
