,Symbol,Close,Open,High,Low,Adj_Close,Volume,Date
0,AGN.AS,3.619,3.562,3.677,3.562,3.619,10870900,2016-07-27
1,AGN.AS,3.534,3.53,3.556,3.464,3.534,7231100,2016-07-26
2,AGN.AS,3.535,3.494,3.543,3.457,3.535,6487200,2016-07-25
3,AGN.AS,3.481,3.49,3.523,3.464,3.481,9705100,2016-07-22
4,AGN.AS,3.531,3.545,3.598,3.501,3.531,9386900,2016-07-21
5,AGN.AS,3.535,3.489,3.552,3.46,3.535,7952300,2016-07-20
6,AGN.AS,3.455,3.50,3.539,3.42,3.455,8915500,2016-07-19
7,AGN.AS,3.489,3.47,3.528,3.44,3.489,9813500,2016-07-18
8,AGN.AS,3.454,3.47,3.498,3.393,3.454,11559100,2016-07-15
9,AGN.AS,3.473,3.499,3.522,3.429,3.473,14949400,2016-07-14
10,AGN.AS,3.45,3.439,3.539,3.434,3.45,14662600,2016-07-13
11,AGN.AS,3.424,3.29,3.45,3.239,3.424,13062900,2016-07-12
12,AGN.AS,3.374,3.373,3.389,3.29,3.374,10829500,2016-07-11
13,AGN.AS,3.302,3.17,3.366,3.142,3.302,14374200,2016-07-08
14,AGN.AS,3.16,3.082,3.215,3.08,3.16,16656700,2016-07-07
15,AGN.AS,3.036,3.15,3.168,3.001,3.036,19737300,2016-07-06
16,AGN.AS,3.182,3.43,3.444,3.178,3.182,17596400,2016-07-05
17,AGN.AS,3.469,3.55,3.566,3.441,3.469,10334000,2016-07-04
18,AGN.AS,3.544,3.566,3.575,3.498,3.544,15203200,2016-07-01
19,AGN.AS,3.53,3.55,3.576,3.493,3.53,14717700,2016-06-30
20,AGN.AS,3.529,3.59,3.627,3.473,3.529,16548000,2016-06-29
21,AGN.AS,3.557,3.712,3.729,3.553,3.557,14481600,2016-06-28
22,AGN.AS,3.605,3.823,3.87,3.568,3.605,15348000,2016-06-27
23,AGN.AS,3.861,3.54,3.962,3.54,3.861,21764300,2016-06-24
24,AGN.AS,4.344,4.246,4.39,4.217,4.344,10050800,2016-06-23
25,AGN.AS,4.235,4.20,4.275,4.151,4.235,5481700,2016-06-22
26,AGN.AS,4.176,4.129,4.211,4.102,4.176,5949200,2016-06-21
27,AGN.AS,4.118,4.036,4.126,4.004,4.118,10238700,2016-06-20
28,AGN.AS,3.866,3.847,3.984,3.828,3.866,42813500,2016-06-17
29,AGN.AS,3.79,3.835,3.864,3.757,3.79,11490600,2016-06-16
30,AGN.AS,3.898,3.923,3.99,3.889,3.898,9840600,2016-06-15
31,AGN.AS,3.865,3.902,3.944,3.843,3.865,10885800,2016-06-14
32,AGN.AS,3.944,4.027,4.057,3.901,3.944,10562400,2016-06-13
33,AGN.AS,4.087,4.253,4.261,4.073,4.087,8599700,2016-06-10
34,AGN.AS,4.288,4.35,4.354,4.26,4.288,7705000,2016-06-09
35,AGN.AS,4.349,4.41,4.41,4.313,4.349,6779100,2016-06-08
36,AGN.AS,4.425,4.443,4.47,4.417,4.425,5564900,2016-06-07
37,AGN.AS,4.423,4.393,4.432,4.359,4.423,6078700,2016-06-06
38,AGN.AS,4.399,4.57,4.597,4.37,4.399,8807800,2016-06-03
39,AGN.AS,4.553,4.55,4.613,4.514,4.553,5898800,2016-06-02
40,AGN.AS,4.543,4.595,4.605,4.45,4.543,10156600,2016-06-01
41,AGN.AS,4.62,4.629,4.648,4.585,4.62,11505400,2016-05-31
42,AGN.AS,4.622,4.578,4.622,4.567,4.622,2727200,2016-05-30
43,AGN.AS,4.574,4.538,4.581,4.517,4.574,4732900,2016-05-27
44,AGN.AS,4.575,4.55,4.589,4.497,4.575,10313200,2016-05-26
45,AGN.AS,4.552,4.561,4.605,4.516,4.552,10962100,2016-05-25
46,AGN.AS,4.518,4.30,4.52,4.289,4.518,7861200,2016-05-24
47,AGN.AS,4.451,4.492,4.499,4.357,4.321,8092700,2016-05-23
48,AGN.AS,4.502,4.469,4.509,4.442,4.37051,7670600,2016-05-20
49,AGN.AS,4.417,4.397,4.487,4.385,4.28799,12251200,2016-05-19
50,AGN.AS,4.362,4.22,4.372,4.183,4.2346,12872200,2016-05-18
51,AGN.AS,4.29,4.333,4.369,4.27,4.1647,9005300,2016-05-17
52,AGN.AS,4.31,4.291,4.311,4.227,4.18412,6223000,2016-05-16
53,AGN.AS,4.319,4.253,4.331,4.177,4.19286,15267400,2016-05-13
54,AGN.AS,4.278,4.42,4.51,4.252,4.15305,32940500,2016-05-12
55,AGN.AS,4.827,4.857,4.877,4.752,4.68602,10519500,2016-05-11
56,AGN.AS,4.878,4.889,4.958,4.841,4.73553,7882800,2016-05-10
57,AGN.AS,4.829,4.879,4.923,4.80,4.68796,7702300,2016-05-09
58,AGN.AS,4.835,4.80,4.893,4.744,4.69378,9466300,2016-05-06
59,AGN.AS,4.822,4.89,4.91,4.807,4.68116,9210000,2016-05-05
60,AGN.AS,4.856,4.866,4.93,4.85,4.71417,9273300,2016-05-04
61,AGN.AS,4.88,5.093,5.098,4.87,4.73747,12421300,2016-05-03
62,AGN.AS,5.085,5.038,5.093,5.001,4.93648,6341800,2016-05-02
63,AGN.AS,5.012,5.11,5.168,5.005,4.86561,10941400,2016-04-29
64,AGN.AS,5.177,5.095,5.177,5.058,5.0258,8377700,2016-04-28
65,AGN.AS,5.14,5.16,5.211,5.102,4.98988,7218400,2016-04-27
66,AGN.AS,5.174,5.141,5.215,5.108,5.02288,9544500,2016-04-26
67,AGN.AS,5.117,5.358,5.399,5.10,4.96755,13616400,2016-04-25
68,AGN.AS,5.385,5.349,5.406,5.292,5.22772,8710100,2016-04-22
69,AGN.AS,5.359,5.232,5.379,5.223,5.20248,11871600,2016-04-21
70,AGN.AS,5.245,5.144,5.247,5.097,5.09181,11554200,2016-04-20
71,AGN.AS,5.145,5.125,5.206,5.12,4.99473,9829400,2016-04-19
72,AGN.AS,5.159,5.055,5.161,5.02,5.00832,6778600,2016-04-18
73,AGN.AS,5.13,5.173,5.18,5.095,4.98017,10484500,2016-04-15
74,AGN.AS,5.181,5.145,5.214,5.125,5.02968,11339300,2016-04-14
75,AGN.AS,5.148,4.959,5.15,4.957,4.99764,11005700,2016-04-13
76,AGN.AS,4.91,4.876,4.963,4.826,4.76659,9219000,2016-04-12
77,AGN.AS,4.855,4.742,4.907,4.73,4.7132,10224600,2016-04-11
78,AGN.AS,4.716,4.613,4.757,4.613,4.57826,6385300,2016-04-08
79,AGN.AS,4.599,4.641,4.68,4.582,4.46468,9490700,2016-04-07
80,AGN.AS,4.622,4.611,4.673,4.574,4.48701,7751500,2016-04-06
81,AGN.AS,4.612,4.718,4.718,4.604,4.4773,8580700,2016-04-05
82,AGN.AS,4.767,4.715,4.835,4.688,4.62777,7691700,2016-04-04
83,AGN.AS,4.715,4.774,4.775,4.696,4.57729,10428400,2016-04-01
84,AGN.AS,4.834,4.88,4.937,4.829,4.69281,6958400,2016-03-31
85,AGN.AS,4.904,4.90,4.957,4.893,4.76077,7148400,2016-03-30
86,AGN.AS,4.936,4.95,5.057,4.891,4.79183,4681000,2016-03-29
87,AGN.AS,4.915,4.915,4.915,4.915,4.77145,000,2016-03-28
88,AGN.AS,4.915,4.915,4.915,4.915,4.77145,000,2016-03-25
89,AGN.AS,4.915,5.026,5.077,4.901,4.77145,7667700,2016-03-24
90,AGN.AS,5.058,5.081,5.116,5.038,4.91027,5471000,2016-03-23
91,AGN.AS,5.061,5.06,5.082,4.996,4.91318,5748100,2016-03-22
92,AGN.AS,5.084,5.093,5.168,5.06,4.93551,6432400,2016-03-21
93,AGN.AS,5.13,5.12,5.16,5.03,4.98017,13157000,2016-03-18
94,AGN.AS,5.104,5.129,5.136,4.963,4.95493,7083300,2016-03-17
95,AGN.AS,5.075,5.00,5.093,4.961,4.92677,6836300,2016-03-16
96,AGN.AS,5.005,5.05,5.075,5.003,4.85882,5768800,2016-03-15
97,AGN.AS,5.085,5.15,5.198,5.032,4.93648,7923100,2016-03-14
98,AGN.AS,5.087,4.953,5.098,4.931,4.93842,8969700,2016-03-11
99,AGN.AS,4.867,4.895,5.103,4.828,4.72485,13887300,2016-03-10
100,AGN.AS,4.876,4.838,4.935,4.822,4.73359,6176000,2016-03-09
101,AGN.AS,4.829,4.842,4.902,4.786,4.68796,7651300,2016-03-08
102,AGN.AS,4.876,4.904,4.968,4.848,4.73359,6467200,2016-03-07
103,AGN.AS,4.913,4.901,4.953,4.852,4.76951,7496800,2016-03-04
104,AGN.AS,4.877,4.888,4.895,4.82,4.73456,5341700,2016-03-03
105,AGN.AS,4.87,4.80,4.883,4.794,4.72776,8474300,2016-03-02
106,AGN.AS,4.771,4.601,4.777,4.593,4.63165,8153800,2016-03-01
107,AGN.AS,4.628,4.521,4.629,4.504,4.49283,7186700,2016-02-29
108,AGN.AS,4.574,4.50,4.61,4.491,4.44041,9070100,2016-02-26
109,AGN.AS,4.445,4.464,4.538,4.415,4.31518,8398800,2016-02-25
110,AGN.AS,4.401,4.49,4.49,4.35,4.27246,10389700,2016-02-24
111,AGN.AS,4.485,4.473,4.619,4.428,4.35401,13020200,2016-02-23
112,AGN.AS,4.505,4.411,4.517,4.374,4.37342,11522200,2016-02-22
113,AGN.AS,4.302,4.41,4.462,4.225,4.17635,13719600,2016-02-19
114,AGN.AS,4.491,4.516,4.559,4.452,4.35983,9934300,2016-02-18
115,AGN.AS,4.473,4.233,4.487,4.197,4.34236,11671200,2016-02-17
116,AGN.AS,4.234,4.297,4.297,4.133,4.11034,10811600,2016-02-16
117,AGN.AS,4.24,4.258,4.343,4.23,4.11616,11558000,2016-02-15
118,AGN.AS,4.12,4.136,4.16,4.039,3.99967,15271500,2016-02-12
119,AGN.AS,4.074,4.321,4.321,4.043,3.95501,15319400,2016-02-11
120,AGN.AS,4.389,4.307,4.519,4.235,4.26081,14832300,2016-02-10
121,AGN.AS,4.253,4.633,4.678,4.223,4.12878,21404900,2016-02-09
122,AGN.AS,4.674,4.878,4.925,4.641,4.53749,14271300,2016-02-08
123,AGN.AS,4.824,4.86,4.915,4.763,4.68311,10795200,2016-02-05
124,AGN.AS,4.857,4.851,4.916,4.762,4.71514,10928500,2016-02-04
125,AGN.AS,4.755,4.917,4.927,4.703,4.61612,12994600,2016-02-03
126,AGN.AS,4.933,5.124,5.125,4.896,4.78892,10198300,2016-02-02
127,AGN.AS,5.147,5.23,5.237,5.09,4.99667,6893300,2016-02-01
128,AGN.AS,5.201,5.17,5.201,5.075,5.04909,8715400,2016-01-29
129,AGN.AS,5.092,5.146,5.234,5.05,4.94328,7903300,2016-01-28
130,AGN.AS,5.177,5.218,5.236,5.105,5.0258,6796600,2016-01-27
131,AGN.AS,5.209,5.059,5.231,5.031,5.05686,7902000,2016-01-26
132,AGN.AS,5.15,5.308,5.308,5.12,4.99958,7406900,2016-01-25
133,AGN.AS,5.25,5.189,5.366,5.136,5.09666,12951000,2016-01-22
134,AGN.AS,5.059,4.973,5.13,4.898,4.91124,10218800,2016-01-21
135,AGN.AS,4.97,5.06,5.106,4.903,4.82484,14312900,2016-01-20
136,AGN.AS,5.182,5.20,5.299,5.135,5.03065,10333000,2016-01-19
137,AGN.AS,5.10,5.263,5.359,5.10,4.95104,10362200,2016-01-18
138,AGN.AS,5.288,5.372,5.465,5.20,5.13355,17734600,2016-01-15
139,AGN.AS,5.418,5.35,5.497,5.326,5.25976,18505200,2016-01-14
140,AGN.AS,5.43,5.29,5.645,5.263,5.27141,32834400,2016-01-13
141,AGN.AS,4.951,4.856,4.983,4.812,4.8064,10479700,2016-01-12
142,AGN.AS,4.842,4.75,4.899,4.735,4.70058,9873700,2016-01-11
143,AGN.AS,4.757,4.833,4.925,4.751,4.61806,11168800,2016-01-08
144,AGN.AS,4.836,4.862,4.903,4.743,4.69476,12933100,2016-01-07
145,AGN.AS,5.027,5.05,5.10,4.958,4.88018,9007300,2016-01-06
146,AGN.AS,5.046,5.119,5.14,4.975,4.89862,8487200,2016-01-05
147,AGN.AS,5.081,5.159,5.159,5.02,4.9326,7122500,2016-01-04
148,AGN.AS,5.23,5.23,5.23,5.23,5.07725,000,2016-01-01
149,AGN.AS,5.23,5.267,5.267,5.204,5.07725,1435400,2015-12-31
150,AGN.AS,5.25,5.278,5.307,5.237,5.09666,3382000,2015-12-30
151,AGN.AS,5.301,5.265,5.336,5.238,5.14617,4039400,2015-12-29
152,AGN.AS,5.243,5.271,5.31,5.226,5.08987,3458900,2015-12-28
153,AGN.AS,5.255,5.255,5.255,5.255,5.10152,000,2015-12-25
154,AGN.AS,5.255,5.30,5.315,5.251,5.10152,1122600,2015-12-24
155,AGN.AS,5.281,5.155,5.293,5.144,5.12676,5961000,2015-12-23
156,AGN.AS,5.102,5.131,5.14,5.028,4.95299,4683000,2015-12-22
157,AGN.AS,5.08,5.07,5.204,5.058,4.93163,6401000,2015-12-21
158,AGN.AS,5.095,5.05,5.11,5.017,4.94619,12417300,2015-12-18
159,AGN.AS,5.116,5.117,5.259,5.085,4.96658,12847000,2015-12-17
160,AGN.AS,4.958,5.022,5.05,4.926,4.81319,8862600,2015-12-16
161,AGN.AS,4.993,5.00,5.044,4.958,4.84717,13098800,2015-12-15
162,AGN.AS,4.929,5.194,5.194,4.922,4.78504,9407500,2015-12-14
163,AGN.AS,5.152,5.325,5.337,5.133,5.00153,9440600,2015-12-11
164,AGN.AS,5.348,5.341,5.40,5.268,5.1918,7348700,2015-12-10
165,AGN.AS,5.384,5.35,5.446,5.27,5.22675,6512400,2015-12-09
166,AGN.AS,5.356,5.40,5.404,5.284,5.19957,6596600,2015-12-08
167,AGN.AS,5.417,5.50,5.511,5.408,5.25879,6698700,2015-12-07
168,AGN.AS,5.435,5.49,5.511,5.361,5.27626,9957900,2015-12-04
169,AGN.AS,5.498,5.733,5.815,5.485,5.33742,15259000,2015-12-03
170,AGN.AS,5.755,5.813,5.82,5.728,5.58691,6173400,2015-12-02
171,AGN.AS,5.81,5.817,5.846,5.778,5.64031,7583900,2015-12-01
172,AGN.AS,5.796,5.777,5.839,5.766,5.62672,9173100,2015-11-30
173,AGN.AS,5.80,5.828,5.88,5.765,5.6306,6818000,2015-11-27
174,AGN.AS,5.85,5.725,5.865,5.707,5.67914,7268400,2015-11-26
175,AGN.AS,5.741,5.567,5.748,5.53,5.57332,10147500,2015-11-25
176,AGN.AS,5.538,5.55,5.574,5.481,5.37625,6727500,2015-11-24
177,AGN.AS,5.535,5.515,5.56,5.46,5.37334,6798800,2015-11-23
178,AGN.AS,5.513,5.524,5.528,5.439,5.35198,7398800,2015-11-20
179,AGN.AS,5.50,5.41,5.518,5.41,5.33936,10956100,2015-11-19
180,AGN.AS,5.369,5.273,5.37,5.237,5.21219,10247200,2015-11-18
181,AGN.AS,5.262,5.15,5.274,5.131,5.10831,11010500,2015-11-17
182,AGN.AS,5.093,5.052,5.153,5.02,4.94425,8192300,2015-11-16
183,AGN.AS,5.133,5.06,5.192,4.991,4.98308,17463400,2015-11-13
184,AGN.AS,5.10,5.603,5.63,5.03,4.95104,30517500,2015-11-12
185,AGN.AS,5.736,5.70,5.745,5.65,5.56847,8911000,2015-11-11
186,AGN.AS,5.711,5.825,5.847,5.692,5.5442,8540400,2015-11-10
187,AGN.AS,5.82,5.88,5.933,5.815,5.65002,9548400,2015-11-09
188,AGN.AS,5.85,5.644,5.87,5.608,5.67914,13759300,2015-11-06
189,AGN.AS,5.649,5.724,5.735,5.607,5.48401,6749900,2015-11-05
190,AGN.AS,5.714,5.76,5.832,5.714,5.54711,7437800,2015-11-04
191,AGN.AS,5.728,5.68,5.757,5.631,5.5607,9703600,2015-11-03
192,AGN.AS,5.745,5.541,5.765,5.54,5.57721,9109200,2015-11-02
193,AGN.AS,5.604,5.596,5.619,5.535,5.44032,5062400,2015-10-30
194,AGN.AS,5.58,5.575,5.612,5.522,5.41703,7130600,2015-10-29
195,AGN.AS,5.524,5.44,5.547,5.40,5.36266,5432600,2015-10-28
196,AGN.AS,5.427,5.526,5.533,5.424,5.26849,5319400,2015-10-27
197,AGN.AS,5.533,5.535,5.60,5.504,5.3714,4710000,2015-10-26
198,AGN.AS,5.546,5.484,5.567,5.447,5.38402,8036900,2015-10-23
199,AGN.AS,5.445,5.25,5.462,5.229,5.28597,9622600,2015-10-22
200,AGN.AS,5.275,5.339,5.353,5.238,5.12093,9249600,2015-10-21
201,AGN.AS,5.335,5.455,5.472,5.242,5.17918,11408200,2015-10-20
202,AGN.AS,5.47,5.47,5.577,5.447,5.31024,4335900,2015-10-19
203,AGN.AS,5.474,5.425,5.487,5.413,5.31412,5858300,2015-10-16
204,AGN.AS,5.379,5.424,5.435,5.363,5.2219,6673400,2015-10-15
205,AGN.AS,5.361,5.366,5.442,5.341,5.20442,6956800,2015-10-14
206,AGN.AS,5.435,5.513,5.513,5.343,5.27626,6604100,2015-10-13
207,AGN.AS,5.539,5.562,5.601,5.503,5.37722,6746900,2015-10-12
208,AGN.AS,5.55,5.525,5.597,5.519,5.3879,7472000,2015-10-09
209,AGN.AS,5.49,5.414,5.492,5.364,5.32965,8584000,2015-10-08
210,AGN.AS,5.417,5.308,5.469,5.295,5.25879,13417400,2015-10-07
211,AGN.AS,5.269,5.35,5.368,5.253,5.11511,10765500,2015-10-06
212,AGN.AS,5.302,5.199,5.312,5.166,5.14714,7517500,2015-10-05
213,AGN.AS,5.097,5.078,5.232,4.97,4.94813,12468200,2015-10-02
214,AGN.AS,5.026,5.20,5.218,5.018,4.87921,10411900,2015-10-01
215,AGN.AS,5.135,5.079,5.168,5.075,4.98502,8265900,2015-09-30
216,AGN.AS,4.976,4.927,5.045,4.88,4.83067,8735000,2015-09-29
217,AGN.AS,5.001,5.18,5.19,4.98,4.85494,9352300,2015-09-28
218,AGN.AS,5.203,5.026,5.25,5.011,5.05104,13184500,2015-09-25
219,AGN.AS,4.912,5.17,5.17,4.867,4.76854,12058800,2015-09-24
220,AGN.AS,5.03,5.034,5.111,4.995,4.88309,6429700,2015-09-23
221,AGN.AS,5.04,5.20,5.233,5.006,4.8928,11143700,2015-09-22
222,AGN.AS,5.166,5.164,5.222,5.108,5.01512,9105000,2015-09-21
223,AGN.AS,5.168,5.437,5.439,5.106,5.01706,20857300,2015-09-18
224,AGN.AS,5.505,5.476,5.526,5.459,5.34422,6502000,2015-09-17
225,AGN.AS,5.463,5.45,5.478,5.414,5.30344,6475500,2015-09-16
226,AGN.AS,5.405,5.316,5.435,5.284,5.24714,6271200,2015-09-15
227,AGN.AS,5.313,5.27,5.368,5.267,5.15782,7749000,2015-09-14
228,AGN.AS,5.272,5.415,5.42,5.27,5.11802,8726400,2015-09-11
229,AGN.AS,5.406,5.494,5.502,5.359,5.24811,11972400,2015-09-10
230,AGN.AS,5.556,5.541,5.664,5.482,5.39373,15087800,2015-09-09
231,AGN.AS,5.414,5.281,5.454,5.273,5.25587,8775000,2015-09-08
232,AGN.AS,5.256,5.281,5.329,5.234,5.10249,4761400,2015-09-07
233,AGN.AS,5.251,5.41,5.416,5.229,5.09763,9504000,2015-09-04
234,AGN.AS,5.46,5.397,5.503,5.337,5.30053,9611400,2015-09-03
235,AGN.AS,5.344,5.359,5.406,5.284,5.18792,7158200,2015-09-02
236,AGN.AS,5.355,5.426,5.46,5.288,5.1986,10588800,2015-09-01
237,AGN.AS,5.486,5.517,5.517,5.423,5.32577,6643700,2015-08-31
238,AGN.AS,5.532,5.572,5.737,5.495,5.37043,12669800,2015-08-28
239,AGN.AS,5.466,5.461,5.512,5.386,5.30635,10667300,2015-08-27
240,AGN.AS,5.317,5.319,5.414,5.212,5.16171,11673600,2015-08-26
241,AGN.AS,5.374,5.258,5.445,5.229,5.21704,14809200,2015-08-25
242,AGN.AS,5.197,5.316,5.39,4.959,5.04521,23168000,2015-08-24
243,AGN.AS,5.555,5.652,5.717,5.551,5.39276,14178500,2015-08-21
244,AGN.AS,5.83,5.979,6.012,5.821,5.54323,10806300,2015-08-20
245,AGN.AS,6.025,6.11,6.193,5.992,5.61454,10399700,2015-08-19
246,AGN.AS,6.138,5.954,6.157,5.933,5.71984,11046000,2015-08-18
247,AGN.AS,5.966,6.029,6.044,5.898,5.55956,12216600,2015-08-17
248,AGN.AS,5.966,6.17,6.175,5.912,5.55956,17403300,2015-08-14
249,AGN.AS,6.144,6.281,6.31,5.98,5.72543,28414000,2015-08-13
250,AGN.AS,6.643,6.847,6.847,6.625,6.19044,11920900,2015-08-12
251,AGN.AS,6.882,7.124,7.133,6.871,6.41316,11741200,2015-08-11
252,AGN.AS,7.148,7.104,7.157,7.011,6.66103,4116800,2015-08-10
253,AGN.AS,7.077,7.129,7.159,7.063,6.59487,4064700,2015-08-07
254,AGN.AS,7.136,7.111,7.159,7.098,6.64985,3890300,2015-08-06
255,AGN.AS,7.123,7.10,7.14,7.084,6.63774,5300600,2015-08-05
256,AGN.AS,7.069,7.049,7.093,7.024,6.58742,3920700,2015-08-04
257,AGN.AS,7.054,6.963,7.07,6.963,6.57344,4334000,2015-08-03
258,AGN.AS,7.004,7.074,7.092,6.904,6.52684,6957800,2015-07-31
259,AGN.AS,7.068,7.03,7.10,7.015,6.58648,5022200,2015-07-30
260,AGN.AS,6.994,7.082,7.10,6.956,6.51752,6447200,2015-07-29
261,AGN.AS,7.059,7.019,7.085,6.968,6.5781,5208600,2015-07-28
262,AGN.AS,6.984,7.05,7.085,6.977,6.50821,6311800,2015-07-27
263,AGN.AS,7.105,7.162,7.21,7.085,6.62096,6340800,2015-07-24
264,AGN.AS,7.186,7.217,7.22,7.149,6.69644,5622300,2015-07-23
265,AGN.AS,7.176,7.087,7.20,7.062,6.68713,7504900,2015-07-22
266,AGN.AS,7.112,7.166,7.189,7.102,6.62749,4477900,2015-07-21
267,AGN.AS,7.155,7.18,7.21,7.128,6.66756,5479100,2015-07-20
268,AGN.AS,7.097,7.033,7.127,6.994,6.61351,6976000,2015-07-17
269,AGN.AS,7.025,6.95,7.04,6.934,6.54641,6305900,2015-07-16
270,AGN.AS,6.906,6.88,6.95,6.88,6.43552,5253300,2015-07-15
271,AGN.AS,6.905,6.894,6.912,6.848,6.43459,5647600,2015-07-14
272,AGN.AS,6.897,6.821,6.913,6.809,6.42713,6580100,2015-07-13
273,AGN.AS,6.728,6.701,6.755,6.679,6.26965,8833100,2015-07-10
274,AGN.AS,6.559,6.45,6.595,6.439,6.11216,5445700,2015-07-09
275,AGN.AS,6.423,6.36,6.441,6.315,5.98542,5876900,2015-07-08
276,AGN.AS,6.355,6.486,6.501,6.344,5.92206,9004300,2015-07-07
277,AGN.AS,6.483,6.489,6.552,6.426,6.04134,7436500,2015-07-06
278,AGN.AS,6.607,6.657,6.669,6.58,6.15689,4890500,2015-07-03
279,AGN.AS,6.654,6.70,6.708,6.637,6.20069,5242400,2015-07-02
280,AGN.AS,6.70,6.65,6.754,6.605,6.24355,10091200,2015-07-01
281,AGN.AS,6.592,6.552,6.694,6.552,6.14291,11188600,2015-06-30
282,AGN.AS,6.595,6.50,6.691,6.431,6.14571,11065100,2015-06-29
283,AGN.AS,6.82,6.765,6.881,6.75,6.35538,7123900,2015-06-26
284,AGN.AS,6.80,6.751,6.877,6.745,6.33674,8015800,2015-06-25
285,AGN.AS,6.794,6.76,6.831,6.708,6.33115,9389100,2015-06-24
286,AGN.AS,6.76,6.773,6.839,6.752,6.29947,8588200,2015-06-23
287,AGN.AS,6.708,6.639,6.73,6.625,6.25101,8730300,2015-06-22
288,AGN.AS,6.506,6.51,6.587,6.479,6.06277,15951100,2015-06-19
289,AGN.AS,6.526,6.457,6.534,6.418,6.08141,7397200,2015-06-18
290,AGN.AS,6.493,6.53,6.56,6.451,6.05066,8346100,2015-06-17
291,AGN.AS,6.506,6.40,6.536,6.368,6.06277,11457800,2015-06-16
292,AGN.AS,6.438,6.435,6.482,6.40,5.9994,9105400,2015-06-15
293,AGN.AS,6.509,6.612,6.624,6.448,6.06557,13642700,2015-06-12
294,AGN.AS,6.636,6.687,6.716,6.586,6.18391,16148600,2015-06-11
295,AGN.AS,6.714,6.531,6.748,6.50,6.2566,13733500,2015-06-10
296,AGN.AS,6.559,6.65,6.655,6.427,6.11216,16553100,2015-06-09
297,AGN.AS,6.65,6.785,6.813,6.635,6.19696,11170700,2015-06-08
298,AGN.AS,6.808,6.76,6.872,6.719,6.3442,13229800,2015-06-05
299,AGN.AS,6.822,6.831,6.856,6.724,6.35724,8943200,2015-06-04
300,AGN.AS,6.881,6.86,6.912,6.815,6.41222,7189800,2015-06-03
301,AGN.AS,6.858,6.865,6.895,6.762,6.39079,7063100,2015-06-02
302,AGN.AS,6.846,6.95,6.969,6.771,6.37961,9121500,2015-06-01
303,AGN.AS,6.931,7.04,7.04,6.91,6.45882,11732300,2015-05-29
304,AGN.AS,7.043,7.193,7.211,6.989,6.56319,11824100,2015-05-28
305,AGN.AS,7.198,7.095,7.228,7.05,6.70763,7162200,2015-05-27
306,AGN.AS,7.117,7.158,7.208,7.086,6.63215,5697100,2015-05-26
307,AGN.AS,7.172,7.185,7.21,7.133,6.6834,1875500,2015-05-25
308,AGN.AS,7.188,7.181,7.245,7.141,6.69831,6015800,2015-05-22
309,AGN.AS,7.274,7.232,7.276,7.203,6.66662,7961900,2015-05-21
310,AGN.AS,7.267,7.27,7.289,7.185,6.66021,6721600,2015-05-20
311,AGN.AS,7.263,7.113,7.294,7.113,6.65654,9332100,2015-05-19
312,AGN.AS,7.075,7.132,7.135,6.974,6.48424,6958300,2015-05-18
313,AGN.AS,7.105,7.10,7.178,7.069,6.51174,7955800,2015-05-15
314,AGN.AS,7.055,6.949,7.078,6.884,6.46591,6491900,2015-05-14
315,AGN.AS,6.926,6.95,7.027,6.90,6.34768,15708200,2015-05-13
316,AGN.AS,7.144,7.234,7.24,7.106,6.54748,10735400,2015-05-12
317,AGN.AS,7.231,7.077,7.236,7.02,6.62722,11727100,2015-05-11
318,AGN.AS,7.022,7.10,7.10,6.94,6.43567,11358200,2015-05-08
319,AGN.AS,7.06,6.90,7.11,6.843,6.47049,12210400,2015-05-07
320,AGN.AS,6.936,6.85,6.99,6.85,6.35685,9901500,2015-05-06
321,AGN.AS,6.847,7.018,7.069,6.84,6.27528,10961400,2015-05-05
322,AGN.AS,7.102,7.031,7.131,6.959,6.50899,5417400,2015-05-04
323,AGN.AS,7.065,7.065,7.065,7.065,6.47508,000,2015-05-01
324,AGN.AS,7.065,6.937,7.101,6.903,6.47508,9172600,2015-04-30
325,AGN.AS,6.94,7.099,7.14,6.903,6.36051,10021500,2015-04-29
326,AGN.AS,7.073,7.195,7.204,7.017,6.48241,6661000,2015-04-28
327,AGN.AS,7.198,7.104,7.208,7.035,6.59697,7791000,2015-04-27
328,AGN.AS,7.072,7.156,7.197,7.035,6.48149,8797100,2015-04-24
329,AGN.AS,7.147,7.171,7.195,7.043,6.55023,7019500,2015-04-23
330,AGN.AS,7.178,7.198,7.278,7.124,6.57864,10060900,2015-04-22
331,AGN.AS,7.186,7.319,7.376,7.18,6.58597,8808500,2015-04-21
332,AGN.AS,7.257,7.329,7.35,7.193,6.65104,11038300,2015-04-20
333,AGN.AS,7.298,7.448,7.454,7.235,6.68862,8914600,2015-04-17
334,AGN.AS,7.481,7.562,7.58,7.451,6.85634,6167700,2015-04-16
335,AGN.AS,7.58,7.566,7.633,7.533,6.94707,5693200,2015-04-15
336,AGN.AS,7.506,7.597,7.645,7.469,6.87925,6684800,2015-04-14
337,AGN.AS,7.594,7.591,7.641,7.569,6.9599,4199600,2015-04-13
338,AGN.AS,7.582,7.53,7.608,7.515,6.94891,5567200,2015-04-10
339,AGN.AS,7.506,7.517,7.528,7.465,6.87925,4026200,2015-04-09
340,AGN.AS,7.477,7.501,7.536,7.46,6.85267,3837900,2015-04-08
341,AGN.AS,7.519,7.489,7.55,7.458,6.89117,6409900,2015-04-07
342,AGN.AS,7.429,7.429,7.429,7.429,6.80868,000,2015-04-06
343,AGN.AS,7.429,7.429,7.429,7.429,6.80868,000,2015-04-03
344,AGN.AS,7.429,7.42,7.441,7.372,6.80868,3987500,2015-04-02
345,AGN.AS,7.403,7.333,7.519,7.316,6.78485,7141300,2015-04-01
346,AGN.AS,7.349,7.456,7.514,7.332,6.73536,7220500,2015-03-31
347,AGN.AS,7.452,7.31,7.467,7.31,6.82976,5371400,2015-03-30
348,AGN.AS,7.278,7.278,7.33,7.196,6.67029,6593700,2015-03-27
349,AGN.AS,7.275,7.35,7.37,7.184,6.66754,13848500,2015-03-26
350,AGN.AS,7.505,7.591,7.658,7.497,6.87834,8247400,2015-03-25
351,AGN.AS,7.587,7.499,7.619,7.495,6.95349,6131500,2015-03-24
352,AGN.AS,7.50,7.612,7.623,7.48,6.87375,8562600,2015-03-23
353,AGN.AS,7.59,7.59,7.624,7.518,6.95624,12673600,2015-03-20
354,AGN.AS,7.564,7.50,7.578,7.417,6.93241,14912900,2015-03-19
355,AGN.AS,7.639,7.546,7.639,7.526,7.00115,8432400,2015-03-18
356,AGN.AS,7.568,7.685,7.699,7.50,6.93608,9522600,2015-03-17
357,AGN.AS,7.66,7.59,7.68,7.586,7.02039,7140100,2015-03-16
358,AGN.AS,7.557,7.549,7.586,7.51,6.92599,7426700,2015-03-13
359,AGN.AS,7.519,7.513,7.563,7.446,6.89117,10525700,2015-03-12
360,AGN.AS,7.513,7.174,7.525,7.17,6.88567,15743600,2015-03-11
361,AGN.AS,7.122,7.20,7.215,7.064,6.52732,9990100,2015-03-10
362,AGN.AS,7.228,7.29,7.29,7.157,6.62447,10135300,2015-03-09
363,AGN.AS,7.327,6.921,7.339,6.92,6.7152,20224000,2015-03-06
364,AGN.AS,6.923,6.85,6.949,6.845,6.34493,7497400,2015-03-05
365,AGN.AS,6.832,6.811,6.851,6.764,6.26153,6761300,2015-03-04
366,AGN.AS,6.799,6.912,6.93,6.782,6.23129,7768000,2015-03-03
367,AGN.AS,6.90,6.88,6.918,6.844,6.32385,6597900,2015-03-02
368,AGN.AS,6.92,6.929,6.949,6.897,6.34218,8486200,2015-02-27
369,AGN.AS,6.928,6.873,6.938,6.869,6.34952,6225300,2015-02-26
370,AGN.AS,6.854,6.847,6.932,6.822,6.28169,8070000,2015-02-25
371,AGN.AS,6.839,6.817,6.846,6.734,6.26795,10125200,2015-02-24
372,AGN.AS,6.804,6.787,6.842,6.774,6.23587,10264500,2015-02-23
373,AGN.AS,6.72,6.62,6.72,6.62,6.15888,11257400,2015-02-20
374,AGN.AS,6.63,6.70,6.827,6.53,6.0764,17700700,2015-02-19
375,AGN.AS,6.653,6.564,6.67,6.563,6.09748,8389100,2015-02-18
376,AGN.AS,6.531,6.58,6.605,6.498,5.98566,7333800,2015-02-17
377,AGN.AS,6.605,6.609,6.663,6.597,6.05349,6138600,2015-02-16
378,AGN.AS,6.596,6.669,6.699,6.581,6.04524,10159600,2015-02-13
379,AGN.AS,6.636,6.55,6.675,6.547,6.0819,7082700,2015-02-12
380,AGN.AS,6.56,6.55,6.574,6.516,6.01224,6220700,2015-02-11
381,AGN.AS,6.541,6.523,6.59,6.468,5.99483,5475000,2015-02-10
382,AGN.AS,6.50,6.524,6.538,6.445,5.95725,6331500,2015-02-09
383,AGN.AS,6.566,6.499,6.60,6.452,6.01774,6116100,2015-02-06
384,AGN.AS,6.506,6.47,6.541,6.47,5.96275,4293500,2015-02-05
385,AGN.AS,6.51,6.559,6.587,6.452,5.96642,7958400,2015-02-04
386,AGN.AS,6.528,6.403,6.558,6.40,5.98292,8794400,2015-02-03
387,AGN.AS,6.376,6.34,6.393,6.314,5.84361,5997400,2015-02-02
388,AGN.AS,6.341,6.35,6.456,6.332,5.81153,9733700,2015-01-30
389,AGN.AS,6.334,6.235,6.344,6.216,5.80511,7129300,2015-01-29
390,AGN.AS,6.263,6.29,6.317,6.207,5.74004,6897400,2015-01-28
391,AGN.AS,6.224,6.274,6.307,6.194,5.7043,7949300,2015-01-27
392,AGN.AS,6.264,6.228,6.32,6.205,5.74096,7769800,2015-01-26
393,AGN.AS,6.248,6.341,6.382,6.213,5.7263,10355100,2015-01-23
394,AGN.AS,6.301,6.185,6.328,6.181,5.77487,13357600,2015-01-22
395,AGN.AS,6.175,6.223,6.233,6.108,5.65939,8588700,2015-01-21
396,AGN.AS,6.226,6.26,6.309,6.199,5.70613,7447900,2015-01-20
397,AGN.AS,6.225,6.093,6.248,6.075,5.70522,7022900,2015-01-19
398,AGN.AS,6.088,6.01,6.10,5.975,5.57965,8330800,2015-01-16
399,AGN.AS,6.043,6.04,6.107,5.87,5.53841,12494900,2015-01-15
400,AGN.AS,5.98,6.074,6.14,5.971,5.48067,5597300,2015-01-14
401,AGN.AS,6.097,5.963,6.152,5.935,5.5879,6317600,2015-01-13
402,AGN.AS,5.993,6.014,6.055,5.924,5.49259,4689300,2015-01-12
403,AGN.AS,5.998,6.143,6.18,5.95,5.49717,6735000,2015-01-09
404,AGN.AS,6.164,6.049,6.183,6.03,5.64931,6755900,2015-01-08
405,AGN.AS,5.978,5.971,6.035,5.935,5.47884,7161900,2015-01-07
406,AGN.AS,5.936,6.051,6.072,5.916,5.44035,9146100,2015-01-06
407,AGN.AS,6.044,6.149,6.269,6.037,5.53933,7285100,2015-01-05
408,AGN.AS,6.191,6.261,6.291,6.177,5.67405,3782300,2015-01-02
409,AGN.AS,6.259,6.259,6.259,6.259,5.73638,000,2015-01-01
410,AGN.AS,6.259,6.205,6.281,6.182,5.73638,1120100,2014-12-31
411,AGN.AS,6.185,6.229,6.281,6.185,5.66856,2673400,2014-12-30
412,AGN.AS,6.255,6.249,6.29,6.19,5.73271,3137200,2014-12-29
413,AGN.AS,6.245,6.245,6.245,6.245,5.72355,000,2014-12-26
414,AGN.AS,6.245,6.245,6.245,6.245,5.72355,000,2014-12-25
415,AGN.AS,6.245,6.256,6.295,6.244,5.72355,736400,2014-12-24
416,AGN.AS,6.28,6.221,6.296,6.221,5.75562,3283800,2014-12-23
417,AGN.AS,6.212,6.158,6.267,6.158,5.6933,4173400,2014-12-22
418,AGN.AS,6.19,6.209,6.242,6.137,5.67314,9153400,2014-12-19
419,AGN.AS,6.181,6.082,6.199,6.04,5.66489,9064000,2014-12-18
420,AGN.AS,5.998,5.99,6.024,5.907,5.49717,6472200,2014-12-17
421,AGN.AS,6.065,5.85,6.069,5.741,5.55858,14736500,2014-12-16
422,AGN.AS,5.832,5.997,6.032,5.802,5.34503,8274900,2014-12-15
423,AGN.AS,6.00,6.06,6.085,5.987,5.499,7201800,2014-12-12
424,AGN.AS,6.125,6.061,6.14,6.05,5.61357,5095900,2014-12-11
425,AGN.AS,6.078,6.126,6.146,6.062,5.57049,7154100,2014-12-10
426,AGN.AS,6.131,6.258,6.258,6.11,5.61906,7852900,2014-12-09
427,AGN.AS,6.322,6.369,6.421,6.301,5.79412,4925500,2014-12-08
428,AGN.AS,6.39,6.235,6.40,6.235,5.85644,6284100,2014-12-05
429,AGN.AS,6.21,6.319,6.336,6.182,5.69147,6391500,2014-12-04
430,AGN.AS,6.271,6.285,6.321,6.266,5.74737,4499300,2014-12-03
431,AGN.AS,6.295,6.22,6.33,6.208,5.76937,6084800,2014-12-02
432,AGN.AS,6.202,6.275,6.306,6.185,5.68414,5352000,2014-12-01
433,AGN.AS,6.313,6.353,6.382,6.30,5.78587,5383900,2014-11-28
434,AGN.AS,6.361,6.314,6.392,6.30,5.82986,4414600,2014-11-27
435,AGN.AS,6.289,6.322,6.352,6.283,5.76387,4744600,2014-11-26
436,AGN.AS,6.301,6.24,6.37,6.229,5.77487,8279600,2014-11-25
437,AGN.AS,6.241,6.16,6.252,6.155,5.71988,8553900,2014-11-24
438,AGN.AS,6.15,6.084,6.20,6.084,5.63648,11175200,2014-11-21
439,AGN.AS,6.074,6.166,6.182,6.028,5.56682,8754500,2014-11-20
440,AGN.AS,6.189,6.216,6.236,6.166,5.67222,7985800,2014-11-19
441,AGN.AS,6.223,6.097,6.23,6.076,5.70338,9748400,2014-11-18
442,AGN.AS,6.096,6.048,6.104,5.977,5.58699,9652400,2014-11-17
443,AGN.AS,6.093,6.10,6.10,5.973,5.58424,10536700,2014-11-14
444,AGN.AS,6.101,6.30,6.30,5.95,5.59157,26211900,2014-11-13
445,AGN.AS,6.498,6.574,6.606,6.463,5.95542,6138100,2014-11-12
446,AGN.AS,6.612,6.619,6.69,6.595,6.0599,6262500,2014-11-11
447,AGN.AS,6.606,6.539,6.62,6.517,6.0544,5410500,2014-11-10
448,AGN.AS,6.541,6.582,6.605,6.504,5.99483,4902500,2014-11-07
449,AGN.AS,6.571,6.487,6.636,6.444,6.02232,10015000,2014-11-06
450,AGN.AS,6.508,6.44,6.525,6.43,5.96459,6184000,2014-11-05
451,AGN.AS,6.395,6.396,6.482,6.379,5.86102,5190800,2014-11-04
452,AGN.AS,6.434,6.494,6.549,6.403,5.89676,6064000,2014-11-03
453,AGN.AS,6.494,6.401,6.494,6.385,5.95175,8227200,2014-10-31
454,AGN.AS,6.336,6.307,6.356,6.197,5.80695,7969600,2014-10-30
455,AGN.AS,6.243,6.30,6.31,6.219,5.72171,4497600,2014-10-29
456,AGN.AS,6.268,6.226,6.294,6.192,5.74463,5145700,2014-10-28
457,AGN.AS,6.164,6.265,6.282,6.138,5.64931,5178300,2014-10-27
458,AGN.AS,6.201,6.171,6.224,6.155,5.68322,4242500,2014-10-24
459,AGN.AS,6.204,6.108,6.22,6.079,5.68597,6828200,2014-10-23
460,AGN.AS,6.141,6.144,6.17,6.064,5.62823,8876200,2014-10-22
461,AGN.AS,6.108,5.957,6.167,5.924,5.59798,11756100,2014-10-21
462,AGN.AS,5.974,6.012,6.02,5.925,5.47517,8363700,2014-10-20
463,AGN.AS,6.017,5.885,6.025,5.844,5.51458,11896800,2014-10-17
464,AGN.AS,5.854,6.00,6.004,5.701,5.36519,17450600,2014-10-16
465,AGN.AS,5.932,6.20,6.218,5.925,5.43668,16394700,2014-10-15
466,AGN.AS,6.207,6.12,6.231,6.082,5.68872,8813700,2014-10-14
467,AGN.AS,6.182,6.10,6.22,6.05,5.66581,11311200,2014-10-13
468,AGN.AS,6.164,6.21,6.275,6.155,5.64931,9105000,2014-10-10
469,AGN.AS,6.26,6.303,6.366,6.247,5.73729,12990900,2014-10-09
470,AGN.AS,6.303,6.332,6.374,6.277,5.7767,6199000,2014-10-08
471,AGN.AS,6.382,6.451,6.468,6.366,5.84911,5329800,2014-10-07
472,AGN.AS,6.483,6.50,6.517,6.458,5.94167,4148200,2014-10-06
473,AGN.AS,6.478,6.399,6.497,6.374,5.93709,6931400,2014-10-03
474,AGN.AS,6.362,6.51,6.51,6.356,5.83078,10479900,2014-10-02
475,AGN.AS,6.518,6.513,6.624,6.502,5.97375,10521300,2014-10-01
476,AGN.AS,6.532,6.595,6.605,6.509,5.98658,9174800,2014-09-30
477,AGN.AS,6.583,6.552,6.613,6.544,6.03332,5776900,2014-09-29
478,AGN.AS,6.564,6.584,6.603,6.522,6.01591,6924800,2014-09-26
479,AGN.AS,6.584,6.632,6.684,6.566,6.03424,9532900,2014-09-25
480,AGN.AS,6.612,6.627,6.634,6.497,6.0599,8711500,2014-09-24
481,AGN.AS,6.632,6.681,6.727,6.588,6.07823,11146400,2014-09-23
482,AGN.AS,6.639,6.611,6.696,6.606,6.08465,7046200,2014-09-22
483,AGN.AS,6.642,6.644,6.68,6.63,6.0874,10578400,2014-09-19
484,AGN.AS,6.609,6.519,6.625,6.509,6.05715,6890100,2014-09-18
485,AGN.AS,6.504,6.52,6.551,6.496,5.96092,8940400,2014-09-17
486,AGN.AS,6.515,6.518,6.52,6.467,5.971,8799400,2014-09-16
487,AGN.AS,6.503,6.348,6.508,6.348,5.96,9036700,2014-09-15
488,AGN.AS,6.391,6.355,6.398,6.339,5.85735,5605300,2014-09-12
489,AGN.AS,6.341,6.40,6.412,6.322,5.81153,5709100,2014-09-11
490,AGN.AS,6.392,6.357,6.399,6.339,5.85827,4778500,2014-09-10
491,AGN.AS,6.38,6.375,6.429,6.361,5.84727,7917900,2014-09-09
492,AGN.AS,6.382,6.373,6.387,6.32,5.84911,5867600,2014-09-08
493,AGN.AS,6.365,6.321,6.388,6.317,5.83353,8407500,2014-09-05
494,AGN.AS,6.34,6.289,6.387,6.265,5.81061,13214700,2014-09-04
495,AGN.AS,6.291,6.13,6.304,6.115,5.7657,14398500,2014-09-03
496,AGN.AS,6.112,6.063,6.129,6.05,5.60165,8234100,2014-09-02
497,AGN.AS,6.022,6.071,6.103,6.005,5.51917,5779500,2014-09-01
498,AGN.AS,6.016,5.99,6.026,5.967,5.51367,6317700,2014-08-29
499,AGN.AS,5.97,6.043,6.078,5.95,5.47151,6022200,2014-08-28
500,AGN.AS,6.03,5.997,6.087,5.985,5.5265,10409000,2014-08-27
501,AGN.AS,5.982,5.819,6.006,5.796,5.48251,9664100,2014-08-26
502,AGN.AS,5.816,5.838,5.841,5.771,5.33037,4868500,2014-08-25
503,AGN.AS,5.776,5.784,5.804,5.737,5.29371,7099500,2014-08-22
504,AGN.AS,5.766,5.798,5.812,5.692,5.28454,9429700,2014-08-21
505,AGN.AS,5.831,5.837,5.86,5.803,5.2433,5561800,2014-08-20
506,AGN.AS,5.826,5.828,5.832,5.785,5.2388,5964400,2014-08-19
507,AGN.AS,5.785,5.843,5.849,5.766,5.20194,7010600,2014-08-18
508,AGN.AS,5.776,5.789,5.864,5.757,5.19384,11568300,2014-08-15
509,AGN.AS,5.751,5.93,6.03,5.691,5.17136,15231100,2014-08-14
510,AGN.AS,5.96,5.949,5.979,5.865,5.3593,6682300,2014-08-13
511,AGN.AS,5.931,5.937,5.968,5.917,5.33322,4561000,2014-08-12
512,AGN.AS,5.937,5.872,5.95,5.856,5.33862,5532000,2014-08-11
513,AGN.AS,5.809,5.788,5.836,5.724,5.22352,10076900,2014-08-08
514,AGN.AS,5.856,5.955,5.969,5.84,5.26578,7386700,2014-08-07
515,AGN.AS,5.969,6.015,6.061,5.91,5.36739,5833500,2014-08-06
516,AGN.AS,6.04,6.037,6.106,6.03,5.43123,4384600,2014-08-05
517,AGN.AS,6.003,6.117,6.117,5.978,5.39796,4790400,2014-08-04
518,AGN.AS,6.073,6.088,6.126,6.024,5.46091,7541500,2014-08-01
519,AGN.AS,6.088,6.21,6.218,6.076,5.4744,7030300,2014-07-31
520,AGN.AS,6.20,6.17,6.265,6.146,5.57511,8781900,2014-07-30
521,AGN.AS,6.176,6.23,6.235,6.152,5.55353,8201000,2014-07-29
522,AGN.AS,6.20,6.251,6.252,6.157,5.57511,4606800,2014-07-28
523,AGN.AS,6.224,6.255,6.336,6.199,5.59669,5801300,2014-07-25
524,AGN.AS,6.255,6.166,6.26,6.08,5.62457,7574400,2014-07-24
525,AGN.AS,6.153,6.20,6.22,6.116,5.53285,9408500,2014-07-23
526,AGN.AS,6.201,6.258,6.274,6.179,5.57601,6646800,2014-07-22
527,AGN.AS,6.217,6.292,6.312,6.215,5.5904,4008500,2014-07-21
528,AGN.AS,6.308,6.284,6.308,6.222,5.67222,6191800,2014-07-18
529,AGN.AS,6.323,6.408,6.408,6.321,5.68571,3930500,2014-07-17
530,AGN.AS,6.435,6.366,6.452,6.357,5.78642,3134300,2014-07-16
531,AGN.AS,6.335,6.372,6.386,6.29,5.6965,4998100,2014-07-15
532,AGN.AS,6.389,6.339,6.414,6.30,5.74506,4205700,2014-07-14
533,AGN.AS,6.334,6.373,6.375,6.275,5.6956,4802600,2014-07-11
534,AGN.AS,6.377,6.459,6.462,6.293,5.73427,9078600,2014-07-10
535,AGN.AS,6.431,6.416,6.457,6.351,5.78283,3819800,2014-07-09
536,AGN.AS,6.408,6.503,6.509,6.385,5.76214,4533500,2014-07-08
537,AGN.AS,6.498,6.549,6.55,6.457,5.84307,4576600,2014-07-07
538,AGN.AS,6.569,6.616,6.627,6.541,5.90692,3450100,2014-07-04
539,AGN.AS,6.601,6.452,6.628,6.43,5.93569,9772200,2014-07-03
540,AGN.AS,6.401,6.42,6.48,6.38,5.75585,7067900,2014-07-02
541,AGN.AS,6.415,6.406,6.424,6.381,5.76844,4333700,2014-07-01
542,AGN.AS,6.374,6.38,6.41,6.323,5.73157,4793100,2014-06-30
543,AGN.AS,6.357,6.382,6.404,6.337,5.71628,4357700,2014-06-27
544,AGN.AS,6.38,6.469,6.469,6.325,5.73697,5132700,2014-06-26
545,AGN.AS,6.424,6.476,6.504,6.373,5.77653,7427200,2014-06-25
546,AGN.AS,6.518,6.505,6.534,6.46,5.86106,4194300,2014-06-24
547,AGN.AS,6.491,6.568,6.579,6.481,5.83678,4424300,2014-06-23
548,AGN.AS,6.565,6.587,6.625,6.551,5.90332,9680800,2014-06-20
549,AGN.AS,6.588,6.684,6.684,6.579,5.924,7073200,2014-06-19
550,AGN.AS,6.634,6.473,6.688,6.467,5.96537,13768600,2014-06-18
551,AGN.AS,6.448,6.407,6.456,6.352,5.79811,4895700,2014-06-17
552,AGN.AS,6.375,6.397,6.415,6.348,5.73247,3546100,2014-06-16
553,AGN.AS,6.421,6.451,6.453,6.367,5.77383,4172300,2014-06-13
554,AGN.AS,6.45,6.484,6.533,6.445,5.79991,3945100,2014-06-12
555,AGN.AS,6.521,6.54,6.552,6.475,5.86376,4027000,2014-06-11
556,AGN.AS,6.542,6.533,6.58,6.512,5.88264,4133100,2014-06-10
557,AGN.AS,6.56,6.556,6.572,6.532,5.89882,2778300,2014-06-09
558,AGN.AS,6.553,6.52,6.567,6.497,5.89253,5715800,2014-06-06
559,AGN.AS,6.509,6.497,6.592,6.445,5.85296,7910400,2014-06-05
560,AGN.AS,6.477,6.378,6.479,6.373,5.82419,7469400,2014-06-04
561,AGN.AS,6.387,6.417,6.42,6.358,5.74326,3489900,2014-06-03
562,AGN.AS,6.411,6.397,6.419,6.364,5.76484,3424900,2014-06-02
563,AGN.AS,6.364,6.385,6.425,6.328,5.72258,6847200,2014-05-30
564,AGN.AS,6.385,6.393,6.419,6.365,5.74146,2171700,2014-05-29
565,AGN.AS,6.397,6.36,6.428,6.338,5.75225,4885500,2014-05-28
566,AGN.AS,6.352,6.311,6.382,6.311,5.71179,3003300,2014-05-27
567,AGN.AS,6.324,6.301,6.332,6.297,5.68661,4271900,2014-05-26
568,AGN.AS,6.281,6.253,6.289,6.204,5.64794,5390800,2014-05-23
569,AGN.AS,6.325,6.371,6.395,6.269,5.5886,6305000,2014-05-22
570,AGN.AS,6.344,6.299,6.373,6.236,5.60538,5577500,2014-05-21
571,AGN.AS,6.274,6.206,6.344,6.195,5.54353,8710100,2014-05-20
572,AGN.AS,6.175,6.13,6.239,6.062,5.45606,9079800,2014-05-19
573,AGN.AS,6.132,6.234,6.284,6.106,5.41807,13451100,2014-05-16
574,AGN.AS,6.264,6.55,6.69,6.211,5.5347,18446200,2014-05-15
575,AGN.AS,6.382,6.519,6.57,6.382,5.63896,7872500,2014-05-14
576,AGN.AS,6.494,6.539,6.556,6.489,5.73792,3983600,2014-05-13
577,AGN.AS,6.514,6.498,6.526,6.458,5.75559,4237600,2014-05-12
578,AGN.AS,6.464,6.51,6.527,6.447,5.71141,4203000,2014-05-09
579,AGN.AS,6.521,6.45,6.538,6.40,5.76178,6537300,2014-05-08
580,AGN.AS,6.408,6.477,6.49,6.392,5.66193,7820200,2014-05-07
581,AGN.AS,6.511,6.56,6.585,6.459,5.75294,3941600,2014-05-06
582,AGN.AS,6.525,6.558,6.57,6.375,5.76531,4482900,2014-05-05
583,AGN.AS,6.589,6.59,6.649,6.57,5.82186,6976700,2014-05-02
584,AGN.AS,6.535,6.535,6.535,6.535,5.77415,000,2014-05-01
585,AGN.AS,6.535,6.523,6.557,6.462,5.77415,5888600,2014-04-30
586,AGN.AS,6.551,6.435,6.565,6.428,5.78828,4376000,2014-04-29
587,AGN.AS,6.418,6.428,6.479,6.38,5.67077,3163200,2014-04-28
588,AGN.AS,6.413,6.529,6.535,6.379,5.66635,4780100,2014-04-25
589,AGN.AS,6.467,6.539,6.576,6.38,5.71406,5778200,2014-04-24
590,AGN.AS,6.456,6.453,6.507,6.428,5.70434,4132700,2014-04-23
591,AGN.AS,6.439,6.397,6.499,6.368,5.68932,6645400,2014-04-22
592,AGN.AS,6.358,6.358,6.358,6.358,5.61775,000,2014-04-21
593,AGN.AS,6.358,6.358,6.358,6.358,5.61775,000,2014-04-18
594,AGN.AS,6.358,6.319,6.375,6.286,5.61775,5752300,2014-04-17
595,AGN.AS,6.269,6.24,6.279,6.22,5.53912,4616400,2014-04-16
596,AGN.AS,6.169,6.328,6.329,6.156,5.45076,6828900,2014-04-15
597,AGN.AS,6.311,6.339,6.34,6.203,5.57623,5881400,2014-04-14
598,AGN.AS,6.356,6.452,6.459,6.308,5.61599,8258100,2014-04-11
599,AGN.AS,6.517,6.60,6.615,6.505,5.75824,4819800,2014-04-10
600,AGN.AS,6.561,6.606,6.623,6.55,5.79712,5297400,2014-04-09
601,AGN.AS,6.574,6.638,6.647,6.502,5.80861,7022000,2014-04-08
602,AGN.AS,6.64,6.701,6.731,6.616,5.86692,4724900,2014-04-07
603,AGN.AS,6.751,6.767,6.81,6.75,5.965,4514700,2014-04-04
604,AGN.AS,6.746,6.789,6.803,6.695,5.96058,5269400,2014-04-03
605,AGN.AS,6.768,6.777,6.823,6.746,5.98002,4366200,2014-04-02
606,AGN.AS,6.751,6.72,6.769,6.72,5.965,6067000,2014-04-01
607,AGN.AS,6.663,6.617,6.675,6.584,5.88724,7588400,2014-03-31
608,AGN.AS,6.592,6.649,6.677,6.551,5.82451,6986400,2014-03-28
609,AGN.AS,6.619,6.552,6.65,6.51,5.84837,6288700,2014-03-27
610,AGN.AS,6.577,6.542,6.619,6.527,5.81126,7012800,2014-03-26
611,AGN.AS,6.50,6.436,6.52,6.386,5.74322,5755700,2014-03-25
612,AGN.AS,6.411,6.524,6.565,6.397,5.66458,5501500,2014-03-24
613,AGN.AS,6.487,6.567,6.608,6.468,5.73174,13842200,2014-03-21
614,AGN.AS,6.541,6.282,6.541,6.268,5.77945,15296000,2014-03-20
615,AGN.AS,6.276,6.39,6.39,6.25,5.5453,7834000,2014-03-19
616,AGN.AS,6.376,6.343,6.396,6.261,5.63366,6606200,2014-03-18
617,AGN.AS,6.347,6.316,6.38,6.284,5.60804,5384500,2014-03-17
618,AGN.AS,6.295,6.348,6.39,6.278,5.56209,9376900,2014-03-14
619,AGN.AS,6.38,6.423,6.471,6.373,5.63719,8395200,2014-03-13
620,AGN.AS,6.391,6.339,6.406,6.238,5.64691,6850800,2014-03-12
621,AGN.AS,6.371,6.362,6.402,6.304,5.62924,6066100,2014-03-11
622,AGN.AS,6.333,6.355,6.448,6.316,5.59567,5251400,2014-03-10
623,AGN.AS,6.357,6.531,6.531,6.336,5.61687,8444700,2014-03-07
624,AGN.AS,6.528,6.562,6.587,6.501,5.76796,4747900,2014-03-06
625,AGN.AS,6.549,6.474,6.564,6.424,5.78652,10081700,2014-03-05
626,AGN.AS,6.43,6.317,6.459,6.312,5.68137,8159200,2014-03-04
627,AGN.AS,6.228,6.409,6.412,6.202,5.50289,12554900,2014-03-03
628,AGN.AS,6.529,6.499,6.57,6.497,5.76885,5077100,2014-02-28
629,AGN.AS,6.501,6.55,6.573,6.413,5.74411,5716400,2014-02-27
630,AGN.AS,6.549,6.583,6.617,6.513,5.78652,4678100,2014-02-26
631,AGN.AS,6.571,6.569,6.588,6.509,5.80596,5156500,2014-02-25
632,AGN.AS,6.568,6.575,6.583,6.527,5.8033,5407100,2014-02-24
633,AGN.AS,6.585,6.40,6.629,6.40,5.81833,15193600,2014-02-21
634,AGN.AS,6.358,6.695,6.70,6.225,5.61775,26416000,2014-02-20
635,AGN.AS,6.764,6.80,6.827,6.726,5.97648,5123900,2014-02-19
636,AGN.AS,6.819,6.797,6.838,6.778,6.02508,7024800,2014-02-18
637,AGN.AS,6.768,6.766,6.815,6.729,5.98002,5387700,2014-02-17
638,AGN.AS,6.748,6.677,6.75,6.668,5.96235,7085100,2014-02-14
639,AGN.AS,6.647,6.657,6.679,6.609,5.87311,6057200,2014-02-13
640,AGN.AS,6.665,6.62,6.712,6.606,5.88901,7803800,2014-02-12
641,AGN.AS,6.598,6.531,6.62,6.53,5.82981,6273300,2014-02-11
642,AGN.AS,6.51,6.534,6.544,6.483,5.75206,4135100,2014-02-10
643,AGN.AS,6.502,6.51,6.565,6.462,5.74499,8069900,2014-02-07
644,AGN.AS,6.483,6.364,6.499,6.337,5.7282,7701500,2014-02-06
645,AGN.AS,6.331,6.375,6.418,6.326,5.5939,6005500,2014-02-05
646,AGN.AS,6.358,6.226,6.379,6.203,5.61775,6477600,2014-02-04
647,AGN.AS,6.30,6.452,6.499,6.27,5.56651,10307100,2014-02-03
648,AGN.AS,6.487,6.486,6.504,6.393,5.73174,8653200,2014-01-31
649,AGN.AS,6.513,6.499,6.592,6.43,5.75471,8712500,2014-01-30
650,AGN.AS,6.50,6.635,6.68,6.401,5.74322,8348600,2014-01-29
651,AGN.AS,6.575,6.505,6.608,6.473,5.80949,10915100,2014-01-28
652,AGN.AS,6.462,6.487,6.53,6.42,5.70965,8540900,2014-01-27
653,AGN.AS,6.534,6.782,6.82,6.522,5.77326,11524400,2014-01-24
654,AGN.AS,6.759,6.789,6.909,6.735,5.97207,13934200,2014-01-23
655,AGN.AS,6.73,6.707,6.766,6.674,5.94644,10159800,2014-01-22
656,AGN.AS,6.659,6.72,6.76,6.64,5.88371,6380600,2014-01-21
657,AGN.AS,6.768,6.804,6.82,6.74,5.98002,5034700,2014-01-20
658,AGN.AS,6.82,6.833,6.88,6.769,6.02597,6294700,2014-01-17
659,AGN.AS,6.811,6.862,6.871,6.80,6.01801,7168900,2014-01-16
660,AGN.AS,6.81,6.829,6.87,6.783,6.01713,6535000,2014-01-15
661,AGN.AS,6.795,6.77,6.817,6.721,6.00388,6492400,2014-01-14
662,AGN.AS,6.807,6.827,6.86,6.782,6.01448,8149200,2014-01-13
663,AGN.AS,6.769,6.935,6.98,6.73,5.9809,13040000,2014-01-10
664,AGN.AS,6.913,6.954,6.99,6.881,6.10814,10499600,2014-01-09
665,AGN.AS,6.956,6.877,6.974,6.877,6.14613,8267300,2014-01-08
666,AGN.AS,6.848,6.877,6.889,6.749,6.05071,11323100,2014-01-07
667,AGN.AS,6.92,6.929,6.97,6.895,6.11432,4753500,2014-01-06
668,AGN.AS,6.923,6.86,6.935,6.793,6.11697,4646400,2014-01-03
669,AGN.AS,6.871,6.90,6.945,6.785,6.07103,7040000,2014-01-02
670,AGN.AS,6.862,6.862,6.862,6.862,6.06308,000,2014-01-01
671,AGN.AS,6.862,6.87,6.87,6.806,6.06308,1085400,2013-12-31
672,AGN.AS,6.853,6.867,6.889,6.825,6.05512,2907000,2013-12-30
673,AGN.AS,6.864,6.85,6.895,6.813,6.06484,3987000,2013-12-27
674,AGN.AS,6.823,6.823,6.823,6.823,6.02862,000,2013-12-26
675,AGN.AS,6.823,6.823,6.823,6.823,6.02862,000,2013-12-25
676,AGN.AS,6.823,6.778,6.84,6.75,6.02862,1394000,2013-12-24
677,AGN.AS,6.773,6.565,6.776,6.56,5.98444,4832400,2013-12-23
678,AGN.AS,6.64,6.604,6.653,6.585,5.86692,10027800,2013-12-20
679,AGN.AS,6.583,6.472,6.664,6.45,5.81656,14085700,2013-12-19
680,AGN.AS,6.30,6.219,6.325,6.188,5.56651,5738500,2013-12-18
681,AGN.AS,6.198,6.288,6.311,6.189,5.47638,6073700,2013-12-17
682,AGN.AS,6.301,6.26,6.35,6.26,5.56739,4941200,2013-12-16
683,AGN.AS,6.264,6.282,6.382,6.264,5.5347,7203800,2013-12-13
684,AGN.AS,6.292,6.395,6.395,6.284,5.55944,5452200,2013-12-12
685,AGN.AS,6.385,6.43,6.494,6.385,5.64161,5584500,2013-12-11
686,AGN.AS,6.457,6.418,6.55,6.415,5.70523,7176200,2013-12-10
687,AGN.AS,6.415,6.384,6.421,6.351,5.66812,4735100,2013-12-09
688,AGN.AS,6.362,6.34,6.416,6.304,5.62129,5628200,2013-12-06
689,AGN.AS,6.325,6.50,6.50,6.303,5.5886,7710900,2013-12-05
690,AGN.AS,6.498,6.49,6.533,6.395,5.74145,7077300,2013-12-04
691,AGN.AS,6.49,6.529,6.599,6.49,5.73439,7728900,2013-12-03
692,AGN.AS,6.546,6.54,6.564,6.497,5.78387,3666400,2013-12-02
693,AGN.AS,6.539,6.561,6.583,6.53,5.77768,3989700,2013-11-29
694,AGN.AS,6.561,6.587,6.613,6.558,5.79712,3209500,2013-11-28
695,AGN.AS,6.575,6.562,6.59,6.531,5.80949,4673700,2013-11-27
696,AGN.AS,6.554,6.557,6.584,6.532,5.79093,8495100,2013-11-26
697,AGN.AS,6.536,6.551,6.612,6.529,5.77503,9315600,2013-11-25
698,AGN.AS,6.515,6.509,6.547,6.491,5.75648,8763000,2013-11-22
699,AGN.AS,6.49,6.359,6.549,6.345,5.73439,14493600,2013-11-21
700,AGN.AS,6.334,6.303,6.366,6.295,5.59655,5584600,2013-11-20
701,AGN.AS,6.303,6.30,6.319,6.278,5.56916,5585500,2013-11-19
702,AGN.AS,6.323,6.287,6.35,6.26,5.58683,5338600,2013-11-18
703,AGN.AS,6.29,6.29,6.326,6.277,5.55767,6422700,2013-11-15
704,AGN.AS,6.292,6.35,6.37,6.254,5.55944,7325500,2013-11-14
705,AGN.AS,6.296,6.222,6.325,6.18,5.56297,14419100,2013-11-13
706,AGN.AS,6.182,6.085,6.217,6.072,5.46225,11019800,2013-11-12
707,AGN.AS,6.092,6.059,6.10,6.013,5.38272,7312200,2013-11-11
708,AGN.AS,6.044,5.85,6.056,5.831,5.34031,12095100,2013-11-08
709,AGN.AS,5.933,5.96,6.03,5.891,5.24224,15938800,2013-11-07
710,AGN.AS,5.829,5.777,5.857,5.777,5.15034,6593700,2013-11-06
711,AGN.AS,5.754,5.804,5.809,5.737,5.08408,6960600,2013-11-05
712,AGN.AS,5.803,5.827,5.85,5.79,5.12737,4018300,2013-11-04
713,AGN.AS,5.802,5.866,5.893,5.768,5.12649,8896000,2013-11-01
714,AGN.AS,5.864,5.794,5.883,5.784,5.18127,7866000,2013-10-31
715,AGN.AS,5.789,5.80,5.858,5.78,5.115,3896400,2013-10-30
716,AGN.AS,5.795,5.723,5.81,5.693,5.1203,5386600,2013-10-29
717,AGN.AS,5.73,5.824,5.835,5.722,5.06287,4002200,2013-10-28
718,AGN.AS,5.817,5.899,5.912,5.782,5.13974,5608600,2013-10-25
719,AGN.AS,5.915,5.916,5.95,5.888,5.22633,3411700,2013-10-24
720,AGN.AS,5.88,5.90,5.922,5.845,5.19541,5752700,2013-10-23
721,AGN.AS,5.917,5.935,5.968,5.875,5.2281,7127900,2013-10-22
722,AGN.AS,5.959,5.99,5.998,5.944,5.26521,4730900,2013-10-21
723,AGN.AS,5.98,5.92,5.98,5.903,5.28376,6618500,2013-10-18
724,AGN.AS,5.914,5.896,5.914,5.823,5.22545,5607400,2013-10-17
725,AGN.AS,5.898,5.80,5.913,5.792,5.21131,5355500,2013-10-16
726,AGN.AS,5.838,5.785,5.852,5.762,5.1583,5618500,2013-10-15
727,AGN.AS,5.759,5.70,5.759,5.70,5.08849,3722000,2013-10-14
728,AGN.AS,5.728,5.749,5.764,5.703,5.0611,3964800,2013-10-11
729,AGN.AS,5.726,5.601,5.749,5.593,5.05934,6942400,2013-10-10
730,AGN.AS,5.567,5.615,5.624,5.546,4.91885,6664600,2013-10-09
731,AGN.AS,5.628,5.631,5.68,5.628,4.97275,4195600,2013-10-08
732,AGN.AS,5.654,5.679,5.684,5.621,4.99572,5505600,2013-10-07
733,AGN.AS,5.707,5.67,5.732,5.67,5.04255,5697900,2013-10-04
734,AGN.AS,5.689,5.67,5.738,5.66,5.02664,6402400,2013-10-03
735,AGN.AS,5.652,5.616,5.671,5.558,4.99395,7598200,2013-10-02
736,AGN.AS,5.582,5.50,5.593,5.497,4.9321,6551700,2013-10-01
737,AGN.AS,5.47,5.485,5.486,5.44,4.83314,8887100,2013-09-30
738,AGN.AS,5.54,5.561,5.577,5.505,4.89499,4744100,2013-09-27
739,AGN.AS,5.546,5.607,5.625,5.514,4.90029,7980100,2013-09-26
740,AGN.AS,5.615,5.595,5.669,5.59,4.96126,8827400,2013-09-25
741,AGN.AS,5.608,5.603,5.633,5.588,4.95507,4835900,2013-09-24
742,AGN.AS,5.605,5.60,5.674,5.58,4.95242,7355500,2013-09-23
743,AGN.AS,5.622,5.595,5.65,5.575,4.96745,11740300,2013-09-20
744,AGN.AS,5.601,5.465,5.67,5.12,4.94889,22623400,2013-09-19
745,AGN.AS,5.813,5.739,5.813,5.718,5.13621,6225900,2013-09-18
746,AGN.AS,5.723,5.739,5.751,5.696,5.05669,5453700,2013-09-17
747,AGN.AS,5.727,5.777,5.818,5.679,5.06022,6862900,2013-09-16
748,AGN.AS,5.732,5.755,5.775,5.687,5.06464,4297300,2013-09-13
749,AGN.AS,5.764,5.829,5.865,5.731,5.09291,6097100,2013-09-12
750,AGN.AS,5.819,5.749,5.819,5.728,5.14151,6145200,2013-09-11
751,AGN.AS,5.738,5.666,5.773,5.65,5.06994,6812900,2013-09-10
752,AGN.AS,5.629,5.608,5.649,5.562,4.97363,5502500,2013-09-09
753,AGN.AS,5.592,5.573,5.665,5.51,4.94094,7942800,2013-09-06
754,AGN.AS,5.571,5.539,5.598,5.49,4.92238,7082000,2013-09-05
755,AGN.AS,5.51,5.489,5.519,5.364,4.86849,5608300,2013-09-04
756,AGN.AS,5.474,5.483,5.523,5.385,4.83668,7198500,2013-09-03
757,AGN.AS,5.468,5.45,5.542,5.45,4.83137,5057100,2013-09-02
758,AGN.AS,5.396,5.473,5.508,5.372,4.76776,5569300,2013-08-30
759,AGN.AS,5.491,5.45,5.509,5.409,4.8517,6647200,2013-08-29
760,AGN.AS,5.419,5.331,5.438,5.31,4.78808,8190900,2013-08-28
761,AGN.AS,5.367,5.521,5.557,5.343,4.74213,9698300,2013-08-27
762,AGN.AS,5.555,5.582,5.585,5.527,4.90825,2490700,2013-08-26
763,AGN.AS,5.583,5.662,5.674,5.537,4.93299,7257700,2013-08-23
764,AGN.AS,5.659,5.553,5.691,5.543,5.00014,6382900,2013-08-22
765,AGN.AS,5.56,5.533,5.59,5.533,4.91266,5439000,2013-08-21
766,AGN.AS,5.534,5.707,5.707,5.466,4.88969,10997300,2013-08-20
767,AGN.AS,5.757,5.74,5.79,5.722,5.08673,6132300,2013-08-19
768,AGN.AS,5.752,5.754,5.765,5.651,5.08231,7288000,2013-08-16
769,AGN.AS,5.781,5.82,5.844,5.73,5.10793,6963800,2013-08-15
770,AGN.AS,5.909,5.866,5.927,5.843,5.12384,5837600,2013-08-14
771,AGN.AS,5.869,5.818,5.893,5.81,5.08915,6813500,2013-08-13
772,AGN.AS,5.81,5.802,5.83,5.762,5.03799,5925600,2013-08-12
773,AGN.AS,5.811,5.754,5.84,5.715,5.03886,8885500,2013-08-09
774,AGN.AS,5.77,5.94,5.942,5.759,5.00331,14232700,2013-08-08
775,AGN.AS,5.948,5.968,5.974,5.899,5.15766,7417500,2013-08-07
776,AGN.AS,5.988,5.973,6.03,5.946,5.19234,6905600,2013-08-06
777,AGN.AS,6.00,5.973,6.025,5.95,5.20275,4700200,2013-08-05
778,AGN.AS,5.973,5.95,6.022,5.929,5.17933,7924600,2013-08-02
779,AGN.AS,5.936,5.828,5.936,5.827,5.14725,6627600,2013-08-01
780,AGN.AS,5.795,5.72,5.838,5.671,5.02499,8854500,2013-07-31
781,AGN.AS,5.82,5.791,5.848,5.775,5.04666,6035600,2013-07-30
782,AGN.AS,5.77,5.83,5.85,5.758,5.00331,6313500,2013-07-29
783,AGN.AS,5.814,5.869,5.875,5.78,5.04146,5087200,2013-07-26
784,AGN.AS,5.857,5.827,5.884,5.795,5.07875,5222900,2013-07-25
785,AGN.AS,5.862,5.823,5.893,5.816,5.08308,7241600,2013-07-24
786,AGN.AS,5.833,5.75,5.90,5.747,5.05794,12115800,2013-07-23
787,AGN.AS,5.73,5.71,5.762,5.71,4.96862,5155000,2013-07-22
788,AGN.AS,5.702,5.679,5.702,5.648,4.94434,6959000,2013-07-19
789,AGN.AS,5.701,5.522,5.704,5.508,4.94348,9155700,2013-07-18
790,AGN.AS,5.516,5.556,5.561,5.425,4.78306,7658200,2013-07-17
791,AGN.AS,5.509,5.609,5.615,5.482,4.77699,7186700,2013-07-16
792,AGN.AS,5.601,5.569,5.61,5.546,4.85676,4145000,2013-07-15
793,AGN.AS,5.553,5.529,5.621,5.524,4.81514,7254500,2013-07-12
794,AGN.AS,5.50,5.80,5.803,5.471,4.76918,17042700,2013-07-11
795,AGN.AS,5.735,5.679,5.756,5.657,4.97296,7050800,2013-07-10
796,AGN.AS,5.697,5.668,5.779,5.664,4.94001,10123300,2013-07-09
797,AGN.AS,5.648,5.59,5.666,5.555,4.89752,8867700,2013-07-08
798,AGN.AS,5.533,5.498,5.569,5.455,4.7978,12667000,2013-07-05
799,AGN.AS,5.483,5.388,5.515,5.37,4.75444,10043900,2013-07-04
800,AGN.AS,5.37,5.307,5.377,5.23,4.65646,9600700,2013-07-03
801,AGN.AS,5.355,5.302,5.378,5.293,4.64345,10160400,2013-07-02
802,AGN.AS,5.31,5.147,5.349,5.147,4.60443,11868100,2013-07-01
803,AGN.AS,5.139,5.148,5.186,5.116,4.45615,7637200,2013-06-28
804,AGN.AS,5.149,5.128,5.20,5.101,4.46482,9389800,2013-06-27
805,AGN.AS,5.124,5.074,5.151,5.04,4.44314,9834200,2013-06-26
806,AGN.AS,5.071,5.148,5.154,5.04,4.39719,12335800,2013-06-25
807,AGN.AS,5.10,5.095,5.168,5.015,4.42233,13408500,2013-06-24
808,AGN.AS,5.04,5.111,5.163,5.036,4.37031,16329100,2013-06-21
809,AGN.AS,5.089,5.00,5.122,4.966,4.4128,13763000,2013-06-20
810,AGN.AS,5.063,5.269,5.269,5.055,4.39025,15577700,2013-06-19
811,AGN.AS,5.254,5.197,5.268,5.148,4.55587,8046500,2013-06-18
812,AGN.AS,5.192,5.138,5.219,5.089,4.50211,7143500,2013-06-17
813,AGN.AS,5.094,5.055,5.148,5.023,4.41713,8913200,2013-06-14
814,AGN.AS,4.99,4.969,5.054,4.865,4.32695,11963600,2013-06-13
815,AGN.AS,5.01,5.14,5.144,5.001,4.34429,6778900,2013-06-12
816,AGN.AS,5.162,5.217,5.239,5.081,4.4761,7049600,2013-06-11
817,AGN.AS,5.23,5.188,5.259,5.157,4.53506,7229400,2013-06-10
818,AGN.AS,5.171,5.04,5.194,5.004,4.4839,9211700,2013-06-07
819,AGN.AS,5.028,5.159,5.162,5.028,4.3599,8784800,2013-06-06
820,AGN.AS,5.145,5.235,5.257,5.132,4.46135,8708200,2013-06-05
821,AGN.AS,5.297,5.30,5.339,5.243,4.59316,5605400,2013-06-04
822,AGN.AS,5.253,5.247,5.34,5.18,4.555,8792600,2013-06-03
823,AGN.AS,5.26,5.399,5.40,5.197,4.56107,15060500,2013-05-31
824,AGN.AS,5.38,5.183,5.399,5.175,4.66513,20377100,2013-05-30
825,AGN.AS,5.149,5.04,5.169,5.006,4.46482,13183900,2013-05-29
826,AGN.AS,5.069,4.96,5.127,4.954,4.39545,11905400,2013-05-28
827,AGN.AS,4.933,4.944,4.96,4.915,4.27752,2893100,2013-05-27
828,AGN.AS,4.922,4.978,4.994,4.873,4.26799,8943700,2013-05-24
829,AGN.AS,4.949,4.917,4.969,4.852,4.2914,11887100,2013-05-23
830,AGN.AS,5.027,4.96,5.028,4.945,4.35903,9877700,2013-05-22
831,AGN.AS,4.953,4.985,5.04,4.915,4.29487,8918400,2013-05-21
832,AGN.AS,5.044,4.998,5.049,4.989,4.37377,6381700,2013-05-20
833,AGN.AS,4.992,4.887,5.01,4.873,4.32868,11049700,2013-05-17
834,AGN.AS,5.002,4.995,5.022,4.966,4.24197,6840200,2013-05-16
835,AGN.AS,5.008,4.99,5.049,4.978,4.24706,7958800,2013-05-15
836,AGN.AS,4.994,4.974,5.007,4.912,4.23519,10010000,2013-05-14
837,AGN.AS,4.953,4.958,4.979,4.902,4.20042,8620900,2013-05-13
838,AGN.AS,4.941,4.995,5.076,4.928,4.19024,11223500,2013-05-10
839,AGN.AS,4.996,4.99,5.04,4.974,4.23688,6835800,2013-05-09
840,AGN.AS,4.991,5.155,5.155,4.88,4.23264,22716500,2013-05-08
841,AGN.AS,5.195,5.215,5.237,5.166,4.40565,7915700,2013-05-07
842,AGN.AS,5.181,5.155,5.195,5.125,4.39377,5041400,2013-05-06
843,AGN.AS,5.155,5.058,5.158,5.031,4.37172,9700900,2013-05-03
844,AGN.AS,5.049,5.039,5.077,4.936,4.28183,13066700,2013-05-02
845,AGN.AS,5.011,5.011,5.011,5.011,4.2496,000,2013-05-01
846,AGN.AS,5.011,4.992,5.07,4.965,4.2496,10170100,2013-04-30
847,AGN.AS,5.001,4.949,5.021,4.948,4.24112,9304900,2013-04-29
848,AGN.AS,4.936,4.895,4.971,4.851,4.186,9159600,2013-04-26
849,AGN.AS,4.923,4.80,4.94,4.80,4.17498,9646400,2013-04-25
850,AGN.AS,4.809,4.729,4.819,4.722,4.0783,11744500,2013-04-24
851,AGN.AS,4.735,4.499,4.75,4.498,4.01554,16484800,2013-04-23
852,AGN.AS,4.487,4.563,4.585,4.465,3.80522,11663100,2013-04-22
853,AGN.AS,4.514,4.477,4.54,4.424,3.82812,13243300,2013-04-19
854,AGN.AS,4.423,4.532,4.593,4.407,3.75095,16908500,2013-04-18
855,AGN.AS,4.528,4.694,4.694,4.514,3.83999,13419900,2013-04-17
856,AGN.AS,4.661,4.59,4.709,4.571,3.95279,7817400,2013-04-16
857,AGN.AS,4.648,4.667,4.719,4.599,3.94176,7929800,2013-04-15
858,AGN.AS,4.666,4.762,4.779,4.65,3.95703,10517200,2013-04-12
859,AGN.AS,4.788,4.75,4.822,4.747,4.06049,7430200,2013-04-11
860,AGN.AS,4.758,4.58,4.777,4.578,4.03505,9499300,2013-04-10
861,AGN.AS,4.568,4.599,4.613,4.531,3.87392,6263600,2013-04-09
862,AGN.AS,4.558,4.595,4.614,4.54,3.86544,5882000,2013-04-08
863,AGN.AS,4.56,4.698,4.738,4.499,3.86713,13784100,2013-04-05
864,AGN.AS,4.689,4.792,4.849,4.689,3.97653,9392300,2013-04-04
865,AGN.AS,4.773,4.867,4.867,4.755,4.04777,8646000,2013-04-03
866,AGN.AS,4.856,4.738,4.865,4.708,4.11816,9918300,2013-04-02
867,AGN.AS,4.691,4.691,4.691,4.691,3.97823,000,2013-04-01
868,AGN.AS,4.691,4.691,4.691,4.691,3.97823,000,2013-03-29
869,AGN.AS,4.691,4.697,4.773,4.657,3.97823,10730000,2013-03-28
870,AGN.AS,4.68,4.82,4.829,4.614,3.9689,11800000,2013-03-27
871,AGN.AS,4.767,4.624,4.78,4.568,4.04268,13705900,2013-03-26
872,AGN.AS,4.589,4.839,4.86,4.564,3.89173,9655300,2013-03-25
873,AGN.AS,4.754,4.777,4.826,4.723,4.03165,6260200,2013-03-22
874,AGN.AS,4.801,4.865,4.877,4.747,4.07151,5690700,2013-03-21
875,AGN.AS,4.865,4.829,4.892,4.819,4.12579,5929000,2013-03-20
876,AGN.AS,4.807,4.88,4.889,4.764,4.0766,6454500,2013-03-19
877,AGN.AS,4.88,4.805,4.887,4.78,4.13851,7897500,2013-03-18
878,AGN.AS,4.929,5.011,5.029,4.91,4.18006,9544100,2013-03-15
879,AGN.AS,5.008,4.901,5.065,4.901,4.24706,13892300,2013-03-14
880,AGN.AS,4.882,4.831,4.885,4.797,4.14021,7595000,2013-03-13
881,AGN.AS,4.841,4.762,4.848,4.762,4.10544,6052600,2013-03-12
882,AGN.AS,4.781,4.76,4.81,4.70,4.05455,8351600,2013-03-11
883,AGN.AS,4.841,4.772,4.854,4.765,4.10544,8509800,2013-03-08
884,AGN.AS,4.74,4.765,4.779,4.726,4.01978,5209300,2013-03-07
885,AGN.AS,4.736,4.646,4.779,4.634,4.01639,11595400,2013-03-06
886,AGN.AS,4.632,4.498,4.655,4.481,3.92819,9967800,2013-03-05
887,AGN.AS,4.462,4.471,4.484,4.418,3.78402,6545100,2013-03-04
888,AGN.AS,4.508,4.562,4.562,4.415,3.82303,10598800,2013-03-01
889,AGN.AS,4.582,4.572,4.594,4.543,3.88579,9291200,2013-02-28
890,AGN.AS,4.54,4.556,4.567,4.44,3.85017,10447000,2013-02-27
891,AGN.AS,4.516,4.55,4.584,4.484,3.82982,14969200,2013-02-26
892,AGN.AS,4.695,4.78,4.843,4.652,3.98162,12164700,2013-02-25
893,AGN.AS,4.756,4.79,4.814,4.736,4.03335,10133700,2013-02-22
894,AGN.AS,4.771,4.941,4.941,4.735,4.04607,13613300,2013-02-21
895,AGN.AS,4.979,5.107,5.114,4.951,4.22247,14726700,2013-02-20
896,AGN.AS,5.132,5.11,5.171,5.084,4.35222,8526600,2013-02-19
897,AGN.AS,5.113,5.148,5.148,5.056,4.33611,8046600,2013-02-18
898,AGN.AS,5.174,5.001,5.256,5.001,4.38784,24293900,2013-02-15
899,AGN.AS,4.921,4.886,4.926,4.855,4.17328,7802700,2013-02-14
900,AGN.AS,4.886,4.871,4.92,4.829,4.1436,5352300,2013-02-13
901,AGN.AS,4.875,4.789,4.889,4.747,4.13427,8271600,2013-02-12
902,AGN.AS,4.788,4.75,4.798,4.719,4.06049,8270900,2013-02-11
903,AGN.AS,4.746,4.695,4.764,4.68,4.02487,5751600,2013-02-08
904,AGN.AS,4.667,4.705,4.757,4.658,3.95787,6736700,2013-02-07
905,AGN.AS,4.694,4.794,4.798,4.646,3.98077,8061900,2013-02-06
906,AGN.AS,4.784,4.699,4.80,4.677,4.0571,7298300,2013-02-05
907,AGN.AS,4.70,4.928,4.93,4.69,3.98586,10959400,2013-02-04
908,AGN.AS,4.918,4.913,4.995,4.905,4.17074,7094500,2013-02-01
909,AGN.AS,4.928,4.946,4.974,4.88,4.17922,6964200,2013-01-31
910,AGN.AS,4.95,4.979,4.994,4.924,4.19787,3929200,2013-01-30
911,AGN.AS,4.966,4.98,5.009,4.944,4.21144,4997300,2013-01-29
912,AGN.AS,4.982,4.963,5.024,4.95,4.22501,5677900,2013-01-28
913,AGN.AS,4.939,4.90,4.964,4.897,4.18854,4992800,2013-01-25
914,AGN.AS,4.908,4.83,4.918,4.79,4.16225,7374200,2013-01-24
915,AGN.AS,4.844,4.953,4.971,4.829,4.10798,8869500,2013-01-23
916,AGN.AS,4.951,5.00,5.00,4.88,4.19872,9582600,2013-01-22
917,AGN.AS,5.002,5.00,5.019,4.969,4.24197,4606500,2013-01-21
918,AGN.AS,4.978,5.002,5.016,4.977,4.22162,5761200,2013-01-18
919,AGN.AS,4.966,4.944,4.997,4.935,4.21144,6415100,2013-01-17
920,AGN.AS,4.95,5.023,5.034,4.901,4.19787,7526000,2013-01-16
921,AGN.AS,5.016,5.04,5.083,5.00,4.25384,7707400,2013-01-15
922,AGN.AS,5.054,5.054,5.085,5.029,4.28607,7651200,2013-01-14
923,AGN.AS,5.04,5.039,5.051,5.004,4.2742,5287400,2013-01-11
924,AGN.AS,5.021,5.051,5.08,4.999,4.25809,9068500,2013-01-10
925,AGN.AS,5.059,5.04,5.10,5.027,4.29031,8549300,2013-01-09
926,AGN.AS,5.012,5.102,5.116,5.009,4.25045,8698200,2013-01-08
927,AGN.AS,5.115,5.065,5.162,5.06,4.3378,9091100,2013-01-07
928,AGN.AS,5.062,4.995,5.075,4.976,4.29286,8158200,2013-01-04
929,AGN.AS,4.995,4.949,4.998,4.933,4.23604,6003600,2013-01-03
930,AGN.AS,4.936,4.905,4.972,4.881,4.186,7222800,2013-01-02
931,AGN.AS,4.803,4.803,4.803,4.803,4.07321,000,2013-01-01
932,AGN.AS,4.803,4.73,4.834,4.686,4.07321,2329900,2012-12-31
933,AGN.AS,4.777,4.831,4.841,4.741,4.05116,3937900,2012-12-28
934,AGN.AS,4.817,4.789,4.873,4.785,4.08508,3875300,2012-12-27
935,AGN.AS,4.806,4.806,4.806,4.806,4.07575,000,2012-12-26
936,AGN.AS,4.806,4.806,4.806,4.806,4.07575,000,2012-12-25
937,AGN.AS,4.806,4.781,4.84,4.78,4.07575,2659200,2012-12-24
938,AGN.AS,4.829,4.858,4.886,4.768,4.09526,10370500,2012-12-21
939,AGN.AS,4.892,4.795,4.897,4.784,4.14869,8873900,2012-12-20
940,AGN.AS,4.82,4.77,4.846,4.75,4.08763,9094500,2012-12-19
941,AGN.AS,4.749,4.675,4.753,4.66,4.02741,9725700,2012-12-18
942,AGN.AS,4.663,4.669,4.686,4.60,3.95448,6588300,2012-12-17
943,AGN.AS,4.663,4.659,4.69,4.641,3.95448,6391700,2012-12-14
944,AGN.AS,4.668,4.627,4.68,4.62,3.95872,9245300,2012-12-13
945,AGN.AS,4.618,4.599,4.637,4.595,3.91632,5570600,2012-12-12
946,AGN.AS,4.594,4.551,4.60,4.534,3.89597,6880100,2012-12-11
947,AGN.AS,4.559,4.58,4.586,4.52,3.86628,6274700,2012-12-10
948,AGN.AS,4.614,4.595,4.621,4.561,3.91293,8656600,2012-12-07
949,AGN.AS,4.593,4.486,4.593,4.475,3.89512,11499500,2012-12-06
950,AGN.AS,4.466,4.499,4.543,4.445,3.78741,8654200,2012-12-05
951,AGN.AS,4.47,4.425,4.49,4.417,3.79081,4840500,2012-12-04
952,AGN.AS,4.433,4.424,4.49,4.412,3.75943,4314700,2012-12-03
953,AGN.AS,4.423,4.436,4.47,4.418,3.75095,6143900,2012-11-30
954,AGN.AS,4.445,4.39,4.45,4.38,3.76961,6356400,2012-11-29
955,AGN.AS,4.369,4.32,4.37,4.294,3.70515,4148800,2012-11-28
956,AGN.AS,4.352,4.373,4.399,4.327,3.69074,5675000,2012-11-27
957,AGN.AS,4.341,4.35,4.40,4.326,3.68141,5722500,2012-11-26
958,AGN.AS,4.388,4.346,4.393,4.306,3.72127,5642900,2012-11-23
959,AGN.AS,4.332,4.278,4.359,4.271,3.67377,6174800,2012-11-22
960,AGN.AS,4.253,4.212,4.271,4.20,3.60678,5414000,2012-11-21
961,AGN.AS,4.242,4.216,4.254,4.196,3.59745,5249300,2012-11-20
962,AGN.AS,4.227,4.143,4.241,4.131,3.58473,6484900,2012-11-19
963,AGN.AS,4.075,4.171,4.182,4.072,3.45582,8381700,2012-11-16
964,AGN.AS,4.166,4.212,4.24,4.145,3.533,7205500,2012-11-15
965,AGN.AS,4.248,4.265,4.316,4.232,3.60254,4227900,2012-11-14
966,AGN.AS,4.278,4.23,4.287,4.203,3.62798,5521800,2012-11-13
967,AGN.AS,4.26,4.242,4.311,4.225,3.61272,5420900,2012-11-12
968,AGN.AS,4.252,4.366,4.407,4.157,3.60593,15425300,2012-11-09
969,AGN.AS,4.406,4.392,4.536,4.381,3.73653,16135000,2012-11-08
970,AGN.AS,4.32,4.413,4.447,4.303,3.6636,8132800,2012-11-07
971,AGN.AS,4.396,4.359,4.42,4.351,3.72805,6406500,2012-11-06
972,AGN.AS,4.345,4.349,4.359,4.315,3.6848,4126900,2012-11-05
973,AGN.AS,4.381,4.384,4.43,4.362,3.71533,6553400,2012-11-02
974,AGN.AS,4.379,4.296,4.386,4.267,3.71363,6614900,2012-11-01
975,AGN.AS,4.308,4.268,4.325,4.262,3.65342,8647100,2012-10-31
976,AGN.AS,4.256,4.16,4.256,4.16,3.60932,3872800,2012-10-30
977,AGN.AS,4.158,4.19,4.192,4.126,3.52621,4012300,2012-10-29
978,AGN.AS,4.21,4.191,4.246,4.149,3.57031,5512200,2012-10-26
979,AGN.AS,4.219,4.188,4.266,4.171,3.57794,4907000,2012-10-25
980,AGN.AS,4.182,4.213,4.24,4.152,3.54657,5598700,2012-10-24
981,AGN.AS,4.202,4.338,4.356,4.186,3.56353,8978000,2012-10-23
982,AGN.AS,4.34,4.328,4.41,4.321,3.68056,7875300,2012-10-22
983,AGN.AS,4.346,4.375,4.416,4.332,3.68565,6442700,2012-10-19
984,AGN.AS,4.40,4.391,4.449,4.385,3.73144,8501900,2012-10-18
985,AGN.AS,4.384,4.30,4.396,4.294,3.71787,7784200,2012-10-17
986,AGN.AS,4.292,4.224,4.299,4.202,3.63985,7248600,2012-10-16
987,AGN.AS,4.186,4.136,4.23,4.136,3.54996,4792300,2012-10-15
988,AGN.AS,4.138,4.15,4.205,4.138,3.50925,4876800,2012-10-12
989,AGN.AS,4.166,4.053,4.188,4.05,3.533,5944200,2012-10-11
990,AGN.AS,4.08,4.06,4.133,4.055,3.46007,5004900,2012-10-10
991,AGN.AS,4.096,4.141,4.157,4.087,3.47363,5251700,2012-10-09
992,AGN.AS,4.135,4.14,4.155,4.121,3.50671,8346600,2012-10-08
993,AGN.AS,4.228,4.141,4.231,4.123,3.58558,8822600,2012-10-05
994,AGN.AS,4.135,4.149,4.182,4.127,3.50671,7485900,2012-10-04
995,AGN.AS,4.112,4.111,4.165,4.083,3.4872,6043100,2012-10-03
996,AGN.AS,4.126,4.081,4.185,4.05,3.49908,6442400,2012-10-02
997,AGN.AS,4.119,4.03,4.138,3.995,3.49314,8982200,2012-10-01
998,AGN.AS,4.045,4.191,4.24,4.045,3.43038,10418700,2012-09-28
999,AGN.AS,4.195,4.142,4.233,4.09,3.55759,8467400,2012-09-27
1000,AGN.AS,4.192,4.232,4.24,4.181,3.55505,8114800,2012-09-26
1001,AGN.AS,4.312,4.266,4.315,4.202,3.65681,6741500,2012-09-25
1002,AGN.AS,4.27,4.265,4.29,4.245,3.6212,4650100,2012-09-24
1003,AGN.AS,4.33,4.305,4.364,4.285,3.67208,9486000,2012-09-21
1004,AGN.AS,4.28,4.298,4.30,4.241,3.62968,9202400,2012-09-20
1005,AGN.AS,4.338,4.417,4.437,4.311,3.67886,8771200,2012-09-19
1006,AGN.AS,4.392,4.471,4.477,4.391,3.72466,8933000,2012-09-18
1007,AGN.AS,4.495,4.454,4.519,4.444,3.81201,6787200,2012-09-17
1008,AGN.AS,4.492,4.466,4.529,4.45,3.80946,19429100,2012-09-14
1009,AGN.AS,4.348,4.387,4.388,4.306,3.68734,6129500,2012-09-13
1010,AGN.AS,4.389,4.355,4.481,4.337,3.72211,11218600,2012-09-12
1011,AGN.AS,4.332,4.238,4.332,4.185,3.67377,12401000,2012-09-11
1012,AGN.AS,4.258,4.165,4.299,4.158,3.61102,11480700,2012-09-10
1013,AGN.AS,4.318,4.30,4.384,4.291,3.6619,13223700,2012-09-07
1014,AGN.AS,4.28,4.109,4.284,4.094,3.62968,12438200,2012-09-06
1015,AGN.AS,4.107,4.045,4.129,4.034,3.48296,9207900,2012-09-05
1016,AGN.AS,4.067,4.087,4.116,4.056,3.44904,5166700,2012-09-04
1017,AGN.AS,4.10,4.061,4.117,4.053,3.47703,4562300,2012-09-03
1018,AGN.AS,4.083,4.009,4.124,4.001,3.46261,9902100,2012-08-31
1019,AGN.AS,3.996,4.10,4.108,3.981,3.38883,11888900,2012-08-30
1020,AGN.AS,4.122,4.147,4.161,4.081,3.49568,6938700,2012-08-29
1021,AGN.AS,4.151,4.127,4.176,4.12,3.52028,6939000,2012-08-28
1022,AGN.AS,4.169,4.111,4.196,4.095,3.53554,5749800,2012-08-27
1023,AGN.AS,4.103,4.18,4.186,4.065,3.47957,12079500,2012-08-24
1024,AGN.AS,4.198,4.286,4.30,4.157,3.56014,8695100,2012-08-23
1025,AGN.AS,4.249,4.209,4.276,4.163,3.60339,9458500,2012-08-22
1026,AGN.AS,4.249,4.175,4.281,4.175,3.60339,9395700,2012-08-21
1027,AGN.AS,4.159,4.287,4.355,4.141,3.52706,14299900,2012-08-20
1028,AGN.AS,4.294,4.29,4.316,4.255,3.64155,9869100,2012-08-17
1029,AGN.AS,4.272,4.292,4.292,4.222,3.62289,9936900,2012-08-16
1030,AGN.AS,4.30,4.293,4.32,4.262,3.56183,7866200,2012-08-15
1031,AGN.AS,4.301,4.252,4.301,4.251,3.56266,9447400,2012-08-14
1032,AGN.AS,4.233,4.27,4.334,4.204,3.50633,12047900,2012-08-13
1033,AGN.AS,4.271,4.19,4.297,4.145,3.53781,14792900,2012-08-10
1034,AGN.AS,4.244,4.15,4.295,4.131,3.51545,27215700,2012-08-09
1035,AGN.AS,4.019,3.963,4.036,3.952,3.32907,10655700,2012-08-08
1036,AGN.AS,4.003,3.915,4.014,3.912,3.31582,11647700,2012-08-07
1037,AGN.AS,3.935,3.845,3.97,3.812,3.25949,11875700,2012-08-06
1038,AGN.AS,3.842,3.585,3.853,3.56,3.18246,13866800,2012-08-03
1039,AGN.AS,3.573,3.74,3.796,3.56,2.95963,16634500,2012-08-02
1040,AGN.AS,3.743,3.695,3.806,3.695,3.10045,7217400,2012-08-01
1041,AGN.AS,3.707,3.721,3.766,3.687,3.07063,8192800,2012-07-31
1042,AGN.AS,3.726,3.634,3.75,3.619,3.08637,10220200,2012-07-30
1043,AGN.AS,3.613,3.563,3.62,3.447,2.99277,9406700,2012-07-27
1044,AGN.AS,3.529,3.37,3.537,3.346,2.92319,12495200,2012-07-26
1045,AGN.AS,3.35,3.353,3.429,3.337,2.77492,9633200,2012-07-25
1046,AGN.AS,3.372,3.456,3.463,3.365,2.79314,9522600,2012-07-24
1047,AGN.AS,3.449,3.55,3.569,3.412,2.85692,12459200,2012-07-23
1048,AGN.AS,3.636,3.742,3.753,3.619,3.01182,10969200,2012-07-20
1049,AGN.AS,3.765,3.727,3.77,3.702,3.11867,5577100,2012-07-19
1050,AGN.AS,3.725,3.691,3.74,3.674,3.08554,4264000,2012-07-18
1051,AGN.AS,3.66,3.693,3.718,3.652,3.0317,5367200,2012-07-17
1052,AGN.AS,3.684,3.67,3.707,3.64,3.05158,4274300,2012-07-16
1053,AGN.AS,3.672,3.677,3.69,3.607,3.04164,6615200,2012-07-13
1054,AGN.AS,3.653,3.60,3.672,3.58,3.0259,8901400,2012-07-12
1055,AGN.AS,3.621,3.58,3.649,3.551,2.99939,8400800,2012-07-11
1056,AGN.AS,3.602,3.553,3.633,3.523,2.98366,8304300,2012-07-10
1057,AGN.AS,3.539,3.51,3.567,3.489,2.93147,7642300,2012-07-09
1058,AGN.AS,3.516,3.587,3.635,3.516,2.91242,7897600,2012-07-06
1059,AGN.AS,3.609,3.66,3.728,3.559,2.98945,14165400,2012-07-05
1060,AGN.AS,3.668,3.711,3.735,3.60,3.03833,10948700,2012-07-04
1061,AGN.AS,3.743,3.712,3.779,3.693,3.10045,13208300,2012-07-03
1062,AGN.AS,3.67,3.65,3.72,3.592,3.03998,14708400,2012-07-02
1063,AGN.AS,3.644,3.60,3.66,3.53,3.01845,13650600,2012-06-29
1064,AGN.AS,3.468,3.49,3.502,3.397,2.87266,7728800,2012-06-28
1065,AGN.AS,3.483,3.416,3.487,3.383,2.88508,6630100,2012-06-27
1066,AGN.AS,3.383,3.402,3.453,3.363,2.80225,8348800,2012-06-26
1067,AGN.AS,3.412,3.532,3.559,3.384,2.82627,11095600,2012-06-25
1068,AGN.AS,3.564,3.523,3.623,3.51,2.95218,10187600,2012-06-22
1069,AGN.AS,3.586,3.543,3.696,3.54,2.9704,12689500,2012-06-21
1070,AGN.AS,3.594,3.501,3.605,3.493,2.97703,9772100,2012-06-20
1071,AGN.AS,3.506,3.388,3.518,3.35,2.90414,9344900,2012-06-19
1072,AGN.AS,3.376,3.498,3.52,3.343,2.79645,13479700,2012-06-18
1073,AGN.AS,3.399,3.27,3.404,3.259,2.8155,15534500,2012-06-15
1074,AGN.AS,3.245,3.227,3.27,3.181,2.68794,7661400,2012-06-14
1075,AGN.AS,3.235,3.27,3.30,3.192,2.67966,9317800,2012-06-13
1076,AGN.AS,3.24,3.266,3.275,3.185,2.6838,14058000,2012-06-12
1077,AGN.AS,3.285,3.448,3.468,3.275,2.72107,14541000,2012-06-11
1078,AGN.AS,3.309,3.335,3.343,3.28,2.74095,21008900,2012-06-08
1079,AGN.AS,3.384,3.413,3.45,3.374,2.80308,16219000,2012-06-07
1080,AGN.AS,3.374,3.299,3.379,3.255,2.7948,17767400,2012-06-06
1081,AGN.AS,3.244,3.267,3.284,3.18,2.68711,9663100,2012-06-05
1082,AGN.AS,3.234,3.19,3.274,3.119,2.67883,12307000,2012-06-04
1083,AGN.AS,3.194,3.407,3.42,3.133,2.6457,30482300,2012-06-01
1084,AGN.AS,3.406,3.462,3.492,3.37,2.8213,13100200,2012-05-31
1085,AGN.AS,3.446,3.45,3.515,3.402,2.85444,11123400,2012-05-30
1086,AGN.AS,3.47,3.464,3.505,3.425,2.87432,8795800,2012-05-29
1087,AGN.AS,3.449,3.503,3.549,3.437,2.85692,7182900,2012-05-28
1088,AGN.AS,3.461,3.448,3.547,3.442,2.86686,11318900,2012-05-25
1089,AGN.AS,3.448,3.44,3.478,3.381,2.85609,9492600,2012-05-24
1090,AGN.AS,3.395,3.401,3.436,3.37,2.81219,11445500,2012-05-23
1091,AGN.AS,3.464,3.353,3.49,3.321,2.86935,13333300,2012-05-22
1092,AGN.AS,3.296,3.244,3.339,3.227,2.73019,10763200,2012-05-21
1093,AGN.AS,3.247,3.204,3.322,3.168,2.6896,16890100,2012-05-18
1094,AGN.AS,3.355,3.48,3.498,3.314,2.69622,11149800,2012-05-17
1095,AGN.AS,3.459,3.373,3.51,3.30,2.7798,16048900,2012-05-16
1096,AGN.AS,3.408,3.496,3.558,3.378,2.73882,12979000,2012-05-15
1097,AGN.AS,3.481,3.52,3.53,3.431,2.79748,13946100,2012-05-14
1098,AGN.AS,3.601,3.591,3.632,3.538,2.89392,13922000,2012-05-11
1099,AGN.AS,3.644,3.445,3.674,3.44,2.92848,27003900,2012-05-10
1100,AGN.AS,3.31,3.361,3.372,3.226,2.66006,14271100,2012-05-09
1101,AGN.AS,3.325,3.437,3.463,3.306,2.67211,11060000,2012-05-08
1102,AGN.AS,3.438,3.28,3.46,3.27,2.76293,8988800,2012-05-07
1103,AGN.AS,3.362,3.431,3.475,3.352,2.70185,11825600,2012-05-04
1104,AGN.AS,3.458,3.513,3.564,3.446,2.779,9840900,2012-05-03
1105,AGN.AS,3.479,3.61,3.61,3.437,2.79588,10751800,2012-05-02
1106,AGN.AS,3.489,3.489,3.489,3.489,2.80391,000,2012-05-01
1107,AGN.AS,3.489,3.62,3.65,3.475,2.80391,9754300,2012-04-30
1108,AGN.AS,3.603,3.51,3.64,3.474,2.89553,10087500,2012-04-27
1109,AGN.AS,3.58,3.609,3.629,3.505,2.87704,10310900,2012-04-26
1110,AGN.AS,3.623,3.551,3.665,3.541,2.9116,9567600,2012-04-25
1111,AGN.AS,3.519,3.416,3.543,3.374,2.82802,14043600,2012-04-24
1112,AGN.AS,3.395,3.574,3.574,3.254,2.72837,33354400,2012-04-23
1113,AGN.AS,3.638,3.615,3.713,3.567,2.92365,16165500,2012-04-20
1114,AGN.AS,3.589,3.69,3.722,3.567,2.88428,15579800,2012-04-19
1115,AGN.AS,3.66,3.746,3.758,3.631,2.94134,11943700,2012-04-18
1116,AGN.AS,3.746,3.57,3.75,3.56,3.01045,14245600,2012-04-17
1117,AGN.AS,3.561,3.586,3.642,3.51,2.86177,12960000,2012-04-16
1118,AGN.AS,3.606,3.718,3.753,3.593,2.89794,12435100,2012-04-13
1119,AGN.AS,3.731,3.749,3.756,3.607,2.99839,14839200,2012-04-12
1120,AGN.AS,3.723,3.65,3.793,3.646,2.99196,13126300,2012-04-11
1121,AGN.AS,3.659,3.804,3.85,3.659,2.94053,19402500,2012-04-10
1122,AGN.AS,3.916,3.916,3.916,3.916,3.14707,000,2012-04-09
1123,AGN.AS,3.916,3.916,3.916,3.916,3.14707,000,2012-04-06
1124,AGN.AS,3.916,3.929,3.964,3.818,3.14707,15005400,2012-04-05
1125,AGN.AS,3.918,4.051,4.069,3.911,3.14868,16987000,2012-04-04
1126,AGN.AS,4.077,4.208,4.227,4.077,3.27645,11273200,2012-04-03
1127,AGN.AS,4.199,4.198,4.203,4.08,3.3745,12478800,2012-04-02
1128,AGN.AS,4.164,4.218,4.24,4.094,3.34637,11218400,2012-03-30
1129,AGN.AS,4.17,4.258,4.311,4.13,3.35119,12551100,2012-03-29
1130,AGN.AS,4.29,4.339,4.405,4.285,3.44763,9479000,2012-03-28
1131,AGN.AS,4.316,4.36,4.389,4.303,3.46853,7988800,2012-03-27
1132,AGN.AS,4.325,4.309,4.331,4.232,3.47576,6851500,2012-03-26
1133,AGN.AS,4.287,4.231,4.319,4.201,3.44522,9200800,2012-03-23
1134,AGN.AS,4.238,4.30,4.342,4.21,3.40584,10914900,2012-03-22
1135,AGN.AS,4.329,4.393,4.435,4.295,3.47897,10654100,2012-03-21
1136,AGN.AS,4.347,4.429,4.487,4.328,3.49344,12777700,2012-03-20
1137,AGN.AS,4.467,4.521,4.537,4.382,3.58988,14622000,2012-03-19
1138,AGN.AS,4.515,4.40,4.569,4.40,3.62845,30554600,2012-03-16
1139,AGN.AS,4.392,4.186,4.468,4.159,3.5296,35280000,2012-03-15
1140,AGN.AS,4.188,3.99,4.195,3.98,3.36566,23588100,2012-03-14
1141,AGN.AS,3.94,3.927,3.956,3.878,3.16636,8143700,2012-03-13
1142,AGN.AS,3.897,3.90,3.947,3.867,3.1318,5457400,2012-03-12
1143,AGN.AS,3.918,3.934,3.94,3.871,3.14868,7520600,2012-03-09
1144,AGN.AS,3.90,3.85,3.901,3.835,3.13421,9221500,2012-03-08
1145,AGN.AS,3.813,3.78,3.826,3.734,3.06429,10670100,2012-03-07
1146,AGN.AS,3.787,3.955,3.966,3.787,3.0434,9282000,2012-03-06
1147,AGN.AS,3.981,3.991,4.022,3.95,3.1993,7953700,2012-03-05
1148,AGN.AS,4.034,4.001,4.044,3.986,3.2419,9331000,2012-03-02
1149,AGN.AS,3.99,3.943,4.00,3.89,3.20654,10185800,2012-03-01
1150,AGN.AS,3.93,3.942,3.994,3.908,3.15832,11726500,2012-02-29
1151,AGN.AS,3.917,3.923,3.973,3.835,3.14787,7844900,2012-02-28
1152,AGN.AS,3.917,3.89,3.931,3.804,3.14787,7299400,2012-02-27
1153,AGN.AS,3.926,3.918,3.969,3.90,3.1551,5501300,2012-02-24
1154,AGN.AS,3.886,3.902,3.996,3.84,3.12296,10373900,2012-02-23
1155,AGN.AS,3.929,4.019,4.057,3.924,3.15752,8937400,2012-02-22
1156,AGN.AS,4.007,4.09,4.09,3.983,3.2202,10749900,2012-02-21
1157,AGN.AS,4.067,4.032,4.097,4.015,3.26842,9647400,2012-02-20
1158,AGN.AS,3.989,3.839,4.018,3.802,3.20573,21135100,2012-02-17
1159,AGN.AS,3.729,3.70,3.729,3.622,2.99679,9820600,2012-02-16
1160,AGN.AS,3.735,3.804,3.815,3.726,3.00161,8868400,2012-02-15
1161,AGN.AS,3.753,3.897,3.909,3.732,3.01607,10621900,2012-02-14
1162,AGN.AS,3.919,3.826,3.947,3.82,3.14948,13100400,2012-02-13
1163,AGN.AS,3.763,3.886,3.889,3.753,3.02411,9214800,2012-02-10
1164,AGN.AS,3.915,3.915,4.041,3.886,3.14626,15960300,2012-02-09
1165,AGN.AS,3.909,3.846,3.975,3.84,3.14144,11591900,2012-02-08
1166,AGN.AS,3.827,3.851,3.897,3.794,3.07554,9330800,2012-02-07
1167,AGN.AS,3.85,3.85,3.853,3.772,3.09403,8424600,2012-02-06
1168,AGN.AS,3.865,3.807,3.87,3.752,3.10608,13294300,2012-02-03
1169,AGN.AS,3.819,3.83,3.85,3.774,3.06911,8272900,2012-02-02
1170,AGN.AS,3.811,3.738,3.818,3.722,3.06269,11181200,2012-02-01
1171,AGN.AS,3.705,3.631,3.77,3.591,2.9775,14832100,2012-01-31
1172,AGN.AS,3.548,3.616,3.616,3.471,2.85133,10635600,2012-01-30
1173,AGN.AS,3.651,3.68,3.714,3.608,2.9341,10653100,2012-01-27
1174,AGN.AS,3.732,3.821,3.832,3.644,2.9992,22545500,2012-01-26
1175,AGN.AS,3.81,3.864,3.873,3.714,3.06188,8932900,2012-01-25
1176,AGN.AS,3.797,3.826,3.865,3.741,3.05143,7934300,2012-01-24
1177,AGN.AS,3.851,3.765,3.915,3.75,3.09483,12986300,2012-01-23
1178,AGN.AS,3.766,3.75,3.807,3.682,3.02652,13483100,2012-01-20
1179,AGN.AS,3.778,3.63,3.877,3.626,3.03617,20941200,2012-01-19
1180,AGN.AS,3.598,3.564,3.647,3.508,2.89151,13690600,2012-01-18
1181,AGN.AS,3.57,3.55,3.617,3.521,2.86901,13629600,2012-01-17
1182,AGN.AS,3.501,3.30,3.501,3.242,2.81356,13332500,2012-01-16
1183,AGN.AS,3.332,3.454,3.48,3.242,2.67774,11187700,2012-01-13
1184,AGN.AS,3.41,3.39,3.537,3.384,2.74042,13154800,2012-01-12
1185,AGN.AS,3.377,3.274,3.377,3.258,2.7139,11978800,2012-01-11
1186,AGN.AS,3.274,3.107,3.30,3.094,2.63113,15610900,2012-01-10
1187,AGN.AS,3.049,3.09,3.119,3.034,2.45031,6946800,2012-01-09
1188,AGN.AS,3.074,3.075,3.152,3.048,2.4704,6278500,2012-01-06
1189,AGN.AS,3.069,3.16,3.161,3.044,2.46638,7689000,2012-01-05
1190,AGN.AS,3.129,3.187,3.204,3.113,2.5146,8338000,2012-01-04
1191,AGN.AS,3.20,3.20,3.211,3.138,2.57166,7767300,2012-01-03
1192,AGN.AS,3.183,3.088,3.21,3.082,2.558,5903200,2012-01-02
1193,AGN.AS,3.101,3.131,3.14,3.083,2.4921,3770900,2011-12-30
1194,AGN.AS,3.106,3.069,3.106,3.006,2.49612,4199300,2011-12-29
1195,AGN.AS,3.05,3.152,3.17,3.043,2.45111,7471200,2011-12-28
1196,AGN.AS,3.173,3.154,3.19,3.13,2.54996,3277900,2011-12-27
1197,AGN.AS,3.148,3.148,3.148,3.148,2.52987,000,2011-12-26
1198,AGN.AS,3.148,3.172,3.175,3.13,2.52987,3142900,2011-12-23
1199,AGN.AS,3.136,3.096,3.149,3.09,2.52023,5768900,2011-12-22
1200,AGN.AS,3.075,3.063,3.189,3.058,2.4712,12865200,2011-12-21
1201,AGN.AS,3.022,2.853,3.022,2.853,2.42861,7850900,2011-12-20
1202,AGN.AS,2.873,2.90,2.934,2.856,2.30887,9093000,2011-12-19
1203,AGN.AS,2.929,2.976,2.985,2.904,2.35387,11701800,2011-12-16
1204,AGN.AS,2.93,2.95,3.028,2.921,2.35468,12999400,2011-12-15
1205,AGN.AS,2.943,3.056,3.11,2.943,2.36512,10416200,2011-12-14
1206,AGN.AS,3.098,3.103,3.177,3.036,2.48969,8724700,2011-12-13
1207,AGN.AS,3.087,3.335,3.335,3.08,2.48085,10937700,2011-12-12
1208,AGN.AS,3.358,3.18,3.382,3.12,2.69863,8992000,2011-12-09
1209,AGN.AS,3.23,3.379,3.40,3.221,2.59577,10547300,2011-12-08
1210,AGN.AS,3.344,3.41,3.449,3.258,2.68738,12265700,2011-12-07
1211,AGN.AS,3.377,3.283,3.397,3.27,2.7139,9039800,2011-12-06
1212,AGN.AS,3.367,3.301,3.375,3.28,2.70587,12881200,2011-12-05
1213,AGN.AS,3.27,3.187,3.289,3.169,2.62791,14323300,2011-12-02
1214,AGN.AS,3.129,3.23,3.23,3.115,2.5146,11361200,2011-12-01
1215,AGN.AS,3.23,3.008,3.26,2.988,2.59577,15115700,2011-11-30
1216,AGN.AS,3.057,3.02,3.065,2.935,2.45674,9347300,2011-11-29
1217,AGN.AS,3.02,2.84,3.051,2.84,2.427,10784500,2011-11-28
1218,AGN.AS,2.785,2.757,2.819,2.708,2.23815,8133000,2011-11-25
1219,AGN.AS,2.799,2.834,2.91,2.773,2.2494,8419000,2011-11-24
1220,AGN.AS,2.802,2.839,2.913,2.802,2.25181,9693000,2011-11-23
1221,AGN.AS,2.861,2.967,2.989,2.861,2.29922,8762600,2011-11-22
1222,AGN.AS,2.934,3.052,3.06,2.926,2.35789,11961900,2011-11-21
1223,AGN.AS,3.072,3.086,3.144,3.057,2.46879,8838300,2011-11-18
1224,AGN.AS,3.128,3.127,3.151,3.095,2.5138,13896900,2011-11-17
1225,AGN.AS,3.156,3.124,3.233,3.099,2.5363,12042200,2011-11-16
1226,AGN.AS,3.151,3.181,3.234,3.075,2.53228,12200100,2011-11-15
1227,AGN.AS,3.225,3.401,3.449,3.203,2.59175,12783000,2011-11-14
1228,AGN.AS,3.356,3.23,3.375,3.228,2.69703,11980500,2011-11-11
1229,AGN.AS,3.181,2.998,3.295,2.93,2.55639,15429300,2011-11-10
1230,AGN.AS,3.085,3.37,3.387,3.085,2.47924,16134200,2011-11-09
1231,AGN.AS,3.296,3.28,3.376,3.275,2.64881,7891900,2011-11-08
1232,AGN.AS,3.269,3.30,3.343,3.221,2.62711,8870400,2011-11-07
1233,AGN.AS,3.326,3.492,3.492,3.263,2.67292,11832400,2011-11-04
1234,AGN.AS,3.422,3.24,3.495,3.191,2.75007,16581100,2011-11-03
1235,AGN.AS,3.327,3.203,3.337,3.17,2.67372,15876700,2011-11-02
1236,AGN.AS,3.145,3.36,3.36,3.112,2.52746,22443100,2011-11-01
1237,AGN.AS,3.475,3.58,3.59,3.475,2.79266,11473000,2011-10-31
1238,AGN.AS,3.613,3.767,3.77,3.54,2.90356,15758800,2011-10-28
1239,AGN.AS,3.732,3.65,3.778,3.552,2.9992,24890500,2011-10-27
1240,AGN.AS,3.408,3.41,3.51,3.353,2.73882,12234600,2011-10-26
1241,AGN.AS,3.427,3.455,3.497,3.373,2.75409,10140500,2011-10-25
1242,AGN.AS,3.495,3.445,3.496,3.385,2.80873,9235100,2011-10-24
1243,AGN.AS,3.377,3.275,3.38,3.242,2.7139,10372500,2011-10-21
1244,AGN.AS,3.22,3.301,3.365,3.206,2.58773,12111600,2011-10-20
1245,AGN.AS,3.373,3.31,3.395,3.293,2.71069,18184900,2011-10-19
1246,AGN.AS,3.241,3.30,3.313,3.222,2.60461,16966200,2011-10-18
1247,AGN.AS,3.381,3.54,3.62,3.341,2.71712,12044300,2011-10-17
1248,AGN.AS,3.499,3.45,3.565,3.367,2.81195,10843700,2011-10-14
1249,AGN.AS,3.44,3.63,3.719,3.416,2.76453,16548900,2011-10-13
1250,AGN.AS,3.645,3.345,3.677,3.343,2.92928,19187200,2011-10-12
1251,AGN.AS,3.389,3.392,3.425,3.29,2.72355,11213600,2011-10-11
1252,AGN.AS,3.397,3.249,3.407,3.223,2.72998,10445800,2011-10-10
1253,AGN.AS,3.261,3.25,3.31,3.173,2.62068,13613600,2011-10-07
1254,AGN.AS,3.245,3.173,3.245,3.142,2.60782,17416700,2011-10-06
1255,AGN.AS,3.122,2.998,3.128,2.982,2.50897,14453300,2011-10-05
1256,AGN.AS,2.922,2.949,2.975,2.864,2.34825,13888900,2011-10-04
1257,AGN.AS,3.013,2.95,3.041,2.92,2.42138,10547400,2011-10-03
1258,AGN.AS,3.064,3.13,3.145,3.042,2.46236,15484800,2011-09-30
1259,AGN.AS,3.153,3.04,3.209,3.034,2.53389,18081800,2011-09-29
1260,AGN.AS,3.068,3.003,3.122,2.958,2.46558,14817500,2011-09-28
1261,AGN.AS,3.073,2.927,3.095,2.922,2.4696,18279600,2011-09-27
1262,AGN.AS,2.837,2.63,2.856,2.61,2.27994,21462200,2011-09-26
1263,AGN.AS,2.681,2.774,2.787,2.591,2.15457,16543900,2011-09-23
1264,AGN.AS,2.729,2.86,2.898,2.725,2.19314,17349700,2011-09-22
1265,AGN.AS,2.962,2.952,3.016,2.90,2.38039,12494900,2011-09-21
1266,AGN.AS,2.96,2.90,2.995,2.876,2.37878,10413200,2011-09-20
1267,AGN.AS,2.941,3.006,3.063,2.936,2.36352,12589500,2011-09-19
1268,AGN.AS,3.141,3.115,3.193,3.054,2.52424,20766500,2011-09-16
1269,AGN.AS,3.04,2.947,3.095,2.92,2.44308,19420400,2011-09-15
1270,AGN.AS,2.91,2.762,2.91,2.71,2.3386,14565000,2011-09-14
1271,AGN.AS,2.815,2.816,2.854,2.664,2.26226,18269800,2011-09-13
1272,AGN.AS,2.742,2.792,2.811,2.702,2.20359,33177600,2011-09-12
1273,AGN.AS,2.87,3.01,3.03,2.854,2.30646,15333800,2011-09-09
1274,AGN.AS,2.87,3.01,3.03,2.854,2.30646,15333800,2011-09-08
1275,AGN.AS,2.958,2.842,2.96,2.824,2.37718,16184400,2011-09-07
1276,AGN.AS,2.76,2.82,2.893,2.725,2.21806,31788900,2011-09-06
1277,AGN.AS,2.828,2.944,2.944,2.79,2.2727,15186700,2011-09-05
1278,AGN.AS,3.018,3.113,3.113,2.991,2.4254,12841700,2011-09-02
1279,AGN.AS,3.166,3.15,3.194,3.075,2.54434,13117100,2011-09-01
1280,AGN.AS,3.132,3.015,3.14,2.995,2.51701,14461500,2011-08-31
1281,AGN.AS,3.008,3.073,3.087,2.967,2.41736,11574200,2011-08-30
1282,AGN.AS,2.985,2.951,3.009,2.914,2.39888,7896900,2011-08-29
1283,AGN.AS,2.888,2.944,2.964,2.825,2.32092,13331800,2011-08-26
1284,AGN.AS,2.973,2.999,3.075,2.941,2.38923,17031600,2011-08-25
1285,AGN.AS,2.952,2.912,2.982,2.85,2.37236,10533600,2011-08-24
1286,AGN.AS,2.869,2.918,2.954,2.827,2.30565,15301700,2011-08-23
1287,AGN.AS,2.875,2.864,2.973,2.821,2.31047,15174900,2011-08-22
1288,AGN.AS,2.872,2.903,2.932,2.771,2.30806,24643600,2011-08-19
1289,AGN.AS,2.913,3.15,3.158,2.866,2.34101,22816600,2011-08-18
1290,AGN.AS,3.183,3.15,3.242,3.094,2.558,12454800,2011-08-17
1291,AGN.AS,3.179,3.229,3.229,3.103,2.55478,17106400,2011-08-16
1292,AGN.AS,3.202,3.195,3.253,3.132,2.57327,21266300,2011-08-15
1293,AGN.AS,3.112,2.949,3.113,2.83,2.50094,31150300,2011-08-12
1294,AGN.AS,2.861,3.06,3.09,2.658,2.29922,51237100,2011-08-11
1295,AGN.AS,2.965,3.302,3.31,2.941,2.3828,27507500,2011-08-10
1296,AGN.AS,3.161,3.131,3.24,2.928,2.54032,39772900,2011-08-09
1297,AGN.AS,3.129,3.293,3.449,3.11,2.5146,25708600,2011-08-08
1298,AGN.AS,3.366,3.32,3.525,3.30,2.70506,23467600,2011-08-05
1299,AGN.AS,3.429,3.675,3.746,3.429,2.75569,20450000,2011-08-04
1300,AGN.AS,3.589,3.699,3.749,3.564,2.88428,28167100,2011-08-03
1301,AGN.AS,3.775,3.932,3.97,3.775,3.03375,14772700,2011-08-02
1302,AGN.AS,3.942,4.149,4.172,3.921,3.16796,13527500,2011-08-01
1303,AGN.AS,4.016,4.024,4.051,3.925,3.22743,11260100,2011-07-29
1304,AGN.AS,4.089,4.002,4.099,3.962,3.2861,8964000,2011-07-28
