"time","signal"
1,22262
1.00297619047619,21756
1.00595238095238,22247
1.00892857142857,22759
1.01190476190476,22549
1.01488095238095,22313
1.01785714285714,22128
1.02083333333333,21860
1.02380952380952,21751
1.02678571428571,21336
1.0297619047619,21363
1.0327380952381,22176
1.03571428571429,24649
1.03869047619048,27466
1.04166666666667,31020
1.04464285714286,33529
1.04761904761905,35428
1.05059523809524,36034
1.05357142857143,36834
1.05654761904762,37296
1.05952380952381,37338
1.0625,37608
1.06547619047619,37692
1.06845238095238,37944
1.07142857142857,37880
1.07440476190476,37493
1.07738095238095,37065
1.08035714285714,36855
1.08333333333333,36871
1.08630952380952,36837
1.08928571428571,36603
1.0922619047619,36982
1.0952380952381,37369
1.09821428571429,37650
1.10119047619048,37413
1.10416666666667,36475
1.10714285714286,35486
1.11011904761905,34452
1.11309523809524,33704
1.11607142857143,32883
1.11904761904762,31940
1.12202380952381,32215
1.125,32572
1.12797619047619,32850
1.13095238095238,32251
1.13392857142857,30895
1.13690476190476,28460
1.13988095238095,26572
1.14285714285714,25093
1.14583333333333,24320
1.14880952380952,24684
1.15178571428571,25338
1.1547619047619,24943
1.1577380952381,24637
1.16071428571429,24424
1.16369047619048,24163
1.16666666666667,23943
1.16964285714286,23324
1.17261904761905,23412
1.17559523809524,24065
1.17857142857143,26035
1.18154761904762,28632
1.18452380952381,32023
1.1875,34315
1.19047619047619,35927
1.19345238095238,36367
1.19642857142857,37087
1.19940476190476,37184
1.20238095238095,37009
1.20535714285714,37212
1.20833333333333,37531
1.21130952380952,37890
1.21428571428571,37982
1.2172619047619,37540
1.2202380952381,37160
1.22321428571429,36920
1.22619047619048,37060
1.22916666666667,36930
1.23214285714286,36640
1.23511904761905,36910
1.23809523809524,37220
1.24107142857143,37530
1.24404761904762,37320
1.24702380952381,36331
1.25,35206
1.25297619047619,34203
1.25595238095238,33273
1.25892857142857,32376
1.26190476190476,31838
1.26488095238095,31211
1.26785714285714,31505
1.27083333333333,31838
1.27380952380952,32185
1.27678571428571,30881
1.2797619047619,28800
1.2827380952381,26833
1.28571428571429,25095
1.28869047619048,24437
1.29166666666667,24697
1.29464285714286,25259
1.29761904761905,25029
1.30059523809524,24806
1.30357142857143,24437
1.30654761904762,24279
1.30952380952381,23902
1.3125,23418
1.31547619047619,23424
1.31845238095238,24094
1.32142857142857,26039
1.32440476190476,28636
1.32738095238095,32034
1.33035714285714,34235
1.33333333333333,35694
1.33630952380952,35978
1.33928571428571,36475
1.3422619047619,36675
1.3452380952381,36720
1.34821428571429,36842
1.35119047619048,36890
1.35416666666667,36917
1.35714285714286,36854
1.36011904761905,36525
1.36309523809524,36431
1.36607142857143,36212
1.36904761904762,36061
1.37202380952381,35931
1.375,35835
1.37797619047619,36148
1.38095238095238,36523
1.38392857142857,36859
1.38690476190476,36731
1.38988095238095,35804
1.39285714285714,34721
1.39583333333333,34035
1.39880952380952,33234
1.40178571428571,32532
1.4047619047619,31474
1.4077380952381,31957
1.41071428571429,32500
1.41369047619048,32586
1.41666666666667,31917
1.41964285714286,30636
1.42261904761905,28705
1.42559523809524,26707
1.42857142857143,25092
1.43154761904762,24412
1.43452380952381,24714
1.4375,25079
1.44047619047619,24904
1.44345238095238,24380
1.44642857142857,24009
1.44940476190476,23913
1.45238095238095,23657
1.45535714285714,23262
1.45833333333333,23283
1.46130952380952,23870
1.46428571428571,26001
1.4672619047619,28448
1.4702380952381,31876
1.47321428571429,34363
1.47619047619048,35819
1.47916666666667,36295
1.48214285714286,36949
1.48511904761905,37095
1.48809523809524,37086
1.49107142857143,37520
1.49404761904762,37540
1.49702380952381,37671
1.5,37695
1.50297619047619,37314
1.50595238095238,37113
1.50892857142857,36796
1.51190476190476,36705
1.51488095238095,36634
1.51785714285714,36357
1.52083333333333,36664
1.52380952380952,37020
1.52678571428571,37152
1.5297619047619,36836
1.5327380952381,36008
1.53571428571429,34981
1.53869047619048,34265
1.54166666666667,33385
1.54464285714286,32477
1.54761904761905,31966
1.55059523809524,31402
1.55357142857143,31703
1.55654761904762,32192
1.55952380952381,32322
1.5625,30972
1.56547619047619,28910
1.56845238095238,26992
1.57142857142857,25324
1.57440476190476,24684
1.57738095238095,24893
1.58035714285714,25092
1.58333333333333,24751
1.58630952380952,24238
1.58928571428571,23906
1.5922619047619,23755
1.5952380952381,23625
1.59821428571429,23027
1.60119047619048,23097
1.60416666666667,23692
1.60714285714286,25936
1.61011904761905,28501
1.61309523809524,31838
1.61607142857143,34308
1.61904761904762,36305
1.62202380952381,36743
1.625,37705
1.62797619047619,37980
1.63095238095238,38084
1.63392857142857,38379
1.63690476190476,38526
1.63988095238095,38429
1.64285714285714,38344
1.64583333333333,37785
1.64880952380952,37495
1.65178571428571,37190
1.6547619047619,37010
1.6577380952381,36641
1.66071428571429,36296
1.66369047619048,36309
1.66666666666667,36532
1.66964285714286,36662
1.67261904761905,36229
1.67559523809524,35321
1.67857142857143,34409
1.68154761904762,33425
1.68452380952381,32708
1.6875,31460
1.69047619047619,30955
1.69345238095238,30274
1.69642857142857,30302
1.69940476190476,30427
1.70238095238095,30154
1.70535714285714,29311
1.70833333333333,27699
1.71130952380952,26213
1.71428571428571,24756
1.7172619047619,23847
1.7202380952381,23917
1.72321428571429,23989
1.72619047619048,23555
1.72916666666667,23026
1.73214285714286,22668
1.73511904761905,22451
1.73809523809524,21969
1.74107142857143,21212
1.74404761904762,20978
1.74702380952381,21155
1.75,22370
1.75297619047619,23537
1.75595238095238,25210
1.75892857142857,26961
1.76190476190476,28770
1.76488095238095,29915
1.76785714285714,30895
1.77083333333333,31273
1.77380952380952,31390
1.77678571428571,31287
1.7797619047619,31163
1.7827380952381,30811
1.78571428571429,30310
1.78869047619048,29767
1.79166666666667,29016
1.79464285714286,28374
1.79761904761905,28064
1.80059523809524,27599
1.80357142857143,27338
1.80654761904762,27156
1.80952380952381,27355
1.8125,27860
1.81547619047619,28315
1.81845238095238,28396
1.82142857142857,27932
1.82440476190476,27776
1.82738095238095,27520
1.83035714285714,27026
1.83333333333333,26649
1.83630952380952,26343
1.83928571428571,26487
1.8422619047619,27219
1.8452380952381,27384
1.84821428571429,26680
1.85119047619048,25658
1.85416666666667,24258
1.85714285714286,22864
1.86011904761905,21998
1.86309523809524,22165
1.86607142857143,22308
1.86904761904762,21863
1.87202380952381,21439
1.875,21067
1.87797619047619,20781
1.88095238095238,20389
1.88392857142857,19663
1.88690476190476,19305
1.88988095238095,19410
1.89285714285714,20079
1.89583333333333,20701
1.89880952380952,21639
1.90178571428571,22722
1.9047619047619,24046
1.9077380952381,25150
1.91071428571429,26285
1.91369047619048,27420
1.91666666666667,28438
1.91964285714286,28770
1.92261904761905,29309
1.92559523809524,29586
1.92857142857143,29721
1.93154761904762,29598
1.93452380952381,28776
1.9375,28008
1.94047619047619,27487
1.94345238095238,27272
1.94642857142857,27091
1.94940476190476,27156
1.95238095238095,27190
1.95535714285714,27461
1.95833333333333,27722
1.96130952380952,27583
1.96428571428571,27575
1.9672619047619,27512
1.9702380952381,27603
1.97321428571429,27155
1.97619047619048,27250
1.97916666666667,27200
1.98214285714286,27798
1.98511904761905,28487
1.98809523809524,28691
1.99107142857143,27260
1.99404761904762,25371
1.99702380952381,23689
2,22454
2.00297619047619,21818
2.00595238095238,22002
2.00892857142857,22516
2.01190476190476,22292
2.01488095238095,21935
2.01785714285714,21683
2.02083333333333,21656
2.02380952380952,21481
2.02678571428571,21140
2.0297619047619,21308
2.03273809523809,22138
2.03571428571429,24699
2.03869047619048,27366
2.04166666666667,30973
2.04464285714286,33497
2.04761904761905,35192
2.05059523809524,35624
2.05357142857143,36444
2.05654761904762,36903
2.05952380952381,36944
2.0625,37223
2.06547619047619,37345
2.06845238095238,37710
2.07142857142857,37641
2.07440476190476,37391
2.07738095238095,37116
2.08035714285714,37017
2.08333333333333,37024
2.08630952380952,36882
2.08928571428571,36605
2.0922619047619,36861
2.09523809523809,37241
2.09821428571429,37550
2.10119047619048,37215
2.10416666666667,36203
2.10714285714286,35035
2.11011904761905,34112
2.11309523809524,33482
2.11607142857143,32349
2.11904761904762,31186
2.12202380952381,30920
2.125,30270
2.12797619047619,31869
2.13095238095238,31651
2.13392857142857,30821
2.13690476190476,28528
2.13988095238095,26675
2.14285714285714,25129
2.14583333333333,24425
2.14880952380952,24538
2.15178571428571,24577
2.1547619047619,24215
2.15773809523809,24012
2.16071428571429,23723
2.16369047619048,23546
2.16666666666667,23379
2.16964285714286,22857
2.17261904761905,22939
2.17559523809524,23464
2.17857142857143,25734
2.18154761904762,28240
2.18452380952381,31600
2.1875,34011
2.19047619047619,35567
2.19345238095238,35946
2.19642857142857,36733
2.19940476190476,36963
2.20238095238095,37009
2.20535714285714,37100
2.20833333333333,37265
2.21130952380952,37478
2.21428571428571,37462
2.2172619047619,37040
2.22023809523809,36778
2.22321428571429,36679
2.22619047619048,36570
2.22916666666667,36509
2.23214285714286,36433
2.23511904761905,36730
2.23809523809524,37125
2.24107142857143,37359
2.24404761904762,36995
2.24702380952381,36149
2.25,34845
2.25297619047619,33986
2.25595238095238,33353
2.25892857142857,32595
2.26190476190476,31833
2.26488095238095,31382
2.26785714285714,31264
2.27083333333333,31805
2.27380952380952,32067
2.27678571428571,30723
2.2797619047619,28736
2.28273809523809,26800
2.28571428571429,25296
2.28869047619048,24612
2.29166666666667,24614
2.29464285714286,24699
2.29761904761905,24358
2.30059523809524,23930
2.30357142857143,23690
2.30654761904762,23720
2.30952380952381,23472
2.3125,23233
2.31547619047619,23376
2.31845238095238,23913
2.32142857142857,26027
2.32440476190476,28641
2.32738095238095,32093
2.33035714285714,34598
2.33333333333333,36118
2.33630952380952,36505
2.33928571428571,37295
2.3422619047619,37562
2.34523809523809,37546
2.34821428571429,37734
2.35119047619048,38071
2.35416666666667,38204
2.35714285714286,38233
2.36011904761905,37710
2.36309523809524,37459
2.36607142857143,37224
2.36904761904762,37208
2.37202380952381,36962
2.375,36837
2.37797619047619,37151
2.38095238095238,37602
2.38392857142857,38055
2.38690476190476,37780
2.38988095238095,36832
2.39285714285714,35861
2.39583333333333,35202
2.39880952380952,34347
2.40178571428571,33562
2.4047619047619,32860
2.40773809523809,32606
2.41071428571429,32578
2.41369047619048,32552
2.41666666666667,32256
2.41964285714286,30893
2.42261904761905,28956
2.42559523809524,26926
2.42857142857143,25339
2.43154761904762,24677
2.43452380952381,24774
2.4375,24932
2.44047619047619,24615
2.44345238095238,24244
2.44642857142857,23962
2.44940476190476,23970
2.45238095238095,23624
2.45535714285714,23113
2.45833333333333,23221
2.46130952380952,23940
2.46428571428571,26205
2.4672619047619,28582
2.47023809523809,32017
2.47321428571429,34569
2.47619047619048,36166
2.47916666666667,36510
2.48214285714286,37250
2.48511904761905,37372
2.48809523809524,37318
2.49107142857143,37333
2.49404761904762,37611
2.49702380952381,37736
2.5,37756
2.50297619047619,37275
2.50595238095238,37010
2.50892857142857,36926
2.51190476190476,36837
2.51488095238095,36726
2.51785714285714,36449
2.52083333333333,36734
2.52380952380952,37067
2.52678571428571,37174
2.5297619047619,36824
2.53273809523809,35980
2.53571428571429,34953
2.53869047619048,34235
2.54166666666667,33350
2.54464285714286,32664
2.54761904761905,31923
2.55059523809524,31603
2.55357142857143,31736
2.55654761904762,32134
2.55952380952381,31993
2.5625,30956
2.56547619047619,28861
2.56845238095238,27012
2.57142857142857,25267
2.57440476190476,24560
2.57738095238095,24415
2.58035714285714,24490
2.58333333333333,24057
2.58630952380952,23680
2.58928571428571,23440
2.5922619047619,23432
2.59523809523809,23184
2.59821428571429,22774
2.60119047619048,22930
2.60416666666667,23579
2.60714285714286,25821
2.61011904761905,28193
2.61309523809524,31647
2.61607142857143,34117
2.61904761904762,35590
2.62202380952381,36167
2.625,36741
2.62797619047619,36768
2.63095238095238,36783
2.63392857142857,36991
2.63690476190476,37115
2.63988095238095,37224
2.64285714285714,37439
2.64583333333333,36822
2.64880952380952,36375
2.65178571428571,36126
2.6547619047619,35805
2.65773809523809,35478
2.66071428571429,35161
2.66369047619048,35123
2.66666666666667,35226
2.66964285714286,35435
2.67261904761905,35062
2.67559523809524,34357
2.67857142857143,33239
2.68154761904762,32583
2.68452380952381,31586
2.6875,30604
2.69047619047619,30091
2.69345238095238,29610
2.69642857142857,29462
2.69940476190476,29893
2.70238095238095,30100
2.70535714285714,29071
2.70833333333333,27660
2.71130952380952,26242
2.71428571428571,24618
2.7172619047619,23740
2.72023809523809,23600
2.72321428571429,23350
2.72619047619048,22870
2.72916666666667,22390
2.73214285714286,22082
2.73511904761905,21823
2.73809523809524,21548
2.74107142857143,20867
2.74404761904762,20671
2.74702380952381,20948
2.75,22106
2.75297619047619,23295
2.75595238095238,25222
2.75892857142857,27075
2.76190476190476,28876
2.76488095238095,30152
2.76785714285714,31325
2.77083333333333,31720
2.77380952380952,31770
2.77678571428571,31694
2.7797619047619,31507
2.78273809523809,31267
2.78571428571429,30679
2.78869047619048,30227
2.79166666666667,29601
2.79464285714286,29002
2.79761904761905,28670
2.80059523809524,28308
2.80357142857143,28101
2.80654761904762,28074
2.80952380952381,28364
2.8125,28772
2.81547619047619,29191
2.81845238095238,29118
2.82142857142857,28661
2.82440476190476,28005
2.82738095238095,27536
2.83035714285714,26823
2.83333333333333,25958
2.83630952380952,25897
2.83928571428571,25390
2.8422619047619,26690
2.84523809523809,27855
2.84821428571429,27276
2.85119047619048,26136
2.85416666666667,24839
2.85714285714286,23579
2.86011904761905,22570
2.86309523809524,22269
2.86607142857143,21878
2.86904761904762,21405
2.87202380952381,21024
2.875,20766
2.87797619047619,20541
2.88095238095238,20232
2.88392857142857,19485
2.88690476190476,19279
2.88988095238095,19342
2.89285714285714,19895
2.89583333333333,20744
2.89880952380952,21849
2.90178571428571,23073
2.9047619047619,24670
2.90773809523809,25975
2.91071428571429,27186
2.91369047619048,27996
2.91666666666667,28736
2.91964285714286,28957
2.92261904761905,29271
2.92559523809524,29490
2.92857142857143,29371
2.93154761904762,29068
2.93452380952381,28394
2.9375,27685
2.94047619047619,27330
2.94345238095238,27130
2.94642857142857,26901
2.94940476190476,26873
2.95238095238095,26930
2.95535714285714,27084
2.95833333333333,27216
2.96130952380952,27139
2.96428571428571,27040
2.9672619047619,26990
2.97023809523809,27063
2.97321428571429,27059
2.97619047619048,26716
2.97916666666667,26960
2.98214285714286,27133
2.98511904761905,27954
2.98809523809524,28947
2.99107142857143,28247
2.99404761904762,26477
2.99702380952381,24635
3,23168
3.00297619047619,22498
3.00595238095238,22272
3.00892857142857,22291
3.01190476190476,22054
3.01488095238095,21737
3.01785714285714,21774
3.02083333333333,21654
3.02380952380952,21462
3.02678571428571,21173
3.0297619047619,21521
3.0327380952381,22334
3.03571428571429,24897
3.03869047619048,27609
3.04166666666667,31136
3.04464285714286,33625
3.04761904761905,35517
3.05059523809524,36628
3.05357142857143,37545
3.05654761904762,37995
3.05952380952381,38086
3.0625,38389
3.06547619047619,38715
3.06845238095238,38777
3.07142857142857,38699
3.07440476190476,38307
3.07738095238095,37894
3.08035714285714,37832
3.08333333333333,37717
3.08630952380952,37563
3.08928571428571,37294
3.0922619047619,37604
3.09523809523809,37640
3.09821428571429,37584
3.10119047619048,37196
3.10416666666667,36090
3.10714285714286,35053
3.11011904761905,34283
3.11309523809524,33378
3.11607142857143,32754
3.11904761904762,31904
3.12202380952381,31817
3.125,31795
3.12797619047619,32467
3.13095238095238,32401
3.13392857142857,31574
3.13690476190476,29600
3.13988095238095,27540
3.14285714285714,25752
3.14583333333333,25196
3.14880952380952,24938
3.15178571428571,24740
3.1547619047619,24465
3.15773809523809,24187
3.16071428571429,23923
3.16369047619048,23837
3.16666666666667,23611
3.16964285714286,23198
3.17261904761905,23350
3.17559523809524,23994
3.17857142857143,26223
3.18154761904762,28568
3.18452380952381,31749
3.1875,34325
3.19047619047619,35968
3.19345238095238,36745
3.19642857142857,37427
3.19940476190476,37718
3.20238095238095,37880
3.20535714285714,38206
3.20833333333333,38488
3.21130952380952,38657
3.21428571428571,38762
3.2172619047619,38230
3.22023809523809,37990
3.22321428571429,37673
3.22619047619048,37673
3.22916666666667,37530
3.23214285714286,37455
3.23511904761905,37622
3.23809523809524,37993
3.24107142857143,38264
3.24404761904762,37712
3.24702380952381,36707
3.25,35667
3.25297619047619,34737
3.25595238095238,33728
3.25892857142857,32967
3.26190476190476,31725
3.26488095238095,31408
3.26785714285714,30991
3.27083333333333,31696
3.27380952380952,32234
3.27678571428571,30990
3.2797619047619,28949
3.28273809523809,26904
3.28571428571429,25308
3.28869047619048,24764
3.29166666666667,24417
3.29464285714286,24377
3.29761904761905,23924
3.30059523809524,23583
3.30357142857143,23373
3.30654761904762,23398
3.30952380952381,23322
3.3125,23038
3.31547619047619,22992
3.31845238095238,23673
3.32142857142857,25741
3.32440476190476,28276
3.32738095238095,31602
3.33035714285714,34031
3.33333333333333,35538
3.33630952380952,36017
3.33928571428571,36993
3.3422619047619,37420
3.34523809523809,37409
3.34821428571429,37412
3.35119047619048,37547
3.35416666666667,37664
3.35714285714286,37564
3.36011904761905,37271
3.36309523809524,36915
3.36607142857143,36791
3.36904761904762,36625
3.37202380952381,36357
3.375,36265
3.37797619047619,36582
3.38095238095238,37072
3.38392857142857,37238
3.38690476190476,36884
3.38988095238095,35890
3.39285714285714,34723
3.39583333333333,33724
3.39880952380952,32888
3.40178571428571,32110
3.4047619047619,31263
3.40773809523809,30907
3.41071428571429,30953
3.41369047619048,31413
3.41666666666667,31264
3.41964285714286,30239
3.42261904761905,28562
3.42559523809524,26606
3.42857142857143,24808
3.43154761904762,24126
3.43452380952381,23858
3.4375,23809
3.44047619047619,23535
3.44345238095238,23123
3.44642857142857,23025
3.44940476190476,22977
3.45238095238095,22759
3.45535714285714,22478
3.45833333333333,22584
3.46130952380952,23160
3.46428571428571,25369
3.4672619047619,27933
3.47023809523809,31222
3.47321428571429,33533
3.47619047619048,35135
3.47916666666667,35717
3.48214285714286,36555
3.48511904761905,36843
3.48809523809524,36885
3.49107142857143,37138
3.49404761904762,37311
3.49702380952381,37550
3.5,37619
3.50297619047619,37199
3.50595238095238,36951
3.50892857142857,36844
3.51190476190476,36785
3.51488095238095,36624
3.51785714285714,36350
3.52083333333333,36614
3.52380952380952,37167
3.52678571428571,37388
3.5297619047619,36880
3.53273809523809,36185
3.53571428571429,35197
3.53869047619048,34300
3.54166666666667,33586
3.54464285714286,32645
3.54761904761905,32269
3.55059523809524,31671
3.55357142857143,31998
3.55654761904762,31890
3.55952380952381,31643
3.5625,30227
3.56547619047619,28309
3.56845238095238,26457
3.57142857142857,24818
3.57440476190476,23982
3.57738095238095,23887
3.58035714285714,23898
3.58333333333333,23618
3.58630952380952,23263
3.58928571428571,22987
3.5922619047619,22990
3.59523809523809,22764
3.59821428571429,22399
3.60119047619048,22589
3.60416666666667,23219
3.60714285714286,25275
3.61011904761905,27918
3.61309523809524,31219
3.61607142857143,33642
3.61904761904762,35220
3.62202380952381,35757
3.625,36569
3.62797619047619,36876
3.63095238095238,36928
3.63392857142857,37087
3.63690476190476,37191
3.63988095238095,37439
3.64285714285714,37385
3.64583333333333,36914
3.64880952380952,36253
3.65178571428571,35983
3.6547619047619,35707
3.65773809523809,35269
3.66071428571429,34879
3.66369047619048,34885
3.66666666666667,35075
3.66964285714286,35346
3.67261904761905,35131
3.67559523809524,34313
3.67857142857143,33544
3.68154761904762,32824
3.68452380952381,32102
3.6875,31035
3.69047619047619,30421
3.69345238095238,30052
3.69642857142857,30107
3.69940476190476,30249
3.70238095238095,30060
3.70535714285714,28893
3.70833333333333,27258
3.71130952380952,25692
3.71428571428571,24039
3.7172619047619,23381
3.72023809523809,23128
3.72321428571429,23016
3.72619047619048,22516
3.72916666666667,22196
3.73214285714286,21834
3.73511904761905,21720
3.73809523809524,21384
3.74107142857143,20703
3.74404761904762,20462
3.74702380952381,20707
3.75,21880
3.75297619047619,23026
3.75595238095238,24656
3.75892857142857,26407
3.76190476190476,28200
3.76488095238095,29479
3.76785714285714,30652
3.77083333333333,31175
3.77380952380952,31370
3.77678571428571,31497
3.7797619047619,31436
3.78273809523809,31377
3.78571428571429,30833
3.78869047619048,30254
3.79166666666667,29571
3.79464285714286,28827
3.79761904761905,28635
3.80059523809524,28406
3.80357142857143,28136
3.80654761904762,28065
3.80952380952381,28262
3.8125,28945
3.81547619047619,29254
3.81845238095238,29355
3.82142857142857,29091
3.82440476190476,28699
3.82738095238095,28218
3.83035714285714,27876
3.83333333333333,27371
3.83630952380952,26955
3.83928571428571,26786
3.8422619047619,27440
3.84523809523809,27474
3.84821428571429,26648
3.85119047619048,25523
3.85416666666667,24304
3.85714285714286,22914
3.86011904761905,22095
3.86309523809524,21902
3.86607142857143,21947
3.86904761904762,21516
3.87202380952381,21077
3.875,20723
3.87797619047619,20501
3.88095238095238,20234
3.88392857142857,19590
3.88690476190476,19194
3.88988095238095,19374
3.89285714285714,19962
3.89583333333333,20551
3.89880952380952,21558
3.90178571428571,22652
3.9047619047619,23820
3.90773809523809,25012
3.91071428571429,26294
3.91369047619048,27372
3.91666666666667,28278
3.91964285714286,28957
3.92261904761905,29437
3.92559523809524,29743
3.92857142857143,30032
3.93154761904762,29798
3.93452380952381,28856
3.9375,28128
3.94047619047619,27602
3.94345238095238,27416
3.94642857142857,27185
3.94940476190476,26997
3.95238095238095,27165
3.95535714285714,27555
3.95833333333333,27727
3.96130952380952,27887
3.96428571428571,27803
3.9672619047619,27657
3.97023809523809,27749
3.97321428571429,27593
3.97619047619048,27626
3.97916666666667,27495
3.98214285714286,27509
3.98511904761905,27996
3.98809523809524,28413
3.99107142857143,27306
3.99404761904762,25514
3.99702380952381,23667
4,22428
4.00297619047619,21687
4.00595238095238,21865
4.00892857142857,21984
4.01190476190476,21701
4.01488095238095,21514
4.01785714285714,21395
4.02083333333333,21224
4.02380952380952,21188
4.02678571428571,20759
4.02976190476191,20948
4.03273809523809,21826
4.03571428571429,24283
4.03869047619048,26965
4.04166666666667,30507
4.04464285714286,33060
4.04761904761905,34783
4.05059523809524,35322
4.05357142857143,36130
4.05654761904762,36494
4.05952380952381,36593
4.0625,36826
4.06547619047619,36985
4.06845238095238,37098
4.07142857142857,37200
4.07440476190476,36654
4.07738095238095,36464
4.08035714285714,36257
4.08333333333333,36157
4.08630952380952,36098
4.08928571428571,35959
4.09226190476191,36207
4.09523809523809,36559
4.09821428571429,36790
4.10119047619048,36577
4.10416666666667,35727
4.10714285714286,34602
4.11011904761905,33578
4.11309523809524,32714
4.11607142857143,31926
4.11904761904762,31142
4.12202380952381,30833
4.125,31109
4.12797619047619,31310
4.13095238095238,31236
4.13392857142857,30184
4.13690476190476,28147
4.13988095238095,26299
4.14285714285714,24702
4.14583333333333,23875
4.14880952380952,23785
4.15178571428571,23876
4.15476190476191,23658
4.15773809523809,23346
4.16071428571429,23059
4.16369047619048,23039
4.16666666666667,22859
4.16964285714286,22414
4.17261904761905,22518
4.17559523809524,23241
4.17857142857143,25541
4.18154761904762,28017
4.18452380952381,31278
4.1875,33530
4.19047619047619,35240
4.19345238095238,35783
4.19642857142857,36372
4.19940476190476,36610
4.20238095238095,36651
4.20535714285714,36835
4.20833333333333,37248
4.21130952380952,37128
4.21428571428571,37230
4.21726190476191,36841
4.22023809523809,36529
4.22321428571429,36500
4.22619047619048,36445
4.22916666666667,36348
4.23214285714286,36152
4.23511904761905,36282
4.23809523809524,36853
4.24107142857143,37137
4.24404761904762,36844
4.24702380952381,35875
4.25,34589
4.25297619047619,33987
4.25595238095238,32959
4.25892857142857,32015
4.26190476190476,31847
4.26488095238095,31404
4.26785714285714,31501
4.27083333333333,31824
4.27380952380952,31759
4.27678571428571,30395
4.27976190476191,28511
4.28273809523809,26709
4.28571428571429,24940
4.28869047619048,24165
4.29166666666667,24078
4.29464285714286,24101
4.29761904761905,23755
4.30059523809524,23378
4.30357142857143,23122
4.30654761904762,23155
4.30952380952381,22902
4.3125,22598
4.31547619047619,22661
4.31845238095238,23335
4.32142857142857,25540
4.32440476190476,28023
4.32738095238095,31383
4.33035714285714,33907
4.33333333333333,35592
4.33630952380952,36022
4.33928571428571,36643
4.34226190476191,36976
4.34523809523809,36985
4.34821428571429,37123
4.35119047619048,37144
4.35416666666667,37385
4.35714285714286,37334
4.36011904761905,36914
4.36309523809524,36630
4.36607142857143,36433
4.36904761904762,36461
4.37202380952381,36246
4.375,36131
4.37797619047619,36534
4.38095238095238,37099
4.38392857142857,37346
4.38690476190476,37098
4.38988095238095,36145
4.39285714285714,34997
4.39583333333333,34342
4.39880952380952,33431
4.40178571428571,33088
4.40476190476191,32201
4.40773809523809,32185
4.41071428571429,31966
4.41369047619048,32214
4.41666666666667,31736
4.41964285714286,30325
4.42261904761905,28319
4.42559523809524,26480
4.42857142857143,24966
4.43154761904762,24194
4.43452380952381,24143
4.4375,24020
4.44047619047619,23750
4.44345238095238,23398
4.44642857142857,23179
4.44940476190476,23197
4.45238095238095,23163
4.45535714285714,22808
4.45833333333333,22887
4.46130952380952,23495
4.46428571428571,25600
4.46726190476191,28064
4.47023809523809,31494
4.47321428571429,33985
4.47619047619048,35754
4.47916666666667,35972
4.48214285714286,36855
4.48511904761905,37135
4.48809523809524,37159
4.49107142857143,37282
4.49404761904762,37347
4.49702380952381,37408
4.5,37444
4.50297619047619,37066
4.50595238095238,36874
4.50892857142857,36696
4.51190476190476,36707
4.51488095238095,36456
4.51785714285714,36362
4.52083333333333,36506
4.52380952380952,36831
4.52678571428571,37268
4.52976190476191,36851
4.53273809523809,36027
4.53571428571429,34950
4.53869047619048,34149
4.54166666666667,33515
4.54464285714286,32938
4.54761904761905,32777
4.55059523809524,32443
4.55357142857143,32620
4.55654761904762,32453
4.55952380952381,31486
4.5625,30006
4.56547619047619,28139
4.56845238095238,26396
4.57142857142857,24714
4.57440476190476,24047
4.57738095238095,24050
4.58035714285714,24083
4.58333333333333,23671
4.58630952380952,23354
4.58928571428571,22935
4.59226190476191,23009
4.59523809523809,23004
4.59821428571429,22721
4.60119047619048,22911
4.60416666666667,23404
4.60714285714286,25429
4.61011904761905,27965
4.61309523809524,31283
4.61607142857143,33772
4.61904761904762,35443
4.62202380952381,35929
4.625,36898
4.62797619047619,37272
4.63095238095238,37270
4.63392857142857,37363
4.63690476190476,37445
4.63988095238095,37550
4.64285714285714,37543
4.64583333333333,36995
4.64880952380952,36620
4.65178571428571,36032
4.65476190476191,35843
4.65773809523809,35606
4.66071428571429,35131
4.66369047619048,35079
4.66666666666667,35341
4.66964285714286,35546
4.67261904761905,35305
4.67559523809524,34459
4.67857142857143,33526
4.68154761904762,32835
4.68452380952381,32000
4.6875,31136
4.69047619047619,30696
4.69345238095238,30054
4.69642857142857,29993
4.69940476190476,30178
4.70238095238095,29786
4.70535714285714,28757
4.70833333333333,27433
4.71130952380952,25781
4.71428571428571,24272
4.71726190476191,23520
4.72023809523809,23361
4.72321428571429,23268
4.72619047619048,22677
4.72916666666667,22324
4.73214285714286,21853
4.73511904761905,21854
4.73809523809524,21574
4.74107142857143,21078
4.74404761904762,20827
4.74702380952381,21003
4.75,22034
4.75297619047619,23208
4.75595238095238,24792
4.75892857142857,26592
4.76190476190476,28313
4.76488095238095,29687
4.76785714285714,30737
4.77083333333333,31531
4.77380952380952,31785
4.77678571428571,31805
4.77976190476191,31710
4.78273809523809,31593
4.78571428571429,31228
4.78869047619048,30907
4.79166666666667,30011
4.79464285714286,29356
4.79761904761905,28974
4.80059523809524,28618
4.80357142857143,28268
4.80654761904762,28292
4.80952380952381,28518
4.8125,29006
4.81547619047619,29463
4.81845238095238,29508
4.82142857142857,29035
4.82440476190476,28476
4.82738095238095,28005
4.83035714285714,27658
4.83333333333333,26955
4.83630952380952,26327
4.83928571428571,26569
4.84226190476191,27221
4.84523809523809,27427
4.84821428571429,26845
4.85119047619048,25780
4.85416666666667,24384
4.85714285714286,23084
4.86011904761905,22221
4.86309523809524,22108
4.86607142857143,21854
4.86904761904762,21401
4.87202380952381,21023
4.875,20711
4.87797619047619,20569
4.88095238095238,20217
4.88392857142857,19687
4.88690476190476,19391
4.88988095238095,19433
4.89285714285714,20108
4.89583333333333,20674
4.89880952380952,21676
4.90178571428571,22689
4.90476190476191,24104
4.90773809523809,25283
4.91071428571429,26606
4.91369047619048,27556
4.91666666666667,28707
4.91964285714286,29415
4.92261904761905,29983
4.92559523809524,30335
4.92857142857143,30650
4.93154761904762,30474
4.93452380952381,29654
4.9375,28741
4.94047619047619,28299
4.94345238095238,27957
4.94642857142857,28013
4.94940476190476,27779
4.95238095238095,27966
4.95535714285714,28383
4.95833333333333,28508
4.96130952380952,28442
4.96428571428571,28272
4.96726190476191,28345
4.97023809523809,28120
4.97321428571429,27929
4.97619047619048,27848
4.97916666666667,27868
4.98214285714286,28378
4.98511904761905,29042
4.98809523809524,28948
4.99107142857143,27699
4.99404761904762,25889
4.99702380952381,24053
5,22627
5.00297619047619,21979
5.00595238095238,22025
5.00892857142857,22158
5.01190476190476,21906
5.01488095238095,21615
5.01785714285714,21366
5.02083333333333,21327
5.02380952380952,21257
5.02678571428571,21032
5.0297619047619,21261
5.03273809523809,22085
5.03571428571429,24437
5.03869047619048,27187
5.04166666666667,30833
5.04464285714286,33448
5.04761904761905,35245
5.05059523809524,35900
5.05357142857143,36798
5.05654761904762,37251
5.05952380952381,37335
5.0625,37677
5.06547619047619,37887
5.06845238095238,38066
5.07142857142857,38091
5.07440476190476,37784
5.07738095238095,37622
5.08035714285714,37408
5.08333333333333,37354
5.08630952380952,37172
5.08928571428571,36995
5.0922619047619,37311
5.09523809523809,37693
5.09821428571429,37887
5.10119047619048,37446
5.10416666666667,36451
5.10714285714286,35267
5.11011904761905,34434
5.11309523809524,33733
5.11607142857143,32812
5.11904761904762,32061
5.12202380952381,32089
5.125,32345
5.12797619047619,32564
5.13095238095238,32096
5.13392857142857,30702
5.13690476190476,28412
5.13988095238095,26445
5.14285714285714,24933
5.14583333333333,24205
5.14880952380952,24262
5.15178571428571,24154
5.1547619047619,23786
5.15773809523809,23431
5.16071428571429,23268
5.16369047619048,23290
5.16666666666667,23166
5.16964285714286,22943
5.17261904761905,23042
5.17559523809524,23492
5.17857142857143,25723
5.18154761904762,28273
5.18452380952381,31617
5.1875,34140
5.19047619047619,35901
5.19345238095238,36473
5.19642857142857,37122
5.19940476190476,37559
5.20238095238095,37703
5.20535714285714,37933
5.20833333333333,38059
5.21130952380952,38274
5.21428571428571,38303
5.2172619047619,37876
5.22023809523809,37688
5.22321428571429,37414
5.22619047619048,37312
5.22916666666667,37234
5.23214285714286,37086
5.23511904761905,37421
5.23809523809524,37923
5.24107142857143,38363
5.24404761904762,38127
5.24702380952381,37433
5.25,36363
5.25297619047619,35617
5.25595238095238,34829
5.25892857142857,34036
5.26190476190476,33520
5.26488095238095,33163
5.26785714285714,33322
5.27083333333333,32823
5.27380952380952,32221
5.27678571428571,30611
5.2797619047619,28724
5.28273809523809,26678
5.28571428571429,25050
5.28869047619048,24246
5.29166666666667,24305
5.29464285714286,24317
5.29761904761905,24019
5.30059523809524,23684
5.30357142857143,23449
5.30654761904762,23430
5.30952380952381,23282
5.3125,23111
5.31547619047619,23102
5.31845238095238,23612
5.32142857142857,25812
5.32440476190476,28246
5.32738095238095,31571
5.33035714285714,33923
5.33333333333333,35446
5.33630952380952,35973
5.33928571428571,36833
5.3422619047619,37164
5.34523809523809,37342
5.34821428571429,37642
5.35119047619048,37713
5.35416666666667,37898
5.35714285714286,37963
5.36011904761905,37603
5.36309523809524,37290
5.36607142857143,36955
5.36904761904762,36956
5.37202380952381,36815
5.375,36637
5.37797619047619,37003
5.38095238095238,37526
5.38392857142857,37775
5.38690476190476,37630
5.38988095238095,36722
5.39285714285714,35559
5.39583333333333,34742
5.39880952380952,34002
5.40178571428571,33230
5.4047619047619,32809
5.40773809523809,32446
5.41071428571429,32614
5.41369047619048,32715
5.41666666666667,32150
5.41964285714286,30568
5.42261904761905,28613
5.42559523809524,26727
5.42857142857143,25157
5.43154761904762,24403
5.43452380952381,24354
5.4375,24156
5.44047619047619,23846
5.44345238095238,23539
5.44642857142857,23256
5.44940476190476,23233
5.45238095238095,23253
5.45535714285714,22932
5.45833333333333,22969
5.46130952380952,23574
5.46428571428571,25737
5.4672619047619,28306
5.47023809523809,31552
5.47321428571429,34093
5.47619047619048,35828
5.47916666666667,36337
5.48214285714286,37142
5.48511904761905,37407
5.48809523809524,37471
5.49107142857143,37632
5.49404761904762,37920
5.49702380952381,38095
5.5,38118
5.50297619047619,37735
5.50595238095238,37411
5.50892857142857,37205
5.51190476190476,37064
5.51488095238095,36870
5.51785714285714,36749
5.52083333333333,37029
5.52380952380952,37542
5.52678571428571,37684
5.5297619047619,37470
5.53273809523809,36532
5.53571428571429,35290
5.53869047619048,34597
5.54166666666667,33819
5.54464285714286,33104
5.54761904761905,32718
5.55059523809524,32512
5.55357142857143,32693
5.55654761904762,32784
5.55952380952381,32151
5.5625,30654
5.56547619047619,28721
5.56845238095238,26754
5.57142857142857,25228
5.57440476190476,24439
5.57738095238095,24440
5.58035714285714,24284
5.58333333333333,23918
5.58630952380952,23582
5.58928571428571,23295
5.5922619047619,23219
5.59523809523809,23124
5.59821428571429,22838
5.60119047619048,22834
5.60416666666667,23420
5.60714285714286,25594
5.61011904761905,27965
5.61309523809524,31460
5.61607142857143,33905
5.61904761904762,35501
5.62202380952381,36128
5.625,36898
5.62797619047619,37056
5.63095238095238,37165
5.63392857142857,37294
5.63690476190476,37516
5.63988095238095,37537
5.64285714285714,37478
5.64583333333333,36905
5.64880952380952,36316
5.65178571428571,36081
5.6547619047619,35478
5.65773809523809,35101
5.66071428571429,34944
5.66369047619048,34929
5.66666666666667,35327
5.66964285714286,35498
5.67261904761905,35065
5.67559523809524,34315
5.67857142857143,33258
5.68154761904762,32375
5.68452380952381,31716
5.6875,30629
5.69047619047619,29779
5.69345238095238,29340
5.69642857142857,29324
5.69940476190476,29776
5.70238095238095,29963
5.70535714285714,29024
5.70833333333333,27300
5.71130952380952,25726
5.71428571428571,24204
5.7172619047619,23325
5.72023809523809,23000
5.72321428571429,23044
5.72619047619048,22515
5.72916666666667,22123
5.73214285714286,21767
5.73511904761905,21659
5.73809523809524,21418
5.74107142857143,21029
5.74404761904762,20726
5.74702380952381,20909
5.75,21885
5.75297619047619,23052
5.75595238095238,24710
5.75892857142857,26360
5.76190476190476,28141
5.76488095238095,29612
5.76785714285714,30662
5.77083333333333,31096
5.77380952380952,31292
5.77678571428571,31464
5.7797619047619,31393
5.78273809523809,31269
5.78571428571429,30742
5.78869047619048,30282
5.79166666666667,29564
5.79464285714286,29052
5.79761904761905,28800
5.80059523809524,28266
5.80357142857143,28042
5.80654761904762,27744
5.80952380952381,28022
5.8125,28777
5.81547619047619,29265
5.81845238095238,29112
5.82142857142857,29024
5.82440476190476,28670
5.82738095238095,28278
5.83035714285714,27954
5.83333333333333,27769
5.83630952380952,27266
5.83928571428571,27354
5.8422619047619,27792
5.84523809523809,27328
5.84821428571429,26650
5.85119047619048,25350
5.85416666666667,24166
5.85714285714286,22823
5.86011904761905,21928
5.86309523809524,21880
5.86607142857143,21835
5.86904761904762,21337
5.87202380952381,20910
5.875,20662
5.87797619047619,20406
5.88095238095238,20262
5.88392857142857,19830
5.88690476190476,19438
5.88988095238095,19419
5.89285714285714,20138
5.89583333333333,20625
5.89880952380952,21517
5.90178571428571,22611
5.9047619047619,24061
5.90773809523809,25219
5.91071428571429,26549
5.91369047619048,27609
5.91666666666667,28951
5.91964285714286,29592
5.92261904761905,30153
5.92559523809524,30634
5.92857142857143,31033
5.93154761904762,30704
5.93452380952381,29870
5.9375,29244
5.94047619047619,28944
5.94345238095238,28578
5.94642857142857,28295
5.94940476190476,28170
5.95238095238095,28448
5.95535714285714,28772
5.95833333333333,28856
5.96130952380952,28824
5.96428571428571,28702
5.9672619047619,28426
5.97023809523809,28269
5.97321428571429,28094
5.97619047619048,28196
5.97916666666667,27913
5.98214285714286,28361
5.98511904761905,29118
5.98809523809524,29093
5.99107142857143,27596
5.99404761904762,25651
5.99702380952381,23892
6,22387
6.00297619047619,21817
6.00595238095238,22012
6.00892857142857,22081
6.01190476190476,21839
6.01488095238095,21599
6.01785714285714,21460
6.02083333333333,21442
6.02380952380952,21353
6.02678571428571,21143
6.0297619047619,21307
6.03273809523809,22058
6.03571428571429,24474
6.03869047619048,27218
6.04166666666667,30787
6.04464285714286,33457
6.04761904761905,35273
6.05059523809524,36011
6.05357142857143,36866
6.05654761904762,37346
6.05952380952381,37510
6.0625,37825
6.06547619047619,38248
6.06845238095238,38518
6.07142857142857,38621
6.07440476190476,38270
6.07738095238095,37907
6.08035714285714,37766
6.08333333333333,37646
6.08630952380952,37477
6.08928571428571,37261
6.0922619047619,37766
6.09523809523809,38302
6.09821428571429,38496
6.10119047619048,38279
6.10416666666667,37451
6.10714285714286,36435
6.11011904761905,35601
6.11309523809524,34543
6.11607142857143,33925
6.11904761904762,33161
6.12202380952381,32709
6.125,32881
6.12797619047619,32719
6.13095238095238,32030
6.13392857142857,30569
6.13690476190476,28389
6.13988095238095,26384
6.14285714285714,24822
6.14583333333333,24126
6.14880952380952,24296
6.15178571428571,24461
6.1547619047619,24172
6.15773809523809,23917
6.16071428571429,23664
6.16369047619048,23528
6.16666666666667,23498
6.16964285714286,23108
6.17261904761905,23044
6.17559523809524,23585
6.17857142857143,25750
6.18154761904762,28353
6.18452380952381,31634
6.1875,34080
6.19047619047619,35646
6.19345238095238,36079
6.19642857142857,36758
6.19940476190476,36958
6.20238095238095,37169
6.20535714285714,37410
6.20833333333333,37601
6.21130952380952,37773
6.21428571428571,37672
6.2172619047619,37245
6.22023809523809,36995
6.22321428571429,36519
6.22619047619048,36533
6.22916666666667,36464
6.23214285714286,36274
6.23511904761905,36577
6.23809523809524,37042
6.24107142857143,37242
6.24404761904762,36996
6.24702380952381,36020
6.25,34759
6.25297619047619,33932
6.25595238095238,33001
6.25892857142857,32254
6.26190476190476,31581
6.26488095238095,31270
6.26785714285714,31776
6.27083333333333,32287
6.27380952380952,32117
6.27678571428571,30604
6.2797619047619,28597
6.28273809523809,26528
6.28571428571429,24897
6.28869047619048,24117
6.29166666666667,24330
6.29464285714286,24524
6.29761904761905,24179
6.30059523809524,23915
6.30357142857143,23877
6.30654761904762,23725
6.30952380952381,23499
6.3125,23077
6.31547619047619,22919
6.31845238095238,23596
6.32142857142857,25786
6.32440476190476,28277
6.32738095238095,31689
6.33035714285714,33984
6.33333333333333,35449
6.33630952380952,35832
6.33928571428571,36526
6.3422619047619,36882
6.34523809523809,36959
6.34821428571429,37105
6.35119047619048,37355
6.35416666666667,37510
6.35714285714286,37519
6.36011904761905,37159
6.36309523809524,36810
6.36607142857143,36474
6.36904761904762,36565
6.37202380952381,36459
6.375,36267
6.37797619047619,36585
6.38095238095238,37062
6.38392857142857,37301
6.38690476190476,37110
6.38988095238095,36312
6.39285714285714,35274
6.39583333333333,34483
6.39880952380952,33804
6.40178571428571,33187
6.4047619047619,32918
6.40773809523809,32800
6.41071428571429,32820
6.41369047619048,32686
6.41666666666667,31877
6.41964285714286,30754
6.42261904761905,28729
6.42559523809524,26781
6.42857142857143,25257
6.43154761904762,24292
6.43452380952381,24519
6.4375,24610
6.44047619047619,24207
6.44345238095238,23882
6.44642857142857,23748
6.44940476190476,23692
6.45238095238095,23602
6.45535714285714,23299
6.45833333333333,23493
6.46130952380952,23934
6.46428571428571,26095
6.4672619047619,28615
6.47023809523809,32005
6.47321428571429,34393
6.47619047619048,35901
6.47916666666667,36370
6.48214285714286,37303
6.48511904761905,37585
6.48809523809524,37565
6.49107142857143,37943
6.49404761904762,37990
6.49702380952381,38062
6.5,38124
6.50297619047619,37692
6.50595238095238,37429
6.50892857142857,37067
6.51190476190476,37005
6.51488095238095,36949
6.51785714285714,36646
6.52083333333333,37019
6.52380952380952,37402
6.52678571428571,37476
6.5297619047619,37062
6.53273809523809,36292
6.53571428571429,35247
6.53869047619048,34449
6.54166666666667,33822
6.54464285714286,32999
6.54761904761905,32569
6.55059523809524,32485
6.55357142857143,32879
6.55654761904762,32866
6.55952380952381,32106
6.5625,30590
6.56547619047619,28500
6.56845238095238,26640
6.57142857142857,25050
6.57440476190476,24352
6.57738095238095,24382
6.58035714285714,24432
6.58333333333333,24041
6.58630952380952,23871
6.58928571428571,23754
6.5922619047619,23547
6.59523809523809,23380
6.59821428571429,23043
6.60119047619048,23089
6.60416666666667,23586
6.60714285714286,25660
6.61011904761905,28125
6.61309523809524,31541
6.61607142857143,33932
6.61904761904762,35554
6.62202380952381,36040
6.625,36630
6.62797619047619,36857
6.63095238095238,36971
6.63392857142857,37020
6.63690476190476,37181
6.63988095238095,37304
6.64285714285714,37487
6.64583333333333,36880
6.64880952380952,36159
6.65178571428571,35654
6.6547619047619,35564
6.65773809523809,35302
6.66071428571429,34901
6.66369047619048,34910
6.66666666666667,35229
6.66964285714286,35529
6.67261904761905,35253
6.67559523809524,34636
6.67857142857143,33774
6.68154761904762,33031
6.68452380952381,32090
6.6875,31084
6.69047619047619,30377
6.69345238095238,29800
6.69642857142857,29891
6.69940476190476,30297
6.70238095238095,30087
6.70535714285714,29109
6.70833333333333,27248
6.71130952380952,25675
6.71428571428571,24173
6.7172619047619,23461
6.72023809523809,23473
6.72321428571429,23536
6.72619047619048,22979
6.72916666666667,22600
6.73214285714286,22224
6.73511904761905,21999
6.73809523809524,21842
6.74107142857143,21230
6.74404761904762,20984
6.74702380952381,21009
6.75,22206
6.75297619047619,23293
6.75595238095238,25031
6.75892857142857,26663
6.76190476190476,28460
6.76488095238095,29684
6.76785714285714,30672
6.77083333333333,31072
6.77380952380952,31512
6.77678571428571,31397
6.7797619047619,31348
6.78273809523809,31058
6.78571428571429,30639
6.78869047619048,30135
6.79166666666667,29432
6.79464285714286,28907
6.79761904761905,28471
6.80059523809524,28126
6.80357142857143,27925
6.80654761904762,27809
6.80952380952381,27954
6.8125,28318
6.81547619047619,28834
6.81845238095238,28724
6.82142857142857,28518
6.82440476190476,28181
6.82738095238095,27605
6.83035714285714,27165
6.83333333333333,26661
6.83630952380952,26316
6.83928571428571,26514
6.8422619047619,27119
6.84523809523809,27223
6.84821428571429,26513
6.85119047619048,25354
6.85416666666667,23947
6.85714285714286,22782
6.86011904761905,22034
6.86309523809524,22004
6.86607142857143,21934
6.86904761904762,21541
6.87202380952381,21189
6.875,20806
6.87797619047619,20556
6.88095238095238,20390
6.88392857142857,19881
6.88690476190476,19496
6.88988095238095,19418
6.89285714285714,19949
6.89583333333333,20714
6.89880952380952,21604
6.90178571428571,22589
6.9047619047619,23902
6.90773809523809,25052
6.91071428571429,26384
6.91369047619048,27504
6.91666666666667,28492
6.91964285714286,29177
6.92261904761905,29732
6.92559523809524,29982
6.92857142857143,30197
6.93154761904762,29994
6.93452380952381,29104
6.9375,28063
6.94047619047619,27510
6.94345238095238,27184
6.94642857142857,27021
6.94940476190476,26775
6.95238095238095,26879
6.95535714285714,27097
6.95833333333333,27143
6.96130952380952,27119
6.96428571428571,27142
6.9672619047619,27110
6.97023809523809,27107
6.97321428571429,26775
6.97619047619048,26886
6.97916666666667,26834
6.98214285714286,27667
6.98511904761905,28552
6.98809523809524,28495
6.99107142857143,27452
6.99404761904762,25565
6.99702380952381,23764
7,22421
7.00297619047619,21724
7.00595238095238,21844
7.00892857142857,22095
7.01190476190476,21862
7.01488095238095,21554
7.01785714285714,21466
7.02083333333333,21428
7.02380952380952,21326
7.02678571428571,21131
7.0297619047619,21356
7.03273809523809,22078
7.03571428571429,24352
7.03869047619048,27030
7.04166666666667,30528
7.04464285714286,33059
7.04761904761905,34851
7.05059523809524,35312
7.05357142857143,36154
7.05654761904762,36505
7.05952380952381,36568
7.0625,36774
7.06547619047619,37118
7.06845238095238,37178
7.07142857142857,37214
7.07440476190476,36869
7.07738095238095,36460
7.08035714285714,36140
7.08333333333333,36118
7.08630952380952,35976
7.08928571428571,35708
7.0922619047619,36061
7.09523809523809,36546
7.09821428571429,36640
7.10119047619048,36326
7.10416666666667,35617
7.10714285714286,34407
7.11011904761905,33339
7.11309523809524,32612
7.11607142857143,31904
7.11904761904762,30899
7.12202380952381,31018
7.125,31444
7.12797619047619,32118
7.13095238095238,31907
7.13392857142857,30526
7.13690476190476,28336
7.13988095238095,26355
7.14285714285714,24734
7.14583333333333,24085
7.14880952380952,24069
7.15178571428571,24101
7.1547619047619,23761
7.15773809523809,23408
7.16071428571429,23348
7.16369047619048,23215
7.16666666666667,23144
7.16964285714286,22998
7.17261904761905,22906
7.17559523809524,23350
7.17857142857143,25446
7.18154761904762,27975
7.18452380952381,31231
7.1875,33490
7.19047619047619,35026
7.19345238095238,35632
7.19642857142857,36220
7.19940476190476,36620
7.20238095238095,36723
7.20535714285714,36903
7.20833333333333,36974
7.21130952380952,37261
7.21428571428571,37289
7.2172619047619,36930
7.22023809523809,36633
7.22321428571429,36432
7.22619047619048,36440
7.22916666666667,36248
7.23214285714286,36290
7.23511904761905,36496
7.23809523809524,36996
7.24107142857143,37118
7.24404761904762,36876
7.24702380952381,35845
7.25,34725
7.25297619047619,33861
7.25595238095238,32843
7.25892857142857,32012
7.26190476190476,31430
7.26488095238095,31386
7.26785714285714,31681
7.27083333333333,32285
7.27380952380952,32111
7.27678571428571,30656
7.2797619047619,28577
7.28273809523809,26503
7.28571428571429,25097
7.28869047619048,24328
7.29166666666667,24180
7.29464285714286,24265
7.29761904761905,23924
7.30059523809524,23566
7.30357142857143,23332
7.30654761904762,23302
7.30952380952381,23252
7.3125,23072
7.31547619047619,22909
7.31845238095238,23491
7.32142857142857,25587
7.32440476190476,27993
7.32738095238095,31313
7.33035714285714,33752
7.33333333333333,35371
7.33630952380952,35944
7.33928571428571,36773
7.3422619047619,36978
7.34523809523809,36973
7.34821428571429,37072
7.35119047619048,37051
7.35416666666667,37318
7.35714285714286,37513
7.36011904761905,37156
7.36309523809524,36774
7.36607142857143,36567
7.36904761904762,36449
7.37202380952381,36343
7.375,36090
7.37797619047619,36426
7.38095238095238,36812
7.38392857142857,36980
7.38690476190476,36662
7.38988095238095,35654
7.39285714285714,34351
7.39583333333333,33697
7.39880952380952,32613
7.40178571428571,31711
7.4047619047619,31450
7.40773809523809,31103
7.41071428571429,31332
7.41369047619048,31917
7.41666666666667,31781
7.41964285714286,30581
7.42261904761905,28726
7.42559523809524,27009
7.42857142857143,25316
7.43154761904762,24548
7.43452380952381,24480
7.4375,24308
7.44047619047619,24028
7.44345238095238,23725
7.44642857142857,23537
7.44940476190476,23472
7.45238095238095,23452
7.45535714285714,23209
7.45833333333333,23207
7.46130952380952,23616
7.46428571428571,25862
7.4672619047619,28298
7.47023809523809,31361
7.47321428571429,33843
7.47619047619048,35585
7.47916666666667,36274
7.48214285714286,36993
7.48511904761905,37242
7.48809523809524,37304
7.49107142857143,37390
7.49404761904762,37603
7.49702380952381,37711
7.5,37606
7.50297619047619,37214
7.50595238095238,36938
7.50892857142857,36825
7.51190476190476,36834
7.51488095238095,36712
7.51785714285714,36546
7.52083333333333,36786
7.52380952380952,37042
7.52678571428571,37216
7.5297619047619,36708
7.53273809523809,35737
7.53571428571429,34684
7.53869047619048,33970
7.54166666666667,32902
7.54464285714286,31870
7.54761904761905,31381
7.55059523809524,31149
7.55357142857143,31595
7.55654761904762,32431
7.55952380952381,32026
7.5625,30680
7.56547619047619,28690
7.56845238095238,26598
7.57142857142857,25163
7.57440476190476,24438
7.57738095238095,24145
7.58035714285714,23965
7.58333333333333,23674
7.58630952380952,23347
7.58928571428571,23177
7.5922619047619,23117
7.59523809523809,23008
7.59821428571429,22778
7.60119047619048,22633
7.60416666666667,23081
7.60714285714286,25184
7.61011904761905,27593
7.61309523809524,30702
7.61607142857143,33104
7.61904761904762,34820
7.62202380952381,35496
7.625,36326
7.62797619047619,36505
7.63095238095238,36678
7.63392857142857,36890
7.63690476190476,36892
7.63988095238095,37020
7.64285714285714,36845
7.64583333333333,36321
7.64880952380952,35868
7.65178571428571,35555
7.6547619047619,35385
7.65773809523809,35109
7.66071428571429,34850
7.66369047619048,34972
7.66666666666667,35122
7.66964285714286,35141
7.67261904761905,34713
7.67559523809524,33882
7.67857142857143,32938
7.68154761904762,32034
7.68452380952381,31020
7.6875,30197
7.69047619047619,29527
7.69345238095238,29055
7.69642857142857,29407
7.69940476190476,30121
7.70238095238095,29997
7.70535714285714,28810
7.70833333333333,27115
7.71130952380952,25592
7.71428571428571,24187
7.7172619047619,23142
7.72023809523809,22938
7.72321428571429,22665
7.72619047619048,22161
7.72916666666667,21630
7.73214285714286,21378
7.73511904761905,21229
7.73809523809524,21101
7.74107142857143,20737
7.74404761904762,20523
7.74702380952381,20506
7.75,21498
7.75297619047619,22577
7.75595238095238,24152
7.75892857142857,25606
7.76190476190476,27360
7.76488095238095,28560
7.76785714285714,29677
7.77083333333333,30179
7.77380952380952,30298
7.77678571428571,30321
7.7797619047619,30336
7.78273809523809,30105
7.78571428571429,29755
7.78869047619048,29411
7.79166666666667,28656
7.79464285714286,27992
7.79761904761905,27600
7.80059523809524,27304
7.80357142857143,27049
7.80654761904762,26967
7.80952380952381,27127
7.8125,27538
7.81547619047619,27917
7.81845238095238,27958
7.82142857142857,27588
7.82440476190476,27425
7.82738095238095,27008
7.83035714285714,26673
7.83333333333333,26142
7.83630952380952,26085
7.83928571428571,26687
7.8422619047619,27249
7.84523809523809,26797
7.84821428571429,25910
7.85119047619048,24683
7.85416666666667,23459
7.85714285714286,22227
7.86011904761905,21495
7.86309523809524,21310
7.86607142857143,21086
7.86904761904762,20684
7.87202380952381,20264
7.875,19973
7.87797619047619,19806
7.88095238095238,19581
7.88392857142857,19383
7.88690476190476,19109
7.88988095238095,18869
7.89285714285714,19428
7.89583333333333,20015
7.89880952380952,20768
7.90178571428571,21720
7.9047619047619,22900
7.90773809523809,24092
7.91071428571429,25373
7.91369047619048,26353
7.91666666666667,27383
7.91964285714286,27979
7.92261904761905,28699
7.92559523809524,28908
7.92857142857143,29089
7.93154761904762,28964
7.93452380952381,28209
7.9375,27484
7.94047619047619,27017
7.94345238095238,26663
7.94642857142857,26474
7.94940476190476,26387
7.95238095238095,26546
7.95535714285714,26915
7.95833333333333,27031
7.96130952380952,27065
7.96428571428571,27014
7.9672619047619,26793
7.97023809523809,26985
7.97321428571429,26765
7.97619047619048,26903
7.97916666666667,27023
7.98214285714286,28019
7.98511904761905,28423
7.98809523809524,27579
7.99107142857143,26359
7.99404761904762,24589
7.99702380952381,22936
8,21453
8.00297619047619,20977
8.00595238095238,20803
8.00892857142857,20899
8.01190476190476,20668
8.01488095238095,20451
8.01785714285714,20324
8.02083333333333,20391
8.02380952380952,20383
8.02678571428571,20388
8.02976190476191,20564
8.03273809523809,21114
8.03571428571428,23298
8.03869047619047,25505
8.04166666666667,28507
8.04464285714286,30854
8.04761904761905,32956
8.05059523809524,34017
8.05357142857143,35016
8.05654761904762,35396
8.05952380952381,35587
8.0625,35741
8.06547619047619,35997
8.06845238095238,36161
8.07142857142857,36165
8.07440476190476,35827
8.07738095238095,35512
8.08035714285714,35094
8.08333333333333,35088
8.08630952380952,35045
8.08928571428571,34863
8.09226190476191,34957
8.09523809523809,35262
8.09821428571428,35423
8.10119047619047,35352
8.10416666666667,34880
8.10714285714286,33870
8.11011904761905,33122
8.11309523809524,32325
8.11607142857143,31660
8.11904761904762,31083
8.12202380952381,31367
8.125,31863
8.12797619047619,31412
8.13095238095238,30246
8.13392857142857,28889
8.13690476190476,26762
8.13988095238095,25002
8.14285714285714,23456
8.14583333333333,22720
8.14880952380952,22733
8.15178571428571,22864
8.15476190476191,22467
8.15773809523809,22145
8.16071428571428,21983
8.16369047619047,22045
8.16666666666667,21829
8.16964285714286,21813
8.17261904761905,21997
8.17559523809524,22232
8.17857142857143,24139
8.18154761904762,26224
8.18452380952381,29145
8.1875,31450
8.19047619047619,33325
8.19345238095238,34444
8.19642857142857,35086
8.19940476190476,35356
8.20238095238095,35352
8.20535714285714,35544
8.20833333333333,35693
8.21130952380952,35762
8.21428571428571,35756
8.21726190476191,35411
8.22023809523809,35128
8.22321428571428,34994
8.22619047619047,34857
8.22916666666667,34731
8.23214285714286,34449
8.23511904761905,34624
8.23809523809524,35043
8.24107142857143,35045
8.24404761904762,34912
8.24702380952381,34208
8.25,32994
8.25297619047619,32467
8.25595238095238,31603
8.25892857142857,30855
8.26190476190476,30608
8.26488095238095,30868
8.26785714285714,31549
8.27083333333333,31661
8.27380952380952,30667
8.27678571428571,29098
8.27976190476191,27114
8.28273809523809,25315
8.28571428571428,23564
8.28869047619047,22865
8.29166666666667,22674
8.29464285714286,22738
8.29761904761905,22335
8.30059523809524,21911
8.30357142857143,21876
8.30654761904762,21874
8.30952380952381,21714
8.3125,21683
8.31547619047619,21769
8.31845238095238,22076
8.32142857142857,23999
8.32440476190476,26330
8.32738095238095,29003
8.33035714285714,31196
8.33333333333333,33068
8.33630952380952,34227
8.33928571428571,35033
8.34226190476191,35415
8.34523809523809,35587
8.34821428571428,35608
8.35119047619047,35796
8.35416666666667,35902
8.35714285714286,36013
8.36011904761905,35708
8.36309523809524,35309
8.36607142857143,35053
8.36904761904762,35040
8.37202380952381,34900
8.375,34708
8.37797619047619,34856
8.38095238095238,35024
8.38392857142857,35316
8.38690476190476,35193
8.38988095238095,34396
8.39285714285714,33400
8.39583333333333,32566
8.39880952380952,31541
8.40178571428571,30842
8.40476190476191,30472
8.40773809523809,30457
8.41071428571428,31072
8.41369047619047,31416
8.41666666666667,30812
8.41964285714286,29215
8.42261904761905,27341
8.42559523809524,25409
8.42857142857143,23835
8.43154761904762,23059
8.43452380952381,22905
8.4375,22777
8.44047619047619,22402
8.44345238095238,22131
8.44642857142857,21969
8.44940476190476,21839
8.45238095238095,21819
8.45535714285714,21806
8.45833333333333,21762
8.46130952380952,22145
8.46428571428571,24117
8.46726190476191,26273
8.47023809523809,28922
8.47321428571428,31153
8.47619047619047,33064
8.47916666666667,34178
8.48214285714286,35173
8.48511904761905,35586
8.48809523809524,35711
8.49107142857143,35874
8.49404761904762,36057
8.49702380952381,36140
8.5,36196
8.50297619047619,35823
8.50595238095238,35563
8.50892857142857,35315
8.51190476190476,35320
8.51488095238095,35199
8.51785714285714,35107
8.52083333333333,35167
8.52380952380952,35417
8.52678571428571,35681
8.52976190476191,35535
8.53273809523809,34700
8.53571428571428,33641
8.53869047619047,32701
8.54166666666667,31842
8.54464285714286,31062
8.54761904761905,30697
8.55059523809524,30772
8.55357142857143,31411
8.55654761904762,31522
8.55952380952381,30618
8.5625,29156
8.56547619047619,27117
8.56845238095238,25359
8.57142857142857,23694
8.57440476190476,22923
8.57738095238095,22673
8.58035714285714,22633
8.58333333333333,22240
8.58630952380952,21877
8.58928571428571,21728
8.59226190476191,21622
8.59523809523809,21580
8.59821428571428,21434
8.60119047619047,21446
8.60416666666667,21812
8.60714285714286,23691
8.61011904761905,25686
8.61309523809524,28460
8.61607142857143,30737
8.61904761904762,32619
8.62202380952381,33860
8.625,34728
8.62797619047619,35036
8.63095238095238,35166
8.63392857142857,35232
8.63690476190476,35389
8.63988095238095,35456
8.64285714285714,35482
8.64583333333333,35052
8.64880952380952,34760
8.65178571428571,34362
8.65476190476191,34158
8.65773809523809,33919
8.66071428571428,33761
8.66369047619047,33541
8.66666666666667,33602
8.66964285714286,33778
8.67261904761905,33793
8.67559523809524,33031
8.67857142857143,32212
8.68154761904762,31415
8.68452380952381,30522
8.6875,29606
8.69047619047619,29001
8.69345238095238,28797
8.69642857142857,29410
8.69940476190476,29711
8.70238095238095,29031
8.70535714285714,27747
8.70833333333333,26212
8.71130952380952,24681
8.71428571428571,23203
8.71726190476191,22495
8.72023809523809,22290
8.72321428571428,22059
8.72619047619047,21573
8.72916666666667,21223
8.73214285714286,20999
8.73511904761905,20803
8.73809523809524,20561
8.74107142857143,20291
8.74404761904762,19957
8.74702380952381,19866
8.75,20765
8.75297619047619,21923
8.75595238095238,23524
8.75892857142857,25069
8.76190476190476,26802
8.76488095238095,28036
8.76785714285714,29275
8.77083333333333,29801
8.77380952380952,30107
8.77678571428571,30144
8.77976190476191,30136
8.78273809523809,30065
8.78571428571428,29713
8.78869047619047,29265
8.79166666666667,28627
8.79464285714286,28054
8.79761904761905,27727
8.80059523809524,27423
8.80357142857143,27253
8.80654761904762,27101
8.80952380952381,27349
8.8125,27795
8.81547619047619,28115
8.81845238095238,28123
8.82142857142857,27747
8.82440476190476,27411
8.82738095238095,27018
8.83035714285714,26642
8.83333333333333,26078
8.83630952380952,25917
8.83928571428571,26574
8.84226190476191,27137
8.84523809523809,26858
8.84821428571428,25981
8.85119047619047,24671
8.85416666666667,23515
8.85714285714286,22208
8.86011904761905,21516
8.86309523809524,21219
8.86607142857143,20973
8.86904761904762,20447
8.87202380952381,19959
8.875,19705
8.87797619047619,19567
8.88095238095238,19335
8.88392857142857,19179
8.88690476190476,18809
8.88988095238095,18640
8.89285714285714,19074
8.89583333333333,19661
8.89880952380952,20561
8.90178571428571,21627
8.90476190476191,22992
8.90773809523809,24278
8.91071428571428,25553
8.91369047619047,26442
8.91666666666667,27265
8.91964285714286,27822
8.92261904761905,28352
8.92559523809524,28572
8.92857142857143,28733
8.93154761904762,28560
8.93452380952381,27746
8.9375,27015
8.94047619047619,26790
8.94345238095238,26377
8.94642857142857,26169
8.94940476190476,26086
8.95238095238095,26208
8.95535714285714,26401
8.95833333333333,26500
8.96130952380952,26582
8.96428571428571,26514
8.96726190476191,26344
8.97023809523809,26245
8.97321428571428,25940
8.97619047619047,25933
8.97916666666667,26309
8.98214285714286,27776
8.98511904761905,28249
8.98809523809524,27695
8.99107142857143,26385
8.99404761904762,24740
8.99702380952381,23204
9,21771
9.00297619047619,21118
9.00595238095238,20901
9.00892857142857,20947
9.01190476190476,20625
9.01488095238095,20313
9.01785714285714,20251
9.02083333333333,20237
9.02380952380952,20244
9.02678571428571,20276
9.02976190476191,20446
9.03273809523809,20851
9.03571428571428,22746
9.03869047619048,24860
9.04166666666667,27773
9.04464285714286,30156
9.04761904761905,32181
9.05059523809524,33448
9.05357142857143,34577
9.05654761904762,35023
9.05952380952381,35220
9.0625,35332
9.06547619047619,35651
9.06845238095238,35650
9.07142857142857,35651
9.07440476190476,35429
9.07738095238095,35163
9.08035714285714,34859
9.08333333333333,34766
9.08630952380952,34683
9.08928571428571,34511
9.09226190476191,34644
9.09523809523809,34766
9.09821428571428,35028
9.10119047619048,34891
9.10416666666667,34159
9.10714285714286,33201
9.11011904761905,32423
9.11309523809524,31652
9.11607142857143,30989
9.11904761904762,30326
9.12202380952381,30789
9.125,31846
9.12797619047619,31630
9.13095238095238,30437
9.13392857142857,28691
9.13690476190476,26658
9.13988095238095,24829
9.14285714285714,23241
9.14583333333333,22491
9.14880952380952,22408
9.15178571428571,22303
9.15476190476191,21912
9.15773809523809,21481
9.16071428571428,21301
9.16369047619048,21389
9.16666666666667,21307
9.16964285714286,21321
9.17261904761905,21413
9.17559523809524,21747
9.17857142857143,23426
9.18154761904762,25564
9.18452380952381,28304
9.1875,30417
9.19047619047619,32491
9.19345238095238,33601
9.19642857142857,34525
9.19940476190476,34774
9.20238095238095,34813
9.20535714285714,34950
9.20833333333333,35047
9.21130952380952,35123
9.21428571428571,35204
9.21726190476191,34910
9.22023809523809,34653
9.22321428571428,34393
9.22619047619048,34423
9.22916666666667,34327
9.23214285714286,34248
9.23511904761905,34290
9.23809523809524,34537
9.24107142857143,34629
9.24404761904762,34318
9.24702380952381,33512
9.25,32740
9.25297619047619,31936
9.25595238095238,30867
9.25892857142857,30089
9.26190476190476,29659
9.26488095238095,29631
9.26785714285714,30792
9.27083333333333,30850
9.27380952380952,30253
9.27678571428571,28545
9.27976190476191,26754
9.28273809523809,24824
9.28571428571428,23351
9.28869047619048,22627
9.29166666666667,22427
9.29464285714286,22170
9.29761904761905,21785
9.30059523809524,21330
9.30357142857143,21271
9.30654761904762,21285
9.30952380952381,21247
9.3125,21219
9.31547619047619,21338
9.31845238095238,21601
9.32142857142857,23346
9.32440476190476,25466
9.32738095238095,28096
9.33035714285714,30271
9.33333333333333,32148
9.33630952380952,33282
9.33928571428571,34234
9.34226190476191,34525
9.34523809523809,34767
9.34821428571428,34880
9.35119047619048,35144
9.35416666666667,35258
9.35714285714286,35388
9.36011904761905,35037
9.36309523809524,34643
9.36607142857143,34285
9.36904761904762,34351
9.37202380952381,34162
9.375,34099
9.37797619047619,34093
9.38095238095238,34437
9.38392857142857,34601
9.38690476190476,34608
9.38988095238095,33741
9.39285714285714,32956
9.39583333333333,32133
9.39880952380952,31292
9.40178571428571,30807
9.40476190476191,30401
9.40773809523809,30501
9.41071428571428,31087
9.41369047619048,30899
9.41666666666667,30088
9.41964285714286,28469
9.42261904761905,26738
9.42559523809524,24810
9.42857142857143,23334
9.43154761904762,22560
9.43452380952381,22329
9.4375,22352
9.44047619047619,21988
9.44345238095238,21686
9.44642857142857,21501
9.44940476190476,21543
9.45238095238095,21437
9.45535714285714,21455
9.45833333333333,21576
9.46130952380952,21866
9.46428571428571,23514
9.46726190476191,25591
9.47023809523809,28145
9.47321428571428,30315
9.47619047619048,32075
9.47916666666667,33250
9.48214285714286,34180
9.48511904761905,34470
9.48809523809524,34601
9.49107142857143,34839
9.49404761904762,35092
9.49702380952381,35194
9.5,35193
9.50297619047619,34977
9.50595238095238,34686
9.50892857142857,34448
9.51190476190476,34526
9.51488095238095,34389
9.51785714285714,34349
9.52083333333333,34414
9.52380952380952,34569
9.52678571428571,34817
9.52976190476191,34707
9.53273809523809,34030
9.53571428571428,33248
9.53869047619048,32595
9.54166666666667,31573
9.54464285714286,30654
9.54761904761905,30274
9.55059523809524,30515
9.55357142857143,31608
9.55654761904762,31203
9.55952380952381,30051
9.5625,28526
9.56547619047619,26719
9.56845238095238,24987
9.57142857142857,23373
9.57440476190476,22570
9.57738095238095,22439
9.58035714285714,22316
9.58333333333333,21855
9.58630952380952,21577
9.58928571428571,21419
9.59226190476191,21390
9.59523809523809,21277
9.59821428571428,21287
9.60119047619048,21475
9.60416666666667,21736
9.60714285714286,23496
9.61011904761905,25485
9.61309523809524,28125
9.61607142857143,30308
9.61904761904762,32242
9.62202380952381,33468
9.625,34354
9.62797619047619,34522
9.63095238095238,34629
9.63392857142857,34809
9.63690476190476,34854
9.63988095238095,34901
9.64285714285714,34787
9.64583333333333,34489
9.64880952380952,34139
9.65178571428571,33820
9.65476190476191,33623
9.65773809523809,33287
9.66071428571428,32920
9.66369047619048,32840
9.66666666666667,32891
9.66964285714286,33047
9.67261904761905,33128
9.67559523809524,32460
9.67857142857143,31744
9.68154761904762,31093
9.68452380952381,30435
9.6875,29584
9.69047619047619,29321
9.69345238095238,29533
9.69642857142857,30431
9.69940476190476,29989
9.70238095238095,29018
9.70535714285714,27702
9.70833333333333,26074
9.71130952380952,24618
9.71428571428571,23212
9.71726190476191,22310
9.72023809523809,22095
9.72321428571428,21909
9.72619047619048,21420
9.72916666666667,21024
9.73214285714286,20737
9.73511904761905,20607
9.73809523809524,20464
9.74107142857143,20262
9.74404761904762,20223
9.74702380952381,20080
9.75,20952
9.75297619047619,21950
9.75595238095238,23480
9.75892857142857,25019
9.76190476190476,26825
9.76488095238095,27917
9.76785714285714,29044
9.77083333333333,29518
9.77380952380952,29800
9.77678571428571,29820
9.77976190476191,29796
9.78273809523809,29682
9.78571428571428,29322
9.78869047619048,28918
9.79166666666667,28236
9.79464285714286,27650
9.79761904761905,27240
9.80059523809524,26879
9.80357142857143,26726
9.80654761904762,26682
9.80952380952381,26894
9.8125,27461
9.81547619047619,27884
9.81845238095238,27942
9.82142857142857,27622
9.82440476190476,27305
9.82738095238095,27023
9.83035714285714,26688
9.83333333333333,26255
9.83630952380952,26495
9.83928571428571,27767
9.84226190476191,27678
9.84523809523809,27058
9.84821428571428,26109
9.85119047619048,24922
9.85416666666667,23646
9.85714285714286,22434
9.86011904761905,21595
9.86309523809524,21299
9.86607142857143,20946
9.86904761904762,20487
9.87202380952381,20030
9.875,19748
9.87797619047619,19637
9.88095238095238,19495
9.88392857142857,19294
9.88690476190476,19193
9.88988095238095,18939
9.89285714285714,19339
9.89583333333333,19900
9.89880952380952,20848
9.90178571428571,21865
9.90476190476191,23206
9.90773809523809,24338
9.91071428571428,25482
9.91369047619048,26422
9.91666666666667,27315
9.91964285714286,28044
9.92261904761905,28546
9.92559523809524,28906
9.92857142857143,29096
9.93154761904762,28876
9.93452380952381,28227
9.9375,27516
9.94047619047619,27087
9.94345238095238,26648
9.94642857142857,26416
9.94940476190476,26392
9.95238095238095,26592
9.95535714285714,26814
9.95833333333333,26908
9.96130952380952,26786
9.96428571428571,26816
9.96726190476191,26634
9.97023809523809,26514
9.97321428571428,26299
9.97619047619048,26454
9.97916666666667,26760
9.98214285714286,28578
9.98511904761905,28609
9.98809523809524,27913
9.99107142857143,26523
9.99404761904762,24989
9.99702380952381,23375
10,22078
10.0029761904762,21410
10.0059523809524,21377
10.0089285714286,21269
10.0119047619048,20951
10.014880952381,20655
10.0178571428571,20495
10.0208333333333,20585
10.0238095238095,20586
10.0267857142857,20641
10.0297619047619,21037
10.0327380952381,21377
10.0357142857143,23389
10.0386904761905,25622
10.0416666666667,28487
10.0446428571429,30870
10.047619047619,32993
10.0505952380952,34211
10.0535714285714,35256
10.0565476190476,35617
10.0595238095238,35821
10.0625,36032
10.0654761904762,36282
10.0684523809524,36340
10.0714285714286,36537
10.0744047619048,36296
10.077380952381,36017
10.0803571428571,35994
10.0833333333333,35948
10.0863095238095,35859
10.0892857142857,35765
10.0922619047619,35753
10.0952380952381,36058
10.0982142857143,36315
10.1011904761905,36050
10.1041666666667,35248
10.1071428571429,34222
10.110119047619,33545
10.1130952380952,32731
10.1160714285714,31885
10.1190476190476,31397
10.1220238095238,32224
10.125,33166
10.1279761904762,32505
10.1309523809524,31230
10.1339285714286,29430
10.1369047619048,27526
10.139880952381,25691
10.1428571428571,24203
10.1458333333333,23484
10.1488095238095,23436
10.1517857142857,23207
10.1547619047619,22817
10.1577380952381,22562
10.1607142857143,22427
10.1636904761905,22423
10.1666666666667,22342
10.1696428571429,22402
10.172619047619,22785
10.1755952380952,22949
10.1785714285714,24695
10.1815476190476,26750
10.1845238095238,29468
10.1875,31734
10.1904761904762,33757
10.1934523809524,34643
10.1964285714286,35517
10.1994047619048,35895
10.202380952381,35908
10.2053571428571,36210
10.2083333333333,36438
10.2113095238095,36612
10.2142857142857,36620
10.2172619047619,36319
10.2202380952381,36123
10.2232142857143,35978
10.2261904761905,35777
10.2291666666667,35661
10.2321428571429,35575
10.235119047619,35845
10.2380952380952,35950
10.2410714285714,36177
10.2440476190476,36075
10.2470238095238,35137
10.25,34164
10.2529761904762,33281
10.2559523809524,32329
10.2589285714286,31468
10.2619047619048,31167
10.264880952381,31809
10.2678571428571,33196
10.2708333333333,32601
10.2738095238095,31436
10.2767857142857,29679
10.2797619047619,27635
10.2827380952381,25833
10.2857142857143,24315
10.2886904761905,23690
10.2916666666667,23441
10.2946428571429,23198
10.297619047619,22818
10.3005952380952,22551
10.3035714285714,22354
10.3065476190476,22359
10.3095238095238,22348
10.3125,22282
10.3154761904762,22676
10.3184523809524,22926
10.3214285714286,24621
10.3244047619048,26681
10.327380952381,29533
10.3303571428571,31842
10.3333333333333,33888
10.3363095238095,34826
10.3392857142857,35747
10.3422619047619,36136
10.3452380952381,36303
10.3482142857143,36479
10.3511904761905,36565
10.3541666666667,36689
10.3571428571429,36740
10.360119047619,36378
10.3630952380952,36043
10.3660714285714,35930
10.3690476190476,35760
10.3720238095238,35676
10.375,35644
10.3779761904762,35661
10.3809523809524,35851
10.3839285714286,36151
10.3869047619048,36010
10.389880952381,35225
10.3928571428571,34283
10.3958333333333,33618
10.3988095238095,32731
10.4017857142857,32070
10.4047619047619,32037
10.4077380952381,32639
10.4107142857143,33449
10.4136904761905,32635
10.4166666666667,31361
10.4196428571429,29759
10.422619047619,27891
10.4255952380952,25833
10.4285714285714,24246
10.4315476190476,23580
10.4345238095238,23512
10.4375,23310
10.4404761904762,22893
10.4434523809524,22577
10.4464285714286,22392
10.4494047619048,22392
10.452380952381,22384
10.4553571428571,22428
10.4583333333333,22749
10.4613095238095,23062
10.4642857142857,24803
10.4672619047619,26788
10.4702380952381,29596
10.4732142857143,31831
10.4761904761905,33770
10.4791666666667,35053
10.4821428571429,35888
10.485119047619,36010
10.4880952380952,36251
10.4910714285714,36312
10.4940476190476,36525
10.4970238095238,36806
10.5,36647
10.5029761904762,36385
10.5059523809524,36059
10.5089285714286,35900
10.5119047619048,35703
10.514880952381,35622
10.5178571428571,35529
10.5208333333333,35492
10.5238095238095,35553
10.5267857142857,35692
10.5297619047619,35387
10.5327380952381,34589
10.5357142857143,33958
10.5386904761905,33170
10.5416666666667,32316
10.5446428571429,31738
10.547619047619,31830
10.5505952380952,32595
10.5535714285714,33382
10.5565476190476,32527
10.5595238095238,31194
10.5625,29578
10.5654761904762,27652
10.5684523809524,25848
10.5714285714286,24311
10.5744047619048,23460
10.577380952381,23333
10.5803571428571,23232
10.5833333333333,22764
10.5863095238095,22486
10.5892857142857,22372
10.5922619047619,22377
10.5952380952381,22270
10.5982142857143,22231
10.6011904761905,22613
10.6041666666667,22756
10.6071428571429,24529
10.610119047619,26522
10.6130952380952,29281
10.6160714285714,31635
10.6190476190476,33533
10.6220238095238,34586
10.625,35502
10.6279761904762,35664
10.6309523809524,35733
10.6339285714286,35823
10.6369047619048,35880
10.639880952381,35880
10.6428571428571,35985
10.6458333333333,35608
10.6488095238095,35166
10.6517857142857,34949
10.6547619047619,34612
10.6577380952381,34452
10.6607142857143,34221
10.6636904761905,34122
10.6666666666667,34192
10.6696428571429,34293
10.672619047619,34079
10.6755952380952,33352
10.6785714285714,32510
10.6815476190476,31804
10.6845238095238,31013
10.6875,30103
10.6904761904762,29685
10.6934523809524,30215
10.6964285714286,31615
10.6994047619048,31118
10.702380952381,29956
10.7053571428571,28531
10.7083333333333,26846
10.7113095238095,25326
10.7142857142857,23854
10.7172619047619,23167
10.7202380952381,22917
10.7232142857143,22525
10.7261904761905,22035
10.7291666666667,21592
10.7321428571429,21291
10.735119047619,21177
10.7380952380952,21053
10.7410714285714,20840
10.7440476190476,20917
10.7470238095238,20728
10.75,21492
10.7529761904762,22631
10.7559523809524,24221
10.7589285714286,25848
10.7619047619048,27553
10.764880952381,28954
10.7678571428571,30034
10.7708333333333,30639
10.7738095238095,30852
10.7767857142857,30835
10.7797619047619,30760
10.7827380952381,30617
10.7857142857143,30216
10.7886904761905,29643
10.7916666666667,28976
10.7946428571429,28507
10.797619047619,28110
10.8005952380952,27700
10.8035714285714,27529
10.8065476190476,27588
10.8095238095238,27868
10.8125,28237
10.8154761904762,28729
10.8184523809524,28777
10.8214285714286,28389
10.8244047619048,28315
10.827380952381,27919
10.8303571428571,27627
10.8333333333333,27641
10.8363095238095,28345
10.8392857142857,28867
10.8422619047619,28212
10.8452380952381,27567
10.8482142857143,26869
10.8511904761905,25442
10.8541666666667,24145
10.8571428571429,22947
10.860119047619,22213
10.8630952380952,21917
10.8660714285714,21597
10.8690476190476,21050
10.8720238095238,20515
10.875,20215
10.8779761904762,20142
10.8809523809524,20010
10.8839285714286,19829
10.8869047619048,19837
10.889880952381,19704
10.8928571428571,19881
10.8958333333333,20463
10.8988095238095,21414
10.9017857142857,22572
10.9047619047619,23859
10.9077380952381,25007
10.9107142857143,26286
10.9136904761905,27291
10.9166666666667,28202
10.9196428571429,28946
10.922619047619,29344
10.9255952380952,29639
10.9285714285714,29897
10.9315476190476,29777
10.9345238095238,29078
10.9375,28579
10.9404761904762,28012
10.9434523809524,27615
10.9464285714286,27549
10.9494047619048,27595
10.952380952381,27641
10.9553571428571,27979
10.9583333333333,28210
10.9613095238095,28217
10.9642857142857,28362
10.9672619047619,28337
10.9702380952381,28312
10.9732142857143,28292
10.9761904761905,28823
10.9791666666667,29935
10.9821428571429,30106
10.985119047619,29615
10.9880952380952,28625
10.9910714285714,27150
10.9940476190476,25427
10.9970238095238,23841
11,22489
11.0029761904762,21898
11.0059523809524,21932
11.0089285714286,21943
11.0119047619048,21651
11.014880952381,21412
11.0178571428571,21136
11.0208333333333,21227
11.0238095238095,21341
11.0267857142857,21382
11.0297619047619,21880
11.0327380952381,22598
11.0357142857143,24631
11.0386904761905,26989
11.0416666666667,29734
11.0446428571429,32143
11.047619047619,34391
11.0505952380952,35745
11.0535714285714,36919
11.0565476190476,37318
11.0595238095238,37299
11.0625,37521
11.0654761904762,37631
11.0684523809524,37755
11.0714285714286,37849
11.0744047619048,37594
11.077380952381,37152
11.0803571428571,37126
11.0833333333333,37039
11.0863095238095,36981
11.0892857142857,36846
11.0922619047619,36841
11.0952380952381,37047
11.0982142857143,37160
11.1011904761905,36856
11.1041666666667,35761
11.1071428571429,34906
11.110119047619,34139
11.1130952380952,33489
11.1160714285714,32784
11.1190476190476,32243
11.1220238095238,33516
11.125,34568
11.1279761904762,33545
11.1309523809524,32173
11.1339285714286,30495
11.1369047619048,28426
11.139880952381,26405
11.1428571428571,24923
11.1458333333333,24327
11.1488095238095,24097
11.1517857142857,24009
11.1547619047619,23636
11.1577380952381,23326
11.1607142857143,23164
11.1636904761905,22936
11.1666666666667,23025
11.1696428571429,23031
11.172619047619,23496
11.1755952380952,23734
11.1785714285714,25322
11.1815476190476,27439
11.1845238095238,30185
11.1875,32466
11.1904761904762,34420
11.1934523809524,35521
11.1964285714286,36394
11.1994047619048,36642
11.202380952381,36761
11.2053571428571,36809
11.2083333333333,36901
11.2113095238095,37020
11.2142857142857,37068
11.2172619047619,36698
11.2202380952381,36472
11.2232142857143,36403
11.2261904761905,36268
11.2291666666667,36239
11.2321428571429,36078
11.235119047619,36264
11.2380952380952,36588
11.2410714285714,36902
11.2440476190476,36690
11.2470238095238,35842
11.25,35119
11.2529761904762,34309
11.2559523809524,33636
11.2589285714286,33128
11.2619047619048,33231
11.264880952381,34024
11.2678571428571,34658
11.2708333333333,33370
11.2738095238095,32176
11.2767857142857,30417
11.2797619047619,28428
11.2827380952381,26673
11.2857142857143,25124
11.2886904761905,24383
11.2916666666667,24114
11.2946428571429,24167
11.297619047619,23746
11.3005952380952,23444
11.3035714285714,23259
11.3065476190476,23217
11.3095238095238,23197
11.3125,23185
11.3154761904762,23561
11.3184523809524,23818
11.3214285714286,25395
11.3244047619048,27464
11.327380952381,30307
11.3303571428571,32365
11.3333333333333,34165
11.3363095238095,35240
11.3392857142857,36050
11.3422619047619,36221
11.3452380952381,36283
11.3482142857143,36439
11.3511904761905,36504
11.3541666666667,36710
11.3571428571429,36921
11.360119047619,36427
11.3630952380952,36032
11.3660714285714,35964
11.3690476190476,35817
11.3720238095238,35794
11.375,35626
11.3779761904762,35744
11.3809523809524,35977
11.3839285714286,36337
11.3869047619048,36128
11.389880952381,35343
11.3928571428571,34456
11.3958333333333,33700
11.3988095238095,33127
11.4017857142857,32626
11.4047619047619,32706
11.4077380952381,33837
11.4107142857143,34144
11.4136904761905,33043
11.4166666666667,32013
11.4196428571429,30575
11.422619047619,28624
11.4255952380952,26782
11.4285714285714,25168
11.4315476190476,24479
11.4345238095238,24239
11.4375,24063
11.4404761904762,23701
11.4434523809524,23279
11.4464285714286,23166
11.4494047619048,23130
11.452380952381,23161
11.4553571428571,23148
11.4583333333333,23509
11.4613095238095,23799
11.4642857142857,25471
11.4672619047619,27502
11.4702380952381,30255
11.4732142857143,32610
11.4761904761905,34374
11.4791666666667,35506
11.4821428571429,36167
11.485119047619,36345
11.4880952380952,36483
11.4910714285714,36680
11.4940476190476,36819
11.4970238095238,36964
11.5,37029
11.5029761904762,36613
11.5059523809524,36380
11.5089285714286,36234
11.5119047619048,36092
11.514880952381,35935
11.5178571428571,35867
11.5208333333333,35976
11.5238095238095,36174
11.5267857142857,36354
11.5297619047619,36078
11.5327380952381,35454
11.5357142857143,34455
11.5386904761905,33604
11.5416666666667,33082
11.5446428571429,32537
11.547619047619,32560
11.5505952380952,33891
11.5535714285714,34075
11.5565476190476,32982
11.5595238095238,31860
11.5625,30198
11.5654761904762,28433
11.5684523809524,26770
11.5714285714286,25179
11.5744047619048,24314
11.577380952381,24157
11.5803571428571,23944
11.5833333333333,23387
11.5863095238095,23140
11.5892857142857,23067
11.5922619047619,22994
11.5952380952381,22940
11.5982142857143,22904
11.6011904761905,23375
11.6041666666667,23742
11.6071428571429,25401
11.610119047619,27491
11.6130952380952,30268
11.6160714285714,32611
11.6190476190476,34417
11.6220238095238,35604
11.625,36531
11.6279761904762,36818
11.6309523809524,36875
11.6339285714286,36998
11.6369047619048,37110
11.639880952381,37296
11.6428571428571,37392
11.6458333333333,36897
11.6488095238095,36333
11.6517857142857,35999
11.6547619047619,35656
11.6577380952381,35441
11.6607142857143,35062
11.6636904761905,34861
11.6666666666667,34834
11.6696428571429,35039
11.672619047619,34876
11.6755952380952,34243
11.6785714285714,33596
11.6815476190476,32946
11.6845238095238,32395
11.6875,31698
11.6904761904762,31837
11.6934523809524,32422
11.6964285714286,32452
11.6994047619048,31564
11.702380952381,30367
11.7053571428571,29055
11.7083333333333,27393
11.7113095238095,25924
11.7142857142857,24446
11.7172619047619,23832
11.7202380952381,23517
11.7232142857143,23189
11.7261904761905,22544
11.7291666666667,22096
11.7321428571429,21913
11.735119047619,21776
11.7380952380952,21602
11.7410714285714,21460
11.7440476190476,21622
11.7470238095238,21817
11.75,22398
11.7529761904762,23322
11.7559523809524,25034
11.7589285714286,26611
11.7619047619048,28339
11.764880952381,29635
11.7678571428571,30840
11.7708333333333,31339
11.7738095238095,31521
11.7767857142857,31709
11.7797619047619,31548
11.7827380952381,31366
11.7857142857143,30966
11.7886904761905,30464
11.7916666666667,29621
11.7946428571429,29087
11.797619047619,28491
11.8005952380952,28044
11.8035714285714,27791
11.8065476190476,27842
11.8095238095238,28011
11.8125,28398
11.8154761904762,28802
11.8184523809524,28718
11.8214285714286,28372
11.8244047619048,27955
11.827380952381,27537
11.8303571428571,27606
11.8333333333333,27690
11.8363095238095,28652
11.8392857142857,28897
11.8422619047619,28307
11.8452380952381,27657
11.8482142857143,26860
11.8511904761905,25377
11.8541666666667,24107
11.8571428571429,22869
11.860119047619,22202
11.8630952380952,21806
11.8660714285714,21483
11.8690476190476,20986
11.8720238095238,20599
11.875,20296
11.8779761904762,20238
11.8809523809524,20082
11.8839285714286,19802
11.8869047619048,19747
11.889880952381,19718
11.8928571428571,19953
11.8958333333333,20489
11.8988095238095,21431
11.9017857142857,22514
11.9047619047619,23961
11.9077380952381,25355
11.9107142857143,26602
11.9136904761905,27510
11.9166666666667,28306
11.9196428571429,28788
11.922619047619,29166
11.9255952380952,29536
11.9285714285714,29557
11.9315476190476,29406
11.9345238095238,28543
11.9375,28013
11.9404761904762,27430
11.9434523809524,27187
11.9464285714286,26980
11.9494047619048,27033
11.952380952381,27173
11.9553571428571,27392
11.9583333333333,27578
11.9613095238095,27561
11.9642857142857,27771
11.9672619047619,27772
11.9702380952381,27625
11.9732142857143,27497
11.9761904761905,28461
11.9791666666667,29738
11.9821428571429,30108
11.985119047619,29309
11.9880952380952,28351
11.9910714285714,26974
11.9940476190476,25265
11.9970238095238,23835
12,22651
12.0029761904762,21874
12.0059523809524,21763
12.0089285714286,21798
12.0119047619048,21625
12.014880952381,21321
12.0178571428571,21071
12.0208333333333,21093
12.0238095238095,21177
12.0267857142857,21223
12.0297619047619,21854
12.0327380952381,22429
12.0357142857143,24271
12.0386904761905,26533
12.0416666666667,29373
12.0446428571429,31848
12.047619047619,33979
12.0505952380952,35182
12.0535714285714,36245
12.0565476190476,36535
12.0595238095238,36653
12.0625,36699
12.0654761904762,36928
12.0684523809524,37015
12.0714285714286,37202
12.0744047619048,36850
12.077380952381,36522
12.0803571428571,36332
12.0833333333333,36201
12.0863095238095,36249
12.0892857142857,36159
12.0922619047619,36327
12.0952380952381,36462
12.0982142857143,36629
12.1011904761905,36405
12.1041666666667,35531
12.1071428571429,34835
12.110119047619,34261
12.1130952380952,33676
12.1160714285714,33203
12.1190476190476,33164
12.1220238095238,34409
12.125,34469
12.1279761904762,33085
12.1309523809524,31815
12.1339285714286,30031
12.1369047619048,27989
12.139880952381,26190
12.1428571428571,24702
12.1458333333333,24068
12.1488095238095,23964
12.1517857142857,23932
12.1547619047619,23508
12.1577380952381,23271
12.1607142857143,23113
12.1636904761905,23018
12.1666666666667,22997
12.1696428571429,23046
12.172619047619,23450
12.1755952380952,23841
12.1785714285714,25520
12.1815476190476,27645
12.1845238095238,30235
12.1875,32532
12.1904761904762,34497
12.1934523809524,35575
12.1964285714286,36403
12.1994047619048,36578
12.202380952381,36659
12.2053571428571,36738
12.2083333333333,36832
12.2113095238095,37016
12.2142857142857,37050
12.2172619047619,36685
12.2202380952381,36273
12.2232142857143,36180
12.2261904761905,36019
12.2291666666667,35842
12.2321428571429,35768
12.235119047619,35846
12.2380952380952,36149
12.2410714285714,36376
12.2440476190476,36134
12.2470238095238,35383
12.25,34660
12.2529761904762,33885
12.2559523809524,33017
12.2589285714286,32553
12.2619047619048,33152
12.264880952381,34742
12.2678571428571,34849
12.2708333333333,33554
12.2738095238095,32208
12.2767857142857,30423
12.2797619047619,28566
12.2827380952381,26714
12.2857142857143,24969
12.2886904761905,24269
12.2916666666667,24219
12.2946428571429,24115
12.297619047619,23772
12.3005952380952,23482
12.3035714285714,23383
12.3065476190476,23256
12.3095238095238,23257
12.3125,23332
12.3154761904762,23680
12.3184523809524,24290
12.3214285714286,25831
12.3244047619048,27888
12.327380952381,30556
12.3303571428571,32830
12.3333333333333,34816
12.3363095238095,35867
12.3392857142857,36625
12.3422619047619,36829
12.3452380952381,36969
12.3482142857143,36981
12.3511904761905,37068
12.3541666666667,37261
12.3571428571429,37272
12.360119047619,36826
12.3630952380952,36465
12.3660714285714,36220
12.3690476190476,36148
12.3720238095238,36163
12.375,35938
12.3779761904762,36028
12.3809523809524,36233
12.3839285714286,36503
12.3869047619048,36350
12.389880952381,35533
12.3928571428571,34639
12.3958333333333,33834
12.3988095238095,33133
12.4017857142857,32679
12.4047619047619,33512
12.4077380952381,34804
12.4107142857143,34652
12.4136904761905,33661
12.4166666666667,32448
12.4196428571429,30767
12.422619047619,28762
12.4255952380952,27016
12.4285714285714,25338
12.4315476190476,24514
12.4345238095238,24375
12.4375,24224
12.4404761904762,23739
12.4434523809524,23447
12.4464285714286,23222
12.4494047619048,23171
12.452380952381,23187
12.4553571428571,23232
12.4583333333333,23674
12.4613095238095,24368
12.4642857142857,25814
12.4672619047619,27894
12.4702380952381,30584
12.4732142857143,32926
12.4761904761905,34831
12.4791666666667,35890
12.4821428571429,36720
12.485119047619,36903
12.4880952380952,36869
12.4910714285714,37091
12.4940476190476,37307
12.4970238095238,37480
12.5,37440
12.5029761904762,37095
12.5059523809524,36805
12.5089285714286,36642
12.5119047619048,36461
12.514880952381,36358
12.5178571428571,36234
12.5208333333333,36431
12.5238095238095,36573
12.5267857142857,36790
12.5297619047619,36530
12.5327380952381,35562
12.5357142857143,34767
12.5386904761905,34197
12.5416666666667,33452
12.5446428571429,33026
12.547619047619,33940
12.5505952380952,35455
12.5535714285714,35489
12.5565476190476,34041
12.5595238095238,32394
12.5625,30961
12.5654761904762,28958
12.5684523809524,27151
12.5714285714286,25394
12.5744047619048,24722
12.577380952381,24370
12.5803571428571,24319
12.5833333333333,23895
12.5863095238095,23687
12.5892857142857,23451
12.5922619047619,23408
12.5952380952381,23307
12.5982142857143,23304
12.6011904761905,23755
12.6041666666667,24278
12.6071428571429,25747
12.610119047619,27698
12.6130952380952,30325
12.6160714285714,32614
12.6190476190476,34547
12.6220238095238,35652
12.625,36463
12.6279761904762,36864
12.6309523809524,36803
12.6339285714286,36907
12.6369047619048,36997
12.639880952381,37106
12.6428571428571,37070
12.6458333333333,36651
12.6488095238095,36098
12.6517857142857,35667
12.6547619047619,35487
12.6577380952381,35301
12.6607142857143,35067
12.6636904761905,34928
12.6666666666667,34738
12.6696428571429,35004
12.672619047619,34748
12.6755952380952,34090
12.6785714285714,33476
12.6815476190476,32893
12.6845238095238,32250
12.6875,31997
12.6904761904762,33010
12.6934523809524,33477
12.6964285714286,33064
12.6994047619048,31953
12.702380952381,30548
12.7053571428571,29236
12.7083333333333,27623
12.7113095238095,26063
12.7142857142857,24653
12.7172619047619,23879
12.7202380952381,23508
12.7232142857143,23275
12.7261904761905,22890
12.7291666666667,22462
12.7321428571429,22124
12.735119047619,22085
12.7380952380952,21978
12.7410714285714,21862
12.7440476190476,21954
12.7470238095238,22144
12.75,22972
12.7529761904762,23788
12.7559523809524,25099
12.7589285714286,26677
12.7619047619048,28494
12.764880952381,29881
12.7678571428571,31048
12.7708333333333,31513
12.7738095238095,31841
12.7767857142857,32092
12.7797619047619,31975
12.7827380952381,31740
12.7857142857143,31341
12.7886904761905,30738
12.7916666666667,30108
12.7946428571429,29767
12.797619047619,29213
12.8005952380952,28727
12.8035714285714,28557
12.8065476190476,28425
12.8095238095238,28664
12.8125,29198
12.8154761904762,29768
12.8184523809524,29894
12.8214285714286,29628
12.8244047619048,29120
12.827380952381,28838
12.8303571428571,28936
12.8333333333333,29366
12.8363095238095,29754
12.8392857142857,29309
12.8422619047619,28603
12.8452380952381,27695
12.8482142857143,26749
12.8511904761905,25382
12.8541666666667,24128
12.8571428571429,22914
12.860119047619,22150
12.8630952380952,21808
12.8660714285714,21484
12.8690476190476,21041
12.8720238095238,20569
12.875,20190
12.8779761904762,20191
12.8809523809524,19974
12.8839285714286,19741
12.8869047619048,19896
12.889880952381,19949
12.8928571428571,20062
12.8958333333333,20497
12.8988095238095,21501
12.9017857142857,22349
12.9047619047619,23741
12.9077380952381,24870
12.9107142857143,26044
12.9136904761905,26849
12.9166666666667,27618
12.9196428571429,28421
12.922619047619,28852
12.9255952380952,29139
12.9285714285714,29385
12.9315476190476,29103
12.9345238095238,28291
12.9375,27778
12.9404761904762,27178
12.9434523809524,26837
12.9464285714286,26609
12.9494047619048,26487
12.952380952381,26507
12.9553571428571,26700
12.9583333333333,26824
12.9613095238095,26903
12.9642857142857,26834
12.9672619047619,26646
12.9702380952381,26476
12.9732142857143,26615
12.9761904761905,27940
12.9791666666667,28693
12.9821428571429,28677
12.985119047619,27946
12.9880952380952,27133
12.9910714285714,25996
12.9940476190476,24610
12.9970238095238,23132
