,Date,Symbol,High,Adj_Close,Volume,Open,Close,Low
0,2016-07-27,WIL.L,248.00,244.50,1600,244.00,244.50,244.00
1,2016-07-26,WIL.L,250.00,244.25,600,244.00,244.25,244.00
2,2016-07-25,WIL.L,244.25,247.00,5200,244.00,247.00,244.00
3,2016-07-22,WIL.L,250.00,247.00,4200,245.00,247.00,244.25
4,2016-07-21,WIL.L,249.00,246.50,2500,243.25,246.50,243.25
5,2016-07-20,WIL.L,249.75,248.50,118100,240.25,248.50,240.25
6,2016-07-19,WIL.L,247.00,243.00,504600,245.00,243.00,240.25
7,2016-07-18,WIL.L,249.75,247.875,101900,245.25,247.875,245.25
8,2016-07-15,WIL.L,249.50,247.50,1100,245.25,247.50,245.25
9,2016-07-14,WIL.L,248.00,245.00,2100,245.00,245.00,245.00
10,2016-07-13,WIL.L,250.00,248.75,20200,248.25,248.75,245.25
11,2016-07-12,WIL.L,260.75,251.00,10900,248.00,251.00,248.00
12,2016-07-11,WIL.L,258.00,258.00,1200,248.25,258.00,248.25
13,2016-07-08,WIL.L,257.25,248.00,80600,248.25,248.00,248.00
14,2016-07-07,WIL.L,255.00,255.00,500,248.25,255.00,248.25
15,2016-07-06,WIL.L,261.25,248.00,6800,252.00,248.00,248.00
16,2016-07-05,WIL.L,261.25,258.00,4700,261.25,258.00,252.00
17,2016-07-04,WIL.L,261.25,259.00,300,261.25,259.00,259.75
18,2016-07-01,WIL.L,261.75,253.50,35500,252.25,253.50,252.25
19,2016-06-30,WIL.L,261.75,252.25,8100,252.25,252.25,252.25
20,2016-06-29,WIL.L,261.75,252.00,426200,252.25,252.00,252.00
21,2016-06-28,WIL.L,261.00,252.00,7200,252.25,252.00,252.00
22,2016-06-27,WIL.L,265.00,262.00,20700,259.75,262.00,250.00
23,2016-06-24,WIL.L,260.00,260.00,8500,250.50,260.00,250.25
24,2016-06-23,WIL.L,265.00,263.00,13000,253.75,263.00,253.75
25,2016-06-22,WIL.L,261.25,261.25,3000,252.25,261.25,252.25
26,2016-06-21,WIL.L,260.75,251.25,48900,260.75,251.25,251.00
27,2016-06-20,WIL.L,262.75,260.00,2600,262.75,260.00,255.54
28,2016-06-17,WIL.L,259.50,259.50,141700,251.75,259.50,247.25
29,2016-06-16,WIL.L,260.00,260.00,7900,250.25,260.00,250.25
30,2016-06-15,WIL.L,260.00,260.00,45300,245.50,260.00,245.50
31,2016-06-14,WIL.L,255.00,255.00,5400,254.75,255.00,247.245
32,2016-06-13,WIL.L,251.00,247.25,5400,247.25,247.25,245.25
33,2016-06-10,WIL.L,254.75,254.25,7500,247.25,254.25,247.25
34,2016-06-09,WIL.L,254.75,252.875,1200,247.25,252.875,247.25
35,2016-06-08,WIL.L,254.75,249.75,8100,250.25,249.75,249.25
36,2016-06-07,WIL.L,253.75,250.00,150200,250.25,250.00,250.00
37,2016-06-06,WIL.L,252.00,252.00,59400,248.50,252.00,246.23
38,2016-06-03,WIL.L,251.375,249.25,3700,248.75,249.25,248.75
39,2016-06-02,WIL.L,251.00,251.375,150300,251.00,251.375,251.00
40,2016-06-01,WIL.L,250.25,250.00,4500,248.00,250.00,248.00
41,2016-05-31,WIL.L,252.00,248.00,259400,250.00,248.00,248.00
42,2016-05-30,WIL.L,254.00,254.00,000,254.00,254.00,254.00
43,2016-05-27,WIL.L,254.00,254.00,100,254.00,254.00,254.00
44,2016-05-26,WIL.L,255.00,251.875,13700,253.00,251.875,250.969
45,2016-05-25,WIL.L,254.75,250.00,55600,252.50,250.00,250.00
46,2016-05-24,WIL.L,257.75,249.50,7600,248.25,249.50,248.25
47,2016-05-23,WIL.L,252.25,247.50,80700,252.25,247.50,247.50
48,2016-05-20,WIL.L,253.00,248.75,148300,252.75,248.75,248.25
49,2016-05-19,WIL.L,255.00,250.00,36900,250.25,250.00,250.00
50,2016-05-18,WIL.L,257.50,250.00,42100,255.00,250.00,250.00
51,2016-05-17,WIL.L,257.75,255.00,2500,257.75,255.00,255.00
52,2016-05-16,WIL.L,255.725,254.00,116400,250.00,254.00,250.00
53,2016-05-13,WIL.L,255.00,251.375,516700,255.00,251.375,250.25
54,2016-05-12,WIL.L,253.00,250.50,220300,250.25,250.50,247.85
55,2016-05-11,WIL.L,254.75,254.00,4800,252.00,254.00,252.00
56,2016-05-10,WIL.L,259.75,254.125,2000,252.25,254.125,252.25
57,2016-05-09,WIL.L,260.00,260.00,4600,260.00,260.00,250.75
58,2016-05-06,WIL.L,260.00,257.50,000,255.25,257.50,255.25
59,2016-05-05,WIL.L,259.75,255.00,2900,250.25,255.00,250.25
60,2016-05-04,WIL.L,259.75,257.25,6000,259.75,257.25,255.916
61,2016-05-03,WIL.L,255.75,255.375,1289300,255.25,255.375,255.25
62,2016-04-29,WIL.L,257.00,255.75,7200,255.25,255.75,255.00
63,2016-04-28,WIL.L,255.50,257.625,000,255.50,257.625,255.50
64,2016-04-27,WIL.L,259.25,255.00,3000,255.25,255.00,255.00
65,2016-04-26,WIL.L,257.125,257.125,000,257.125,257.125,257.125
66,2016-04-25,WIL.L,257.50,255.00,29000,255.25,255.00,255.00
67,2016-04-22,WIL.L,259.50,255.00,165000,255.25,255.00,255.00
68,2016-04-21,WIL.L,255.25,255.00,5500,255.25,255.00,255.00
69,2016-04-20,WIL.L,257.00,255.00,19700,255.25,255.00,252.50
70,2016-04-19,WIL.L,258.396,255.00,175600,255.00,255.00,249.50
71,2016-04-18,WIL.L,258.75,254.00,2300,253.50,254.00,249.75
72,2016-04-15,WIL.L,257.908,253.25,36600,254.25,253.25,249.50
73,2016-04-14,WIL.L,257.125,254.50,5600,256.00,254.50,254.50
74,2016-04-13,WIL.L,259.50,258.00,4900,255.75,258.00,255.75
75,2016-04-12,WIL.L,255.00,255.75,6400,254.00,255.75,254.00
76,2016-04-11,WIL.L,256.00,254.00,8200,255.00,254.00,254.00
77,2016-04-08,WIL.L,255.75,253.75,11900,255.00,253.75,253.00
78,2016-04-07,WIL.L,257.25,255.75,3900,257.00,255.75,255.00
79,2016-04-06,WIL.L,259.50,258.25,9600,257.00,258.25,257.00
80,2016-04-05,WIL.L,259.50,259.25,12100,257.50,259.25,255.00
81,2016-04-04,WIL.L,258.00,252.75,16500,254.75,252.75,254.75
82,2016-04-01,WIL.L,262.011,248.00,904100,260.00,248.00,248.00
83,2016-03-31,WIL.L,264.00,258.00,73200,264.00,258.00,255.16
84,2016-03-30,WIL.L,265.125,265.125,000,265.125,265.125,265.125
85,2016-03-29,WIL.L,266.061,266.00,16100,265.00,266.00,264.00
86,2016-03-28,WIL.L,266.375,266.375,000,266.375,266.375,266.375
87,2016-03-24,WIL.L,266.375,266.375,000,266.375,266.375,266.375
88,2016-03-23,WIL.L,267.175,266.50,1000,267.175,266.50,267.175
89,2016-03-22,WIL.L,268.00,266.75,4200,268.00,266.75,264.00
90,2016-03-21,WIL.L,267.00,260.00,8500,267.00,260.00,260.00
91,2016-03-18,WIL.L,269.00,269.00,100,269.00,269.00,269.00
92,2016-03-17,WIL.L,269.00,265.00,8500,267.00,265.00,265.00
93,2016-03-16,WIL.L,275.00,265.20,1002800,275.00,269.00,267.00
94,2016-03-15,WIL.L,274.75,263.228,300,267.25,267.00,267.00
95,2016-03-14,WIL.L,272.466,267.049,300,267.25,270.875,267.25
96,2016-03-11,WIL.L,272.50,263.721,209800,267.25,267.50,267.00
97,2016-03-10,WIL.L,270.00,261.996,102400,270.00,265.75,265.25
98,2016-03-09,WIL.L,273.00,265.20,9400,270.25,269.00,268.75
99,2016-03-08,WIL.L,273.00,266.186,7900,270.00,270.00,270.00
100,2016-03-07,WIL.L,274.00,266.186,205500,270.25,270.00,266.75
101,2016-03-04,WIL.L,274.00,270.129,2300,274.00,274.00,271.12
102,2016-03-03,WIL.L,271.125,267.295,000,271.125,271.125,271.125
103,2016-03-02,WIL.L,273.607,264.214,37500,270.50,268.00,268.00
104,2016-03-01,WIL.L,271.00,267.172,26600,264.75,271.00,264.00
105,2016-02-29,WIL.L,264.75,254.355,4500,264.75,258.00,258.00
106,2016-02-26,WIL.L,265.00,256.327,4300,264.75,260.00,260.00
107,2016-02-25,WIL.L,262.775,256.327,13200,259.75,260.00,258.49
108,2016-02-24,WIL.L,258.00,251.644,2007500,255.00,255.25,255.00
109,2016-02-23,WIL.L,255.04,249.672,5400,252.75,253.25,252.75
110,2016-02-22,WIL.L,253.83,249.672,6200,253.25,253.25,253.00
111,2016-02-19,WIL.L,255.54,249.426,800,253.00,253.00,253.00
112,2016-02-18,WIL.L,253.00,249.426,25500,252.00,253.00,252.00
113,2016-02-17,WIL.L,253.50,249.426,30200,253.25,253.00,253.00
114,2016-02-16,WIL.L,256.29,248.81,9700,255.00,252.375,251.00
115,2016-02-15,WIL.L,255.50,251.398,1900,255.50,255.00,255.00
116,2016-02-12,WIL.L,256.00,251.398,4600,256.00,255.00,255.00
117,2016-02-11,WIL.L,256.45,252.384,2300,255.00,256.00,255.00
118,2016-02-10,WIL.L,256.00,253.739,10000,255.25,257.375,255.25
119,2016-02-09,WIL.L,259.75,253.986,3300,259.75,257.625,255.50
120,2016-02-08,WIL.L,259.00,255.341,4700,258.00,259.00,257.75
121,2016-02-05,WIL.L,258.00,254.109,19500,255.00,257.75,250.25
122,2016-02-04,WIL.L,260.00,255.095,38300,255.00,258.75,255.00
123,2016-02-03,WIL.L,258.15,253.616,1300,255.25,257.25,255.00
124,2016-02-02,WIL.L,260.50,251.398,7500,260.00,255.00,255.00
125,2016-02-01,WIL.L,264.75,258.669,2400,260.25,262.375,260.00
126,2016-01-29,WIL.L,265.00,258.669,4300,260.75,262.375,260.00
127,2016-01-28,WIL.L,270.00,261.256,6600,270.00,265.00,260.25
128,2016-01-27,WIL.L,270.00,265.693,123400,264.25,269.50,264.25
129,2016-01-26,WIL.L,265.813,263.475,57400,264.50,267.25,264.50
130,2016-01-25,WIL.L,266.49,263.351,9100,260.00,267.125,260.00
131,2016-01-22,WIL.L,270.00,263.351,7200,260.00,267.125,260.00
132,2016-01-21,WIL.L,267.00,256.327,103100,260.00,260.00,260.00
133,2016-01-20,WIL.L,267.00,261.873,12900,267.00,265.625,264.00
134,2016-01-19,WIL.L,266.663,261.01,4300,264.75,264.75,264.75
135,2016-01-18,WIL.L,266.475,260.024,1917900,263.50,263.75,262.00
136,2016-01-15,WIL.L,263.92,258.299,903300,260.00,262.00,260.00
137,2016-01-14,WIL.L,267.751,257.313,5300,260.75,261.00,260.75
138,2016-01-13,WIL.L,264.00,256.327,5800,263.50,260.00,260.00
139,2016-01-12,WIL.L,268.02,260.271,35700,264.75,264.00,260.00
140,2016-01-11,WIL.L,269.25,260.271,4074900,269.25,264.00,260.00
141,2016-01-08,WIL.L,270.00,262.242,5600,264.75,266.00,260.00
142,2016-01-07,WIL.L,265.00,258.792,6000,264.00,262.50,260.00
143,2016-01-06,WIL.L,265.75,260.271,3500,262.25,264.00,262.25
144,2016-01-05,WIL.L,265.75,260.271,4600,262.00,264.00,262.00
145,2016-01-04,WIL.L,266.00,260.271,4300,262.00,264.00,262.00
146,2015-12-31,WIL.L,263.375,259.654,1000,262.00,263.375,262.00
147,2015-12-30,WIL.L,263.90,260.147,2800,263.875,263.875,263.875
148,2015-12-29,WIL.L,262.925,260.64,800,262.25,264.375,262.25
149,2015-12-28,WIL.L,266.00,262.242,000,266.00,266.00,266.00
150,2015-12-25,WIL.L,266.00,262.242,000,266.00,266.00,266.00
151,2015-12-24,WIL.L,263.375,262.242,400,263.375,266.00,263.375
152,2015-12-23,WIL.L,269.00,261.749,3900,268.75,265.50,264.95
153,2015-12-22,WIL.L,269.75,262.119,7400,262.50,265.875,262.00
154,2015-12-21,WIL.L,268.00,264.214,2700,267.75,268.00,263.50
155,2015-12-18,WIL.L,267.392,262.735,5200,265.00,266.50,265.00
156,2015-12-17,WIL.L,267.75,263.228,76300,265.00,267.00,265.00
157,2015-12-16,WIL.L,266.50,263.105,5900,264.25,266.875,264.00
158,2015-12-15,WIL.L,264.49,260.517,1100,262.25,264.25,262.25
159,2015-12-14,WIL.L,265.50,261.749,6900,264.00,265.50,264.00
160,2015-12-11,WIL.L,265.50,261.626,5000,265.00,265.375,265.00
161,2015-12-10,WIL.L,266.90,262.242,2600,266.00,266.00,266.00
162,2015-12-09,WIL.L,266.00,264.091,000,266.00,267.875,266.00
163,2015-12-08,WIL.L,268.00,264.214,97600,264.75,268.00,264.75
164,2015-12-07,WIL.L,265.00,261.256,300,265.00,265.00,265.00
165,2015-12-04,WIL.L,262.50,258.792,200,262.25,262.50,262.25
166,2015-12-03,WIL.L,269.75,260.764,11400,265.25,264.50,264.50
167,2015-12-02,WIL.L,269.75,262.489,3100,267.50,266.25,266.25
168,2015-12-01,WIL.L,269.75,262.735,436400,269.75,266.50,266.00
169,2015-11-30,WIL.L,267.50,264.214,150100,265.75,268.00,265.75
170,2015-11-27,WIL.L,269.05,265.077,1700,268.175,268.875,268.175
171,2015-11-26,WIL.L,269.00,263.721,10100,266.75,267.50,266.75
172,2015-11-25,WIL.L,266.75,262.119,9900,262.25,265.875,262.25
173,2015-11-24,WIL.L,265.862,260.271,111600,262.25,264.00,262.25
174,2015-11-23,WIL.L,266.39,263.351,200,266.39,267.125,266.39
175,2015-11-20,WIL.L,269.00,263.351,12000,264.25,267.125,264.25
176,2015-11-19,WIL.L,267.188,263.228,900,264.25,267.00,264.25
177,2015-11-18,WIL.L,267.20,262.242,61000,262.25,266.00,262.25
178,2015-11-17,WIL.L,268.264,261.256,200,265.00,265.00,265.00
179,2015-11-16,WIL.L,271.16,266.186,4900,265.00,270.00,262.00
180,2015-11-13,WIL.L,269.453,266.679,100,269.453,270.50,269.453
181,2015-11-12,WIL.L,272.00,265.939,6700,270.00,269.75,267.08
182,2015-11-11,WIL.L,270.00,266.186,1100,266.00,270.00,266.00
183,2015-11-10,WIL.L,270.00,263.228,2300,270.00,267.00,267.00
184,2015-11-09,WIL.L,270.00,264.214,150300,270.00,268.00,266.00
185,2015-11-06,WIL.L,267.00,263.228,21800,265.00,267.00,262.00
186,2015-11-05,WIL.L,268.00,262.242,27500,265.00,266.00,265.00
187,2015-11-04,WIL.L,268.00,262.735,1001900,268.00,266.50,266.00
188,2015-11-03,WIL.L,271.75,266.186,800,271.75,270.00,270.00
189,2015-11-02,WIL.L,271.75,267.172,6400,270.00,271.00,270.00
190,2015-10-30,WIL.L,272.00,267.172,5300,272.00,271.00,269.00
191,2015-10-29,WIL.L,272.00,267.172,1000,271.75,271.00,270.00
192,2015-10-28,WIL.L,269.00,266.556,000,269.00,270.375,269.00
193,2015-10-27,WIL.L,271.75,266.556,1300,269.00,270.375,269.00
194,2015-10-26,WIL.L,269.925,266.679,700,269.25,270.50,269.25
195,2015-10-23,WIL.L,271.37,265.20,1200,270.00,269.00,268.00
196,2015-10-22,WIL.L,272.00,268.158,3900,267.00,272.00,267.00
197,2015-10-21,WIL.L,272.00,263.228,5900,270.25,271.00,270.00
198,2015-10-20,WIL.L,272.75,263.228,527500,270.75,271.00,270.00
199,2015-10-19,WIL.L,274.00,266.142,000,274.00,274.00,274.00
200,2015-10-16,WIL.L,273.00,265.657,1100,273.00,273.50,273.00
201,2015-10-15,WIL.L,277.75,265.171,1000,273.25,273.00,273.00
202,2015-10-14,WIL.L,277.75,269.785,700,273.25,277.75,273.00
203,2015-10-13,WIL.L,277.75,267.721,700,274.25,275.625,274.00
204,2015-10-12,WIL.L,277.75,269.785,49500,272.75,277.75,272.00
205,2015-10-09,WIL.L,278.50,270.513,8000,276.00,278.50,273.25
206,2015-10-08,WIL.L,275.00,267.235,858500,274.00,275.125,269.875
207,2015-10-07,WIL.L,273.875,265.657,1663200,272.00,273.50,272.00
208,2015-10-06,WIL.L,277.15,266.385,3400,274.25,274.25,274.00
209,2015-10-05,WIL.L,275.25,267.114,5200,275.25,275.00,274.00
210,2015-10-02,WIL.L,278.00,265.657,954300,272.25,273.50,272.25
211,2015-10-01,WIL.L,275.22,267.114,330000,272.25,275.00,272.25
212,2015-09-30,WIL.L,272.25,264.20,000,272.25,272.00,272.00
213,2015-09-29,WIL.L,276.25,266.142,400,274.00,274.00,274.00
214,2015-09-28,WIL.L,274.755,268.571,100,274.755,276.50,274.755
215,2015-09-25,WIL.L,279.00,269.056,2200,279.00,277.00,274.25
216,2015-09-24,WIL.L,279.00,270.999,258500,275.00,279.00,275.00
217,2015-09-23,WIL.L,275.00,266.142,585600,274.50,274.00,268.00
218,2015-09-22,WIL.L,275.00,266.142,10000,274.75,274.00,266.675
219,2015-09-21,WIL.L,275.00,267.114,9900,270.00,275.00,270.00
220,2015-09-18,WIL.L,272.00,264.807,8900,267.00,272.625,267.00
221,2015-09-17,WIL.L,268.69,259.586,300,267.25,267.25,267.25
222,2015-09-16,WIL.L,267.825,259.343,4100,265.75,267.00,265.75
223,2015-09-15,WIL.L,269.41,257.643,18200,265.25,265.25,264.25
224,2015-09-14,WIL.L,262.075,254.486,16600,255.00,262.00,255.00
225,2015-09-11,WIL.L,259.75,250.237,3000,255.00,257.625,255.00
226,2015-09-10,WIL.L,263.584,252.544,15500,260.25,260.00,258.00
227,2015-09-09,WIL.L,263.25,255.701,7300,255.25,263.25,255.25
228,2015-09-08,WIL.L,264.00,253.515,19200,257.25,261.00,257.25
229,2015-09-07,WIL.L,255.25,247.93,100,255.25,255.25,255.25
230,2015-09-04,WIL.L,262.00,254.486,000,262.00,262.00,262.00
231,2015-09-03,WIL.L,262.77,254.486,19000,256.75,262.00,256.75
232,2015-09-02,WIL.L,254.99,246.716,2500,250.25,254.00,250.25
233,2015-09-01,WIL.L,257.00,249.63,5400,257.00,257.00,253.78
234,2015-08-31,WIL.L,257.25,249.873,000,257.25,257.25,257.25
235,2015-08-28,WIL.L,256.50,249.873,24000,255.75,257.25,253.50
236,2015-08-27,WIL.L,256.25,248.901,36000,253.25,256.25,253.25
237,2015-08-26,WIL.L,254.00,249.387,5000,254.00,256.75,254.00
238,2015-08-25,WIL.L,255.00,247.687,2200,252.00,255.00,250.00
239,2015-08-24,WIL.L,253.457,245.016,2600,252.25,252.25,252.25
240,2015-08-21,WIL.L,265.00,257.40,7100,264.75,265.00,255.25
241,2015-08-20,WIL.L,265.00,257.40,6000,260.00,265.00,253.283
242,2015-08-19,WIL.L,256.00,248.658,1142300,252.25,256.00,252.25
243,2015-08-18,WIL.L,257.75,250.358,3900,253.25,257.75,252.10
244,2015-08-17,WIL.L,258.00,250.601,14200,256.25,258.00,253.00
245,2015-08-14,WIL.L,265.00,254.486,11300,259.75,262.00,259.75
246,2015-08-13,WIL.L,260.00,251.451,600,256.25,258.875,256.25
247,2015-08-12,WIL.L,260.00,252.058,1300,260.00,259.50,259.00
248,2015-08-11,WIL.L,259.00,248.658,26200,256.25,256.00,256.00
249,2015-08-10,WIL.L,260.00,251.572,3900,256.00,259.00,256.00
250,2015-08-07,WIL.L,260.00,248.658,2000,260.00,256.00,256.00
251,2015-08-06,WIL.L,259.25,254.851,200,259.25,262.375,259.25
252,2015-08-05,WIL.L,259.75,254.608,500,259.25,262.125,259.25
253,2015-08-04,WIL.L,262.588,252.544,500900,259.25,260.00,259.25
254,2015-08-03,WIL.L,260.00,251.572,235000,258.25,259.00,258.25
255,2015-07-31,WIL.L,263.50,254.244,1800,260.25,261.75,260.25
256,2015-07-30,WIL.L,262.88,254.972,1500,260.00,262.50,260.00
257,2015-07-29,WIL.L,262.75,252.787,300200,260.00,260.25,260.00
258,2015-07-28,WIL.L,262.00,255.943,200,262.00,263.50,262.00
259,2015-07-27,WIL.L,262.763,254.972,800,260.25,262.50,260.00
260,2015-07-24,WIL.L,266.00,255.458,3600,258.25,263.00,258.25
261,2015-07-23,WIL.L,262.75,252.544,1700,260.25,260.00,258.25
262,2015-07-22,WIL.L,265.00,254.972,1400,260.25,262.50,260.25
263,2015-07-21,WIL.L,260.25,254.972,200,260.00,262.50,260.00
264,2015-07-20,WIL.L,262.128,254.001,1700,259.25,261.50,259.25
265,2015-07-17,WIL.L,259.25,254.001,000,259.25,261.50,259.25
266,2015-07-16,WIL.L,264.75,252.058,3600,261.50,259.50,259.50
267,2015-07-15,WIL.L,256.50,251.694,000,256.50,259.125,256.50
268,2015-07-14,WIL.L,262.00,254.486,1000,258.75,262.00,256.25
269,2015-07-13,WIL.L,263.97,251.087,1863600,258.25,258.50,258.00
270,2015-07-10,WIL.L,258.372,249.144,7500,256.25,256.50,256.25
271,2015-07-09,WIL.L,261.21,251.33,3700,260.00,258.75,256.25
272,2015-07-08,WIL.L,263.00,252.544,1900,263.00,260.00,260.00
273,2015-07-07,WIL.L,266.75,252.544,7600,260.00,260.00,260.00
274,2015-07-06,WIL.L,259.50,247.687,700,252.00,255.00,252.00
275,2015-07-03,WIL.L,259.75,247.93,2900,255.00,255.25,255.00
276,2015-07-02,WIL.L,257.375,249.63,150600,257.00,257.00,257.00
277,2015-07-01,WIL.L,259.75,252.301,000,255.00,259.75,255.00
278,2015-06-30,WIL.L,256.71,247.687,1300,253.25,255.00,253.25
279,2015-06-29,WIL.L,265.00,249.994,13000,263.00,257.375,252.00
280,2015-06-26,WIL.L,269.00,261.286,23400,265.25,269.00,265.00
281,2015-06-25,WIL.L,272.75,259.343,1800,265.25,267.00,265.25
282,2015-06-24,WIL.L,273.00,265.171,3000,265.25,273.00,265.25
283,2015-06-23,WIL.L,270.935,257.40,2000,265.25,265.00,265.00
284,2015-06-22,WIL.L,271.85,257.40,4700,265.00,265.00,265.00
285,2015-06-19,WIL.L,265.25,257.40,000,265.25,265.00,265.00
286,2015-06-18,WIL.L,268.80,257.40,15200,265.25,265.00,265.00
287,2015-06-17,WIL.L,270.00,262.257,10000,265.25,270.00,265.25
288,2015-06-16,WIL.L,272.75,261.65,4000,272.75,269.375,268.00
289,2015-06-15,WIL.L,274.00,266.142,195600,273.75,274.00,268.31
290,2015-06-12,WIL.L,272.00,264.20,48100,271.75,272.00,267.59
291,2015-06-11,WIL.L,272.00,264.20,2000,271.25,272.00,271.25
292,2015-06-10,WIL.L,272.00,264.20,000,272.00,272.00,272.00
293,2015-06-09,WIL.L,270.00,257.40,8300,264.75,265.00,262.23
294,2015-06-08,WIL.L,266.00,258.372,2300,264.00,266.00,264.00
295,2015-06-05,WIL.L,265.00,257.40,9100,264.75,265.00,261.76
296,2015-06-04,WIL.L,263.35,256.429,2600,263.00,264.00,263.00
297,2015-06-03,WIL.L,261.50,254.972,10000,261.50,262.50,261.50
298,2015-06-02,WIL.L,262.375,254.851,000,262.375,262.375,262.375
299,2015-06-01,WIL.L,262.238,252.544,31600,257.25,260.00,257.00
300,2015-05-29,WIL.L,264.50,256.915,4500,262.75,264.50,259.14
301,2015-05-28,WIL.L,263.00,255.215,4200,262.25,262.75,262.113
302,2015-05-27,WIL.L,263.00,249.63,14000,255.00,257.00,252.25
303,2015-05-26,WIL.L,256.75,248.658,2600,255.00,256.00,255.00
304,2015-05-25,WIL.L,252.50,245.259,000,252.50,252.50,252.50
305,2015-05-22,WIL.L,257.00,245.259,8400,257.00,252.50,250.25
306,2015-05-21,WIL.L,257.02,246.23,6400,256.75,253.50,253.00
307,2015-05-20,WIL.L,256.45,246.109,16400,256.45,253.375,252.59
308,2015-05-19,WIL.L,255.00,247.687,82100,246.00,255.00,246.00
309,2015-05-18,WIL.L,252.75,238.945,24900,238.00,246.00,238.00
310,2015-05-15,WIL.L,240.00,234.453,4700,238.00,241.375,238.00
311,2015-05-14,WIL.L,238.00,231.175,000,238.00,238.00,238.00
312,2015-05-13,WIL.L,244.002,233.117,5800,240.25,240.00,240.00
313,2015-05-12,WIL.L,240.00,231.66,60000,238.25,238.50,238.00
314,2015-05-11,WIL.L,244.00,234.089,5200,243.75,241.00,238.50
315,2015-05-08,WIL.L,244.75,237.731,9400,244.00,244.75,242.00
316,2015-05-07,WIL.L,244.00,237.003,2300,242.00,244.00,240.69
317,2015-05-06,WIL.L,244.00,236.517,57600,235.25,243.50,235.25
318,2015-05-05,WIL.L,239.75,232.632,500,239.75,239.50,232.25
319,2015-05-04,WIL.L,232.50,225.832,000,232.50,232.50,232.50
320,2015-05-01,WIL.L,232.50,225.832,000,232.25,232.50,232.25
321,2015-04-30,WIL.L,236.50,225.832,102100,232.25,232.50,232.25
322,2015-04-29,WIL.L,238.50,231.66,1500,235.25,238.50,235.25
323,2015-04-28,WIL.L,236.50,228.018,1600,235.25,234.75,232.25
324,2015-04-27,WIL.L,239.25,232.389,9700,235.25,239.25,235.25
325,2015-04-24,WIL.L,239.75,230.446,24700,239.75,237.25,235.25
326,2015-04-23,WIL.L,239.00,228.503,32500,235.00,235.25,235.00
327,2015-04-22,WIL.L,236.45,228.746,500,234.25,235.50,234.25
328,2015-04-21,WIL.L,240.00,226.804,400,240.00,233.50,233.25
329,2015-04-20,WIL.L,237.75,226.804,7100,233.25,233.50,233.00
330,2015-04-17,WIL.L,237.405,229.232,4500,234.00,236.00,234.00
331,2015-04-16,WIL.L,239.50,231.175,29700,238.00,238.00,235.00
332,2015-04-15,WIL.L,236.50,221.461,400,228.50,228.00,228.00
333,2015-04-14,WIL.L,234.475,225.832,20200,228.00,232.50,226.50
334,2015-04-13,WIL.L,230.50,227.168,000,230.50,233.875,230.50
335,2015-04-10,WIL.L,228.25,221.461,000,228.25,228.00,228.00
336,2015-04-09,WIL.L,237.00,221.947,5000,237.00,228.50,228.25
337,2015-04-08,WIL.L,237.038,221.947,12100,228.25,228.50,228.25
338,2015-04-07,WIL.L,237.46,221.461,3800,228.25,228.00,228.00
339,2015-04-06,WIL.L,232.50,225.832,000,232.50,232.50,232.50
340,2015-04-03,WIL.L,232.50,225.832,000,232.50,232.50,232.50
341,2015-04-02,WIL.L,237.463,225.832,1100,232.00,232.50,232.00
342,2015-04-01,WIL.L,237.00,225.59,1800,231.75,232.25,231.75
343,2015-03-31,WIL.L,235.53,225.59,1000,232.00,232.25,232.00
344,2015-03-30,WIL.L,234.50,225.59,20200,231.375,232.25,231.375
345,2015-03-27,WIL.L,234.75,225.468,74100,232.25,232.125,229.47
346,2015-03-26,WIL.L,239.25,232.146,10500,232.00,239.00,228.438
347,2015-03-25,WIL.L,231.75,224.861,3600,231.50,231.50,228.313
348,2015-03-24,WIL.L,231.75,224.861,183600,231.75,231.50,229.00
349,2015-03-23,WIL.L,231.75,220.733,38900,231.75,227.25,226.875
350,2015-03-20,WIL.L,230.00,223.404,5300,225.25,230.00,225.25
351,2015-03-19,WIL.L,234.75,219.519,16500,230.25,226.00,224.75
352,2015-03-18,WIL.L,235.00,223.404,1900,232.00,230.00,230.00
353,2015-03-17,WIL.L,235.00,226.925,000,235.00,233.625,235.00
354,2015-03-16,WIL.L,236.609,226.804,27300,236.609,233.50,233.00
355,2015-03-13,WIL.L,236.75,229.718,3300,236.75,236.50,233.188
356,2015-03-12,WIL.L,237.00,228.746,57600,230.00,235.50,228.625
357,2015-03-11,WIL.L,232.50,222.238,30100,228.00,232.50,228.00
358,2015-03-10,WIL.L,229.75,219.61,400,229.75,229.75,226.875
359,2015-03-09,WIL.L,231.50,221.283,11600,231.25,231.50,226.875
360,2015-03-06,WIL.L,231.75,219.849,19100,231.75,230.00,229.50
361,2015-03-05,WIL.L,230.00,219.371,87600,228.25,229.50,227.203
362,2015-03-04,WIL.L,232.00,216.981,28300,232.00,227.00,227.00
363,2015-03-03,WIL.L,230.737,218.893,46500,228.00,229.00,226.897
364,2015-03-02,WIL.L,229.374,216.981,45800,228.00,227.00,227.00
365,2015-02-27,WIL.L,230.95,219.371,13900,229.75,229.50,227.50
366,2015-02-26,WIL.L,229.50,218.176,203600,223.00,228.25,223.00
367,2015-02-25,WIL.L,225.00,214.114,225100,217.25,224.00,217.25
368,2015-02-24,WIL.L,222.75,207.423,5000,215.25,217.00,215.25
369,2015-02-23,WIL.L,222.16,209.334,5500,215.25,219.00,215.25
370,2015-02-20,WIL.L,220.50,208.976,1000,220.50,218.625,220.50
371,2015-02-19,WIL.L,222.263,209.334,1800,220.05,219.00,220.05
372,2015-02-18,WIL.L,220.496,208.856,1500,220.496,218.50,216.75
373,2015-02-17,WIL.L,219.00,207.423,4500,215.00,217.00,215.00
374,2015-02-16,WIL.L,217.00,208.378,1900,215.00,218.00,215.00
375,2015-02-13,WIL.L,218.76,206.945,25000,215.00,216.50,215.00
376,2015-02-12,WIL.L,218.34,207.423,3000,215.00,217.00,215.00
377,2015-02-11,WIL.L,215.32,207.542,2300,214.00,217.125,214.00
378,2015-02-10,WIL.L,218.063,206.228,34900,215.25,215.75,214.40
379,2015-02-09,WIL.L,214.00,207.423,400,214.00,217.00,214.00
380,2015-02-06,WIL.L,219.00,207.662,900,214.00,217.25,214.00
381,2015-02-05,WIL.L,214.00,206.945,000,214.00,216.50,214.00
382,2015-02-04,WIL.L,218.00,207.901,2300,212.50,217.50,212.50
383,2015-02-03,WIL.L,219.00,203.121,35200,215.00,212.50,212.00
384,2015-02-02,WIL.L,218.60,208.378,10600,215.00,218.00,215.00
385,2015-01-30,WIL.L,218.34,207.423,2500,215.00,217.00,215.00
386,2015-01-29,WIL.L,217.792,205.989,1300,215.00,215.50,215.00
387,2015-01-28,WIL.L,218.75,209.095,25100,217.00,218.75,214.41
388,2015-01-27,WIL.L,217.00,206.467,254800,212.00,216.00,210.25
389,2015-01-26,WIL.L,217.125,204.794,8900,216.00,214.25,212.00
390,2015-01-23,WIL.L,217.125,205.033,2000,214.25,214.50,214.25
391,2015-01-22,WIL.L,216.00,205.033,400000,214.25,214.50,214.25
392,2015-01-21,WIL.L,220.50,204.555,12800,220.00,214.00,214.00
393,2015-01-20,WIL.L,223.784,206.467,40500,220.00,216.00,216.00
394,2015-01-19,WIL.L,224.75,213.636,4900,220.25,223.50,220.00
395,2015-01-16,WIL.L,221.77,210.768,400,220.25,220.50,220.25
396,2015-01-15,WIL.L,224.75,210.29,16100,223.25,220.00,220.00
397,2015-01-14,WIL.L,229.75,213.158,600,229.75,223.00,220.25
398,2015-01-13,WIL.L,224.00,210.29,600,221.00,220.00,220.00
399,2015-01-12,WIL.L,225.00,213.875,400,225.00,223.75,225.00
400,2015-01-09,WIL.L,224.063,211.246,6600,221.00,221.00,221.00
401,2015-01-08,WIL.L,224.50,211.007,37600,221.00,220.75,220.75
402,2015-01-07,WIL.L,227.789,211.007,2400,221.00,220.75,220.75
403,2015-01-06,WIL.L,230.00,211.007,118100,230.00,220.75,220.00
404,2015-01-05,WIL.L,230.00,213.158,141400,230.00,223.00,223.00
405,2015-01-02,WIL.L,237.00,220.327,25800,222.75,230.50,219.25
406,2015-01-01,WIL.L,217.00,207.423,000,217.00,217.00,217.00
407,2014-12-31,WIL.L,217.25,207.423,000,217.25,217.00,217.00
408,2014-12-30,WIL.L,223.00,208.378,9900,215.25,218.00,215.25
409,2014-12-29,WIL.L,222.428,205.511,3000,215.25,215.00,215.00
410,2014-12-26,WIL.L,215.00,205.511,000,215.00,215.00,215.00
411,2014-12-25,WIL.L,215.00,205.511,000,215.00,215.00,215.00
412,2014-12-24,WIL.L,222.75,205.511,4800,215.50,215.00,215.00
413,2014-12-23,WIL.L,218.00,206.467,6000,215.00,216.00,215.00
414,2014-12-22,WIL.L,220.769,209.334,19100,219.00,219.00,215.00
415,2014-12-19,WIL.L,221.75,211.963,4100,221.75,221.75,220.556
416,2014-12-18,WIL.L,215.25,209.334,000,215.25,219.00,215.25
417,2014-12-17,WIL.L,222.75,208.378,300,215.25,218.00,215.25
418,2014-12-16,WIL.L,222.50,207.184,2100,222.50,216.75,215.25
419,2014-12-15,WIL.L,222.243,205.511,16300,219.25,215.00,215.00
420,2014-12-12,WIL.L,221.75,205.511,15400,215.25,215.00,215.00
421,2014-12-11,WIL.L,218.984,205.989,7500,215.00,215.50,215.00
422,2014-12-10,WIL.L,218.75,206.467,6100,215.25,216.00,215.00
423,2014-12-09,WIL.L,219.00,205.989,1100,215.00,215.50,215.00
424,2014-12-08,WIL.L,220.16,209.334,15900,210.25,219.00,210.25
425,2014-12-05,WIL.L,210.50,201.209,000,210.25,210.50,210.25
426,2014-12-04,WIL.L,210.25,200.732,100,210.25,210.00,210.00
427,2014-12-03,WIL.L,216.618,201.209,89200,210.25,210.50,210.25
428,2014-12-02,WIL.L,216.956,201.209,15700,211.75,210.50,210.50
429,2014-12-01,WIL.L,217.912,207.423,63200,217.00,217.00,216.00
430,2014-11-28,WIL.L,217.976,207.423,4200,217.00,217.00,217.00
431,2014-11-27,WIL.L,217.75,207.423,11800,217.00,217.00,217.00
432,2014-11-26,WIL.L,217.22,206.945,15600,215.00,216.50,215.00
433,2014-11-25,WIL.L,215.861,205.511,4100,215.00,215.00,215.00
434,2014-11-24,WIL.L,217.727,205.75,2000,215.25,215.25,215.25
435,2014-11-21,WIL.L,217.75,204.555,8400,214.25,214.00,214.00
436,2014-11-20,WIL.L,217.75,204.555,2752200,210.00,214.00,210.00
437,2014-11-19,WIL.L,210.00,198.82,2700,210.00,208.00,208.00
438,2014-11-18,WIL.L,210.50,201.209,100,210.25,210.50,210.25
439,2014-11-17,WIL.L,210.50,203.002,100,210.50,212.375,210.50
440,2014-11-14,WIL.L,210.25,200.732,100,210.25,210.00,210.00
441,2014-11-13,WIL.L,312.75,203.002,5500,210.25,212.375,210.25
442,2014-11-12,WIL.L,217.00,206.467,194800,216.00,216.00,216.00
443,2014-11-11,WIL.L,218.00,207.423,1700,216.00,217.00,216.00
444,2014-11-10,WIL.L,217.80,206.467,100,216.00,216.00,216.00
445,2014-11-07,WIL.L,215.25,205.75,000,215.00,215.25,215.00
446,2014-11-06,WIL.L,216.25,205.511,177800,216.00,215.00,210.00
447,2014-11-05,WIL.L,220.00,210.29,800,216.00,220.00,216.00
448,2014-11-04,WIL.L,219.75,206.945,13300,216.00,216.50,216.00
449,2014-11-03,WIL.L,219.25,206.467,6500,216.25,216.00,215.00
450,2014-10-31,WIL.L,216.50,208.617,600,216.00,218.25,216.00
451,2014-10-30,WIL.L,216.00,208.378,600,216.00,218.00,216.00
452,2014-10-29,WIL.L,216.25,206.467,2200,215.50,216.00,215.50
453,2014-10-28,WIL.L,219.75,208.378,900,215.00,218.00,215.00
454,2014-10-27,WIL.L,219.175,208.378,700,215.25,218.00,215.25
455,2014-10-24,WIL.L,217.75,207.901,1200,211.25,217.50,211.25
456,2014-10-23,WIL.L,219.00,206.706,16900,216.00,216.25,216.00
457,2014-10-22,WIL.L,219.75,206.706,6400,216.25,216.25,216.00
458,2014-10-21,WIL.L,216.25,206.706,188600,216.00,216.25,216.00
459,2014-10-20,WIL.L,215.25,205.511,837600,213.00,215.00,211.721
460,2014-10-17,WIL.L,216.00,203.599,3600,216.00,213.00,213.00
461,2014-10-16,WIL.L,219.10,205.511,3205500,215.00,215.00,211.216
462,2014-10-15,WIL.L,218.00,204.842,000,218.00,218.00,218.00
463,2014-10-14,WIL.L,218.60,204.842,12100,217.00,218.00,217.00
464,2014-10-13,WIL.L,217.25,202.258,500,215.25,215.25,215.25
465,2014-10-10,WIL.L,220.00,201.083,14200,220.00,214.00,212.25
466,2014-10-09,WIL.L,221.00,207.661,128300,220.00,221.00,214.50
467,2014-10-08,WIL.L,221.50,207.896,70900,220.00,221.25,220.00
468,2014-10-07,WIL.L,220.439,207.308,300,220.00,220.625,220.00
469,2014-10-06,WIL.L,219.00,205.781,000,219.00,219.00,219.00
470,2014-10-03,WIL.L,220.00,206.369,400,220.00,219.625,220.00
471,2014-10-02,WIL.L,220.00,204.842,408300,218.00,218.00,218.00
472,2014-10-01,WIL.L,218.00,204.842,23300,217.25,218.00,217.00
473,2014-09-30,WIL.L,219.99,202.258,18900,215.25,215.25,215.25
474,2014-09-29,WIL.L,217.05,203.432,300,217.05,216.50,216.40
475,2014-09-26,WIL.L,218.00,202.258,24700,218.00,215.25,213.50
476,2014-09-25,WIL.L,218.90,206.369,1000,218.00,219.625,218.00
477,2014-09-24,WIL.L,218.75,205.546,200,218.50,218.75,218.50
478,2014-09-23,WIL.L,222.50,205.077,52000,222.50,218.25,218.25
479,2014-09-22,WIL.L,218.80,203.902,25500,216.25,217.00,216.00
480,2014-09-19,WIL.L,218.50,205.312,2800,215.00,218.50,215.00
481,2014-09-18,WIL.L,221.75,205.077,139900,218.25,218.25,215.25
482,2014-09-17,WIL.L,219.368,203.667,54400,216.00,216.75,216.00
483,2014-09-16,WIL.L,217.40,202.258,550200,216.25,215.25,215.00
484,2014-09-15,WIL.L,218.625,202.258,2000,215.25,215.25,215.25
485,2014-09-12,WIL.L,220.00,204.372,5000,217.00,217.50,216.50
486,2014-09-11,WIL.L,215.25,202.023,16600,215.00,215.00,211.625
487,2014-09-10,WIL.L,214.25,201.318,15300,214.00,214.25,213.00
488,2014-09-09,WIL.L,216.00,202.962,19600,213.00,216.00,213.00
489,2014-09-08,WIL.L,212.00,200.026,10000,212.00,212.875,210.00
490,2014-09-05,WIL.L,210.25,197.56,25900,207.00,210.25,207.00
491,2014-09-04,WIL.L,207.00,194.506,22800,202.00,207.00,202.00
492,2014-09-03,WIL.L,203.00,190.63,35700,201.625,202.875,201.625
493,2014-09-02,WIL.L,201.50,189.103,22100,200.00,201.25,200.00
494,2014-09-01,WIL.L,198.50,186.871,20000,198.00,198.875,198.00
495,2014-08-29,WIL.L,198.08,185.344,2600,196.25,197.25,196.25
496,2014-08-28,WIL.L,198.50,183.935,11000,192.25,195.75,192.25
497,2014-08-27,WIL.L,205.25,181.116,30900,205.25,192.75,191.00
498,2014-08-26,WIL.L,209.75,184.639,74700,206.25,196.50,196.00
499,2014-08-25,WIL.L,205.00,192.626,000,205.00,205.00,205.00
500,2014-08-22,WIL.L,208.125,192.626,10800,207.75,205.00,205.00
501,2014-08-21,WIL.L,207.50,194.506,38800,197.25,207.00,197.25
502,2014-08-20,WIL.L,202.442,186.989,6500,199.00,199.00,199.00
503,2014-08-19,WIL.L,202.20,186.049,9300,199.00,198.00,197.00
504,2014-08-18,WIL.L,203.00,187.223,27800,203.00,199.25,199.00
505,2014-08-15,WIL.L,199.00,186.989,2000,197.00,199.00,197.00
506,2014-08-14,WIL.L,203.00,185.344,16400,197.00,197.25,197.00
507,2014-08-13,WIL.L,197.00,185.109,27800,193.00,197.00,193.00
508,2014-08-12,WIL.L,195.342,182.29,6500,193.00,194.00,193.00
509,2014-08-11,WIL.L,197.00,181.351,8200,195.00,193.00,193.00
510,2014-08-08,WIL.L,196.00,183.23,1400,196.00,195.00,193.00
511,2014-08-07,WIL.L,198.50,185.579,4500,196.00,197.50,196.00
512,2014-08-06,WIL.L,197.74,185.109,5200,196.00,197.00,196.00
513,2014-08-05,WIL.L,200.00,186.754,6700,195.00,198.75,195.00
514,2014-08-04,WIL.L,198.50,184.874,4400,196.00,196.75,195.00
515,2014-08-01,WIL.L,198.50,185.344,46700,195.75,197.25,195.50
516,2014-07-31,WIL.L,199.50,183.70,155900,197.25,195.50,195.00
517,2014-07-30,WIL.L,196.00,184.17,50200,196.00,196.00,196.00
518,2014-07-29,WIL.L,201.75,184.639,61800,201.75,196.50,195.00
519,2014-07-28,WIL.L,201.04,188.046,1500,199.00,200.125,199.00
520,2014-07-25,WIL.L,200.00,186.049,20700,195.00,198.00,195.00
521,2014-07-24,WIL.L,196.25,184.405,4400,190.25,196.25,190.25
522,2014-07-23,WIL.L,194.75,182.995,207900,190.00,194.75,190.00
523,2014-07-22,WIL.L,192.00,180.411,23000,190.00,192.00,190.00
524,2014-07-21,WIL.L,190.55,176.653,6100,190.00,188.00,188.00
525,2014-07-18,WIL.L,190.125,176.887,7600,189.25,188.25,188.25
526,2014-07-17,WIL.L,189.875,177.122,29900,188.50,188.50,188.25
527,2014-07-16,WIL.L,194.75,177.827,18600,194.75,189.25,189.25
528,2014-07-15,WIL.L,192.076,177.592,25700,192.00,189.00,188.25
529,2014-07-14,WIL.L,190.25,175.243,18900,190.25,186.50,186.50
530,2014-07-11,WIL.L,191.25,178.532,26700,191.00,190.00,190.00
531,2014-07-10,WIL.L,199.00,178.532,29400,194.25,190.00,190.00
532,2014-07-09,WIL.L,198.00,182.76,358900,198.00,194.50,193.25
533,2014-07-08,WIL.L,198.75,186.284,6000,198.50,198.25,198.25
534,2014-07-07,WIL.L,200.50,188.398,8600,199.75,200.50,199.25
535,2014-07-04,WIL.L,200.50,186.519,36000,198.50,198.50,198.25
536,2014-07-03,WIL.L,199.917,186.519,33900,197.00,198.50,197.00
537,2014-07-02,WIL.L,198.25,186.049,63400,195.25,198.00,195.25
538,2014-07-01,WIL.L,200.75,186.049,107600,196.75,198.00,194.85
539,2014-06-30,WIL.L,195.25,183.465,132200,194.75,195.25,193.41
540,2014-06-27,WIL.L,195.00,179.706,21300,195.00,191.25,191.25
541,2014-06-26,WIL.L,195.00,182.29,20700,195.00,194.00,194.00
542,2014-06-25,WIL.L,195.00,182.29,38900,195.00,194.00,191.25
543,2014-06-24,WIL.L,196.00,180.646,40100,196.00,192.25,191.50
544,2014-06-23,WIL.L,198.718,183.23,192500,197.75,195.00,195.00
545,2014-06-20,WIL.L,204.00,183.23,2590600,195.00,195.00,195.00
546,2014-06-19,WIL.L,199.00,184.17,143300,196.75,196.00,195.00
547,2014-06-18,WIL.L,196.00,184.17,51900,195.50,196.00,194.75
548,2014-06-17,WIL.L,196.00,184.17,25400,195.00,196.00,195.00
549,2014-06-16,WIL.L,196.75,184.17,1500,196.75,196.00,195.00
550,2014-06-13,WIL.L,195.25,183.465,10000,195.25,195.25,194.50
551,2014-06-12,WIL.L,196.25,184.405,102000,193.00,196.25,190.528
552,2014-06-11,WIL.L,193.00,178.532,604000,193.00,190.00,190.00
553,2014-06-10,WIL.L,191.00,177.592,188700,191.00,189.00,186.00
554,2014-06-09,WIL.L,193.75,178.532,28000,191.00,190.00,188.88
555,2014-06-06,WIL.L,200.75,174.068,51800,200.75,185.25,185.25
556,2014-06-05,WIL.L,201.75,185.109,318200,201.75,197.00,196.00
557,2014-06-04,WIL.L,201.75,186.049,27800,201.75,198.00,196.00
558,2014-06-03,WIL.L,202.75,184.639,46600,202.75,196.50,195.00
559,2014-06-02,WIL.L,202.75,190.512,11400,200.00,202.75,196.75
560,2014-05-30,WIL.L,203.00,185.344,83400,202.00,197.25,193.25
561,2014-05-29,WIL.L,202.75,189.807,17100,193.25,202.00,193.00
562,2014-05-28,WIL.L,196.75,182.525,52500,193.25,194.25,192.78
563,2014-05-27,WIL.L,198.25,182.525,21000,198.25,194.25,192.00
564,2014-05-26,WIL.L,199.75,187.693,000,199.75,199.75,199.75
565,2014-05-23,WIL.L,203.00,187.693,91800,203.00,199.75,198.00
566,2014-05-22,WIL.L,209.00,190.747,39900,203.00,203.00,203.00
567,2014-05-21,WIL.L,205.00,192.157,24800,204.00,204.50,203.00
568,2014-05-20,WIL.L,228.00,192.626,37700,228.00,205.00,205.00
569,2014-05-19,WIL.L,228.704,215.178,1200,228.704,229.00,228.704
570,2014-05-16,WIL.L,233.00,216.587,000,233.00,230.50,233.00
571,2014-05-15,WIL.L,230.375,216.47,000,230.375,230.375,230.375
572,2014-05-14,WIL.L,230.00,216.587,43000,230.00,230.50,230.00
573,2014-05-13,WIL.L,233.00,216.117,662300,233.00,230.00,230.00
574,2014-05-12,WIL.L,230.375,215.648,1000,230.375,229.50,230.231
575,2014-05-09,WIL.L,228.50,214.708,000,228.50,228.50,228.50
576,2014-05-08,WIL.L,231.25,216.352,2300,228.00,230.25,226.30
577,2014-05-07,WIL.L,232.00,217.997,4500,230.00,232.00,227.00
578,2014-05-06,WIL.L,230.00,215.648,21800,229.75,229.50,229.50
579,2014-05-05,WIL.L,228.625,214.825,000,228.625,228.625,228.625
580,2014-05-02,WIL.L,228.625,214.825,000,228.625,228.625,228.625
581,2014-05-01,WIL.L,229.338,214.708,3500,229.338,228.50,229.338
582,2014-04-30,WIL.L,227.00,213.299,2700,224.00,227.00,223.75
583,2014-04-29,WIL.L,225.125,211.537,000,225.125,225.125,225.125
584,2014-04-28,WIL.L,223.675,209.54,2600,223.50,223.00,223.00
585,2014-04-25,WIL.L,226.00,212.359,1100,226.00,226.00,226.00
586,2014-04-24,WIL.L,235.00,214.121,23200,235.00,227.875,223.00
587,2014-04-23,WIL.L,234.75,220.581,5600,234.75,234.75,234.75
588,2014-04-22,WIL.L,237.625,222.695,2100,235.563,237.00,235.563
589,2014-04-21,WIL.L,237.00,222.695,000,237.00,237.00,237.00
590,2014-04-18,WIL.L,237.00,222.695,000,237.00,237.00,237.00
591,2014-04-17,WIL.L,235.019,222.695,900,235.019,237.00,235.019
592,2014-04-16,WIL.L,236.50,221.99,4000,230.25,236.25,230.05
593,2014-04-15,WIL.L,235.019,216.352,1500,235.00,230.25,230.25
594,2014-04-14,WIL.L,239.00,224.574,6000,235.25,239.00,235.00
595,2014-04-11,WIL.L,239.00,223.635,139300,238.75,238.00,231.85
596,2014-04-10,WIL.L,238.75,219.171,13900,238.75,233.25,233.00
597,2014-04-09,WIL.L,238.75,219.171,27200,234.75,233.25,232.00
598,2014-04-08,WIL.L,237.00,221.99,84300,233.00,236.25,233.00
599,2014-04-07,WIL.L,234.25,220.111,5300,232.00,234.25,232.00
600,2014-04-04,WIL.L,233.00,217.527,12800,233.00,231.50,229.11
601,2014-04-03,WIL.L,235.00,219.524,2300,235.00,233.625,231.25
602,2014-04-02,WIL.L,235.00,219.406,500,234.25,233.50,232.00
603,2014-04-01,WIL.L,235.00,219.054,9700,235.00,233.125,229.00
604,2014-03-31,WIL.L,235.50,218.936,14000,235.00,233.00,229.25
605,2014-03-28,WIL.L,235.50,221.755,202500,235.00,236.00,229.25
606,2014-03-27,WIL.L,235.25,221.168,300,235.25,235.375,233.00
607,2014-03-26,WIL.L,238.50,220.816,4600,236.00,235.00,231.25
608,2014-03-25,WIL.L,238.75,222.46,4500,238.50,236.75,234.25
609,2014-03-24,WIL.L,238.75,224.339,4800,235.00,238.75,234.00
610,2014-03-21,WIL.L,240.665,221.99,28300,238.00,236.25,232.069
611,2014-03-20,WIL.L,244.00,225.984,4500,243.75,240.50,239.25
612,2014-03-19,WIL.L,244.625,229.86,000,244.625,244.625,244.625
613,2014-03-18,WIL.L,242.306,230.799,1600,242.306,245.625,242.306
614,2014-03-17,WIL.L,248.75,227.628,8200,248.75,242.25,242.25
615,2014-03-14,WIL.L,244.125,229.39,000,244.125,244.125,244.125
616,2014-03-13,WIL.L,245.00,229.977,19200,245.00,244.75,239.80
617,2014-03-12,WIL.L,250.00,232.796,10500,250.00,247.75,245.75
618,2014-03-11,WIL.L,249.00,230.588,100600,249.00,249.00,247.00
619,2014-03-10,WIL.L,249.00,226.884,5600,249.00,245.00,245.00
620,2014-03-07,WIL.L,249.00,230.588,7700,249.00,249.00,248.45
621,2014-03-06,WIL.L,250.00,229.43,3800,250.00,247.75,246.00
622,2014-03-05,WIL.L,249.00,229.662,62300,249.00,248.00,247.25
623,2014-03-04,WIL.L,253.50,234.755,8700,248.00,253.50,247.15
624,2014-03-03,WIL.L,248.00,228.273,2100,245.50,246.50,245.50
625,2014-02-28,WIL.L,250.70,231.514,24800,250.00,250.00,250.00
626,2014-02-27,WIL.L,249.55,230.935,21100,249.25,249.375,248.63
627,2014-02-26,WIL.L,250.313,230.356,7000,248.00,248.75,248.00
628,2014-02-25,WIL.L,253.25,231.745,36800,250.00,250.25,245.50
629,2014-02-24,WIL.L,255.00,236.144,456200,247.25,255.00,247.25
630,2014-02-21,WIL.L,256.50,237.533,54300,253.00,256.50,250.25
631,2014-02-20,WIL.L,257.00,237.996,6200,257.00,257.00,257.00
632,2014-02-19,WIL.L,255.25,233.366,26700,247.75,252.00,245.566
633,2014-02-18,WIL.L,251.00,232.44,27100,249.75,251.00,247.875
634,2014-02-17,WIL.L,250.00,229.662,47600,249.75,248.00,240.00
635,2014-02-14,WIL.L,261.75,226.884,464600,258.00,245.00,241.25
636,2014-02-13,WIL.L,272.00,240.08,35100,272.00,259.25,257.50
637,2014-02-12,WIL.L,274.75,254.434,1800,270.00,274.75,270.00
638,2014-02-11,WIL.L,277.80,250.035,66700,276.50,270.00,267.00
639,2014-02-10,WIL.L,288.00,257.907,10700,288.00,278.50,277.75
640,2014-02-07,WIL.L,287.375,266.125,000,287.375,287.375,287.375
641,2014-02-06,WIL.L,288.00,263.231,103000,288.00,284.25,284.00
642,2014-02-05,WIL.L,286.625,265.431,175700,285.80,286.625,285.225
643,2014-02-04,WIL.L,290.25,268.556,24700,289.75,290.00,283.175
644,2014-02-03,WIL.L,288.50,267.167,15800,283.00,288.50,280.90
645,2014-01-31,WIL.L,283.00,259.527,205100,275.75,280.25,274.218
646,2014-01-30,WIL.L,275.00,254.434,106300,269.25,274.75,266.335
647,2014-01-29,WIL.L,268.00,248.183,14700,264.75,268.00,259.50
648,2014-01-28,WIL.L,260.00,238.228,594700,257.25,257.25,257.25
649,2014-01-27,WIL.L,265.00,238.228,10100,265.00,257.25,257.053
650,2014-01-24,WIL.L,264.75,244.942,7900,264.75,264.50,257.25
651,2014-01-23,WIL.L,265.00,239.848,157300,264.50,259.00,257.00
652,2014-01-22,WIL.L,260.75,241.469,9500,259.75,260.75,259.75
653,2014-01-21,WIL.L,259.75,239.848,10900,253.50,259.00,253.50
654,2014-01-20,WIL.L,253.50,233.366,600,253.50,252.00,252.00
655,2014-01-17,WIL.L,252.90,233.366,3900,252.00,252.00,252.00
656,2014-01-16,WIL.L,253.50,232.672,4800,250.75,251.25,249.15
657,2014-01-15,WIL.L,250.068,231.167,1200,249.10,249.625,249.10
658,2014-01-14,WIL.L,249.993,229.893,500,248.25,248.25,248.25
659,2014-01-13,WIL.L,249.75,231.282,6800,249.75,249.75,248.614
660,2014-01-10,WIL.L,249.75,231.282,2500,249.75,249.75,248.35
661,2014-01-09,WIL.L,249.75,231.051,11100,247.25,249.50,246.15
662,2014-01-08,WIL.L,248.00,229.199,11300,248.00,247.50,246.90
663,2014-01-07,WIL.L,244.875,227.347,2300,244.875,245.50,244.12
664,2014-01-06,WIL.L,249.75,231.051,51000,249.75,249.50,243.00
665,2014-01-03,WIL.L,242.25,224.337,000,242.25,242.25,242.25
666,2014-01-02,WIL.L,245.75,225.263,6100,245.75,243.25,242.00
667,2014-01-01,WIL.L,240.25,222.485,000,240.25,240.25,240.25
668,2013-12-31,WIL.L,240.25,222.485,000,240.00,240.25,240.00
669,2013-12-30,WIL.L,245.50,224.916,4200,245.50,242.875,241.563
670,2013-12-27,WIL.L,245.50,227.115,4200,245.00,245.25,243.375
671,2013-12-26,WIL.L,244.75,226.652,000,244.75,244.75,244.75
672,2013-12-25,WIL.L,244.75,226.652,000,244.75,244.75,244.75
673,2013-12-24,WIL.L,244.75,226.652,1200,244.75,244.75,242.44
674,2013-12-23,WIL.L,245.00,224.337,4000,244.75,242.25,242.25
675,2013-12-20,WIL.L,243.50,224.106,35800,236.75,242.00,233.31
676,2013-12-19,WIL.L,237.00,217.392,4400,235.25,234.75,234.25
677,2013-12-18,WIL.L,234.75,216.003,9100,234.75,233.25,230.00
678,2013-12-17,WIL.L,234.75,212.993,11600,231.00,230.00,230.00
679,2013-12-16,WIL.L,232.50,213.456,5600,232.50,230.50,225.25
680,2013-12-13,WIL.L,230.00,208.826,4000,227.00,225.50,225.50
681,2013-12-12,WIL.L,227.00,209.289,2200,227.00,226.00,226.00
682,2013-12-11,WIL.L,223.68,206.51,4100,223.00,223.00,223.00
683,2013-12-10,WIL.L,226.36,206.742,2100,223.00,223.25,223.00
684,2013-12-09,WIL.L,221.25,206.973,23600,221.00,223.50,221.00
685,2013-12-06,WIL.L,223.50,206.973,1000,223.50,223.50,223.50
686,2013-12-05,WIL.L,224.25,207.668,2500,224.00,224.25,224.00
687,2013-12-04,WIL.L,226.75,209.983,200,226.75,226.75,226.75
688,2013-12-03,WIL.L,226.75,209.983,200,226.50,226.75,226.50
689,2013-12-02,WIL.L,222.185,206.973,3500,222.00,223.50,222.00
690,2013-11-29,WIL.L,227.00,210.215,400,227.00,227.00,227.00
691,2013-11-28,WIL.L,225.50,208.826,000,225.50,225.50,225.50
692,2013-11-27,WIL.L,224.00,208.826,2000,224.00,225.50,224.00
693,2013-11-26,WIL.L,224.25,207.668,5000,224.00,224.25,224.00
694,2013-11-25,WIL.L,226.36,208.363,000,226.00,225.00,226.00
695,2013-11-22,WIL.L,226.75,209.983,4300,226.75,226.75,224.00
696,2013-11-21,WIL.L,223.25,206.742,1900,222.50,223.25,222.50
697,2013-11-20,WIL.L,226.75,208.363,8800,222.25,225.00,222.25
698,2013-11-19,WIL.L,225.83,207.205,9400,221.25,223.75,221.25
699,2013-11-18,WIL.L,227.00,210.215,1200,227.00,227.00,221.618
700,2013-11-15,WIL.L,226.75,209.983,2400,226.75,226.75,225.00
701,2013-11-14,WIL.L,223.439,207.90,100,223.439,224.50,223.439
702,2013-11-13,WIL.L,222.00,205.584,37100,220.00,222.00,216.50
703,2013-11-12,WIL.L,222.00,203.964,11900,222.00,220.25,219.938
704,2013-11-11,WIL.L,223.00,204.658,35000,219.75,221.00,218.50
705,2013-11-08,WIL.L,220.00,203.501,1200,220.00,219.75,219.75
706,2013-11-07,WIL.L,219.50,202.806,000,218.00,219.00,218.00
707,2013-11-06,WIL.L,220.00,202.806,2200,220.00,219.00,219.50
708,2013-11-05,WIL.L,220.00,203.732,32700,219.00,220.00,217.75
709,2013-11-04,WIL.L,220.00,202.806,190800,218.00,219.00,218.00
710,2013-11-01,WIL.L,219.00,202.112,12400,217.00,218.25,217.00
711,2013-10-31,WIL.L,216.25,200.26,111900,216.00,216.25,212.00
712,2013-10-30,WIL.L,218.25,202.112,000,218.25,218.25,218.25
713,2013-10-29,WIL.L,219.25,203.038,1300,216.00,219.25,216.00
714,2013-10-28,WIL.L,217.25,201.301,1000,217.25,217.375,217.25
715,2013-10-25,WIL.L,219.50,203.269,15500,215.00,219.50,215.00
716,2013-10-24,WIL.L,212.00,196.324,6500,212.00,212.00,212.00
717,2013-10-23,WIL.L,219.00,201.417,616200,217.00,217.50,213.875
718,2013-10-22,WIL.L,219.00,202.806,500,218.25,219.00,214.50
719,2013-10-21,WIL.L,218.25,200.375,102700,218.25,216.375,214.50
720,2013-10-18,WIL.L,216.00,200.028,000,216.00,216.00,216.00
721,2013-10-17,WIL.L,217.75,201.649,4700,217.75,217.75,217.75
722,2013-10-16,WIL.L,218.75,202.343,3600,218.75,218.50,214.50
723,2013-10-15,WIL.L,219.00,198.176,7800,218.75,214.00,214.00
724,2013-10-14,WIL.L,218.00,200.954,18400,218.00,217.00,215.064
725,2013-10-11,WIL.L,218.50,202.343,8700,217.00,218.50,212.25
726,2013-10-10,WIL.L,215.313,197.018,6900,211.25,212.75,211.00
727,2013-10-09,WIL.L,213.50,196.903,100,213.50,212.625,213.50
728,2013-10-08,WIL.L,215.576,197.70,200,215.576,217.375,215.576
729,2013-10-07,WIL.L,217.81,197.132,2200,217.81,216.75,217.81
730,2013-10-04,WIL.L,219.50,195.54,1700,219.50,215.00,213.00
731,2013-10-03,WIL.L,218.20,195.995,44000,213.75,215.50,212.00
732,2013-10-02,WIL.L,212.00,189.856,791500,208.00,208.75,208.00
733,2013-10-01,WIL.L,212.50,193.266,10400,212.50,212.50,205.00
734,2013-09-30,WIL.L,211.325,186.445,309700,205.00,205.00,205.00
735,2013-09-27,WIL.L,208.00,189.174,1500,208.00,208.00,208.00
736,2013-09-26,WIL.L,209.85,192.584,400,209.85,211.75,209.85
737,2013-09-25,WIL.L,211.00,191.902,16400,209.50,211.00,202.00
738,2013-09-24,WIL.L,208.00,189.174,23500,205.00,208.00,204.10
739,2013-09-23,WIL.L,205.00,184.854,7900,201.00,203.25,201.00
740,2013-09-20,WIL.L,205.00,182.807,30000,200.00,201.00,198.50
741,2013-09-19,WIL.L,200.00,181.898,22900,198.25,200.00,197.25
742,2013-09-18,WIL.L,200.00,178.714,15800,197.50,196.50,195.00
743,2013-09-17,WIL.L,196.50,178.714,4600,194.50,196.50,194.50
744,2013-09-16,WIL.L,197.50,179.169,9200,196.50,197.00,194.25
745,2013-09-13,WIL.L,196.50,175.531,2500,196.50,193.00,193.00
746,2013-09-12,WIL.L,196.05,172.803,8900,196.00,190.00,190.00
747,2013-09-11,WIL.L,195.00,176.668,18700,193.50,194.25,192.00
748,2013-09-10,WIL.L,194.50,176.896,28900,194.00,194.50,192.50
749,2013-09-09,WIL.L,194.00,172.803,7100,188.00,190.00,188.00
750,2013-09-06,WIL.L,185.30,168.255,2300,185.00,185.00,185.00
751,2013-09-05,WIL.L,187.00,168.255,6100,185.00,185.00,184.50
752,2013-09-04,WIL.L,192.00,169.165,15300,192.00,186.00,186.00
753,2013-09-03,WIL.L,192.00,171.211,22500,192.00,188.25,187.00
754,2013-09-02,WIL.L,193.50,175.986,000,193.50,193.50,193.50
755,2013-08-30,WIL.L,192.25,175.986,2700,193.326,193.50,192.25
756,2013-08-29,WIL.L,192.50,175.077,800,192.00,192.50,192.00
757,2013-08-28,WIL.L,194.948,175.986,40200,192.00,193.50,192.00
758,2013-08-27,WIL.L,193.00,175.531,18200,192.00,193.00,192.00
759,2013-08-26,WIL.L,189.50,172.348,000,189.50,189.50,189.50
760,2013-08-23,WIL.L,189.00,172.348,53700,185.00,189.50,185.00
761,2013-08-22,WIL.L,189.00,172.121,500000,185.00,189.25,185.00
762,2013-08-21,WIL.L,193.00,172.575,7400,193.00,189.75,189.00
763,2013-08-20,WIL.L,193.40,175.304,78600,188.00,192.75,180.00
764,2013-08-19,WIL.L,197.00,178.26,26500,192.00,196.00,192.00
765,2013-08-16,WIL.L,195.00,175.986,441100,190.00,193.50,190.00
766,2013-08-15,WIL.L,195.00,173.485,24900,190.00,190.75,184.08
767,2013-08-14,WIL.L,190.00,172.803,31400,179.00,190.00,179.00
768,2013-08-13,WIL.L,179.00,160.979,21800,176.00,177.00,175.00
769,2013-08-12,WIL.L,173.50,155.977,1300,173.50,171.50,173.50
770,2013-08-09,WIL.L,173.50,155.977,200,169.00,171.50,169.00
771,2013-08-08,WIL.L,173.04,155.977,38400,168.00,171.50,167.80
772,2013-08-07,WIL.L,168.00,152.339,203200,167.00,167.50,166.50
773,2013-08-06,WIL.L,167.00,151.43,25700,166.50,166.50,166.50
774,2013-08-05,WIL.L,168.00,151.43,3700,165.25,166.50,165.00
775,2013-08-02,WIL.L,166.50,151.43,16500,166.00,166.50,166.00
776,2013-08-01,WIL.L,165.004,150.52,401500,163.00,165.50,163.00
777,2013-07-31,WIL.L,165.00,149.156,1200,165.00,164.00,164.20
778,2013-07-30,WIL.L,163.50,149.156,1300,160.00,164.00,160.00
779,2013-07-29,WIL.L,163.00,149.156,000,163.00,164.00,163.00
780,2013-07-26,WIL.L,164.00,149.156,000,164.00,164.00,164.00
781,2013-07-25,WIL.L,165.00,149.156,2500,165.00,164.00,164.20
782,2013-07-24,WIL.L,163.955,147.564,10600,163.00,162.25,161.01
783,2013-07-23,WIL.L,164.20,147.792,5000,164.20,162.50,164.20
784,2013-07-22,WIL.L,163.00,147.906,500600,163.00,162.625,161.515
785,2013-07-19,WIL.L,164.00,149.156,10500,163.00,164.00,161.12
786,2013-07-18,WIL.L,164.00,149.156,000,164.00,164.00,164.00
787,2013-07-17,WIL.L,164.00,149.156,1515600,164.00,164.00,164.00
788,2013-07-16,WIL.L,162.50,147.792,000,162.50,162.50,162.50
789,2013-07-15,WIL.L,165.00,150.066,4800,163.25,165.00,160.00
790,2013-07-12,WIL.L,164.00,149.156,7300,164.00,164.00,164.00
791,2013-07-11,WIL.L,164.20,148.247,9500,163.00,163.00,163.00
792,2013-07-10,WIL.L,164.75,149.838,000,164.75,164.75,164.75
793,2013-07-09,WIL.L,164.20,148.474,4400,160.00,163.25,160.00
794,2013-07-08,WIL.L,164.00,149.156,1304900,163.00,164.00,163.00
795,2013-07-05,WIL.L,163.00,148.247,3600,163.00,163.00,160.96
796,2013-07-04,WIL.L,165.00,150.066,000,165.00,165.00,165.00
797,2013-07-03,WIL.L,165.60,150.066,11000,165.00,165.00,164.048
798,2013-07-02,WIL.L,165.00,148.474,1500,165.00,163.25,163.00
799,2013-07-01,WIL.L,165.264,151.43,400,165.00,166.50,165.00
800,2013-06-28,WIL.L,165.60,149.838,123800,163.00,164.75,162.50
801,2013-06-27,WIL.L,168.00,150.066,7600,168.00,165.00,161.00
802,2013-06-26,WIL.L,167.00,149.156,17600,165.00,164.00,161.80
803,2013-06-25,WIL.L,167.00,150.52,000,167.00,165.50,167.00
804,2013-06-24,WIL.L,166.00,146.655,25500,165.00,161.25,161.25
805,2013-06-21,WIL.L,165.00,145.746,901200,165.00,160.25,160.25
806,2013-06-20,WIL.L,163.50,147.792,6000,160.00,162.50,160.00
807,2013-06-19,WIL.L,162.00,147.337,700,162.00,162.00,161.00
808,2013-06-18,WIL.L,162.50,143.699,2200,160.00,158.00,158.00
809,2013-06-17,WIL.L,165.00,145.518,4300,165.00,160.00,160.00
810,2013-06-14,WIL.L,162.00,143.699,3300,162.00,158.00,158.00
811,2013-06-13,WIL.L,163.50,148.701,000,163.50,163.50,163.50
812,2013-06-12,WIL.L,165.00,148.474,49800,165.00,163.25,163.25
813,2013-06-11,WIL.L,163.32,148.701,5500,163.32,163.50,162.309
814,2013-06-10,WIL.L,163.75,148.929,11300,162.00,163.75,158.00
815,2013-06-07,WIL.L,160.00,146.882,9800,160.00,161.50,158.50
816,2013-06-06,WIL.L,166.20,147.11,13900,162.00,161.75,160.00
817,2013-06-05,WIL.L,163.50,148.019,7100,163.50,162.75,163.50
818,2013-06-04,WIL.L,167.00,149.611,9000,167.00,164.50,162.143
819,2013-06-03,WIL.L,164.85,148.701,1300,164.85,163.50,164.85
820,2013-05-31,WIL.L,161.64,148.701,000,161.64,163.50,161.64
821,2013-05-30,WIL.L,162.00,146.428,2300,162.00,161.00,162.00
822,2013-05-29,WIL.L,164.50,147.11,7200,163.375,161.75,159.54
823,2013-05-28,WIL.L,162.00,146.428,300,162.00,161.00,159.813
824,2013-05-27,WIL.L,160.00,145.518,000,160.00,160.00,160.00
825,2013-05-24,WIL.L,163.00,145.518,7400,163.00,160.00,160.00
826,2013-05-23,WIL.L,160.00,145.518,6800,158.00,160.00,154.50
827,2013-05-22,WIL.L,156.75,141.88,3200,156.75,156.00,154.25
828,2013-05-21,WIL.L,158.00,143.699,9600,155.00,158.00,153.00
829,2013-05-20,WIL.L,157.00,142.79,12500,153.00,157.00,153.00
830,2013-05-17,WIL.L,155.00,139.152,13600,155.00,153.00,151.00
831,2013-05-16,WIL.L,152.167,140.061,9000,152.167,154.00,152.167
832,2013-05-15,WIL.L,158.75,144.381,13500,152.00,158.75,152.00
833,2013-05-14,WIL.L,158.00,142.335,18800,153.00,156.50,153.00
834,2013-05-13,WIL.L,156.50,141.88,53900,155.00,156.00,153.10
835,2013-05-10,WIL.L,154.00,140.061,194400,153.00,154.00,153.00
836,2013-05-09,WIL.L,153.606,140.061,1000,153.606,154.00,153.606
837,2013-05-08,WIL.L,154.00,140.061,000,154.00,154.00,154.00
838,2013-05-07,WIL.L,153.00,137.787,2100,153.00,151.50,151.50
839,2013-05-06,WIL.L,155.00,140.971,000,155.00,155.00,155.00
840,2013-05-03,WIL.L,155.60,140.971,388800,155.00,155.00,150.00
841,2013-05-02,WIL.L,157.385,142.79,7600,153.00,157.00,153.00
842,2013-05-01,WIL.L,151.00,136.878,1100,150.00,150.50,150.00
843,2013-04-30,WIL.L,151.00,137.333,3000,150.00,151.00,150.00
844,2013-04-29,WIL.L,148.00,133.695,30500,147.50,147.00,145.00
845,2013-04-26,WIL.L,145.00,132.785,118600,145.00,146.00,145.00
846,2013-04-25,WIL.L,144.00,131.194,13500,144.00,144.25,142.50
847,2013-04-24,WIL.L,144.00,130.966,27400,144.00,144.00,142.00
848,2013-04-23,WIL.L,148.00,130.966,47100,148.00,144.00,137.50
849,2013-04-22,WIL.L,148.00,134.377,188700,148.00,147.75,146.25
850,2013-04-19,WIL.L,152.00,138.242,5900,147.00,152.00,146.00
851,2013-04-18,WIL.L,150.00,136.423,100,150.00,150.00,150.00
852,2013-04-17,WIL.L,153.00,137.787,46100,150.00,151.50,147.00
853,2013-04-16,WIL.L,153.00,136.423,5900,153.00,150.00,150.00
854,2013-04-15,WIL.L,153.00,139.152,600,153.00,153.00,153.00
855,2013-04-12,WIL.L,160.00,135.969,24000,160.00,149.50,150.00
856,2013-04-11,WIL.L,157.00,141.88,3000,154.00,156.00,154.00
857,2013-04-10,WIL.L,156.00,139.152,106700,156.00,153.00,153.00
858,2013-04-09,WIL.L,160.00,141.88,3900,160.00,156.00,154.40
859,2013-04-08,WIL.L,160.00,142.335,16400,160.00,156.50,155.00
860,2013-04-05,WIL.L,162.00,147.337,8100,155.25,162.00,155.25
861,2013-04-04,WIL.L,161.25,146.655,7300,156.40,161.25,155.00
862,2013-04-03,WIL.L,157.20,144.609,000,157.20,159.00,157.20
863,2013-04-02,WIL.L,161.50,146.882,9600,158.00,161.50,158.00
864,2013-04-01,WIL.L,161.75,147.11,000,161.75,161.75,161.75
865,2013-03-29,WIL.L,161.75,147.11,000,161.75,161.75,161.75
866,2013-03-28,WIL.L,161.75,147.11,49100,158.00,161.75,158.00
867,2013-03-27,WIL.L,162.00,145.518,10000,162.00,160.00,159.00
868,2013-03-26,WIL.L,162.00,145.518,12300,162.00,160.00,158.00
869,2013-03-25,WIL.L,162.00,146.428,9500,162.00,161.00,160.00
870,2013-03-22,WIL.L,163.00,146.655,676600,159.50,161.25,159.50
871,2013-03-21,WIL.L,156.40,143.244,1500,156.40,157.50,156.40
872,2013-03-20,WIL.L,163.00,143.699,520000,160.00,158.00,157.50
873,2013-03-19,WIL.L,158.00,143.699,28700,158.00,158.00,157.00
874,2013-03-18,WIL.L,162.00,147.337,32800,158.80,162.00,158.12
875,2013-03-15,WIL.L,162.00,147.337,28300,157.00,162.00,153.00
876,2013-03-14,WIL.L,157.00,142.79,48300,155.00,157.00,152.00
877,2013-03-13,WIL.L,156.982,140.971,7200,155.00,155.00,155.00
878,2013-03-12,WIL.L,160.00,142.335,5000,154.40,160.00,154.40
879,2013-03-11,WIL.L,160.00,142.335,1028000,157.00,160.00,157.00
880,2013-03-08,WIL.L,159.00,141.89,3700,159.00,159.50,159.00
881,2013-03-07,WIL.L,159.50,139.666,168500,157.50,157.00,157.00
882,2013-03-06,WIL.L,159.00,141.445,6700,155.00,159.00,155.00
883,2013-03-05,WIL.L,159.75,142.113,5300,157.60,159.75,157.00
884,2013-03-04,WIL.L,160.90,141.001,23000,160.00,158.50,155.75
885,2013-03-01,WIL.L,160.00,140.556,46300,160.00,158.00,157.50
886,2013-02-28,WIL.L,162.15,141.89,8000,162.15,159.50,158.10
887,2013-02-27,WIL.L,160.00,142.335,21100,158.00,160.00,157.00
888,2013-02-26,WIL.L,162.10,140.556,42300,160.00,158.00,156.20
889,2013-02-25,WIL.L,160.00,142.335,2400,160.00,160.00,160.00
890,2013-02-22,WIL.L,163.192,142.335,2700,163.192,160.00,160.00
891,2013-02-21,WIL.L,163.00,142.557,6700,163.00,160.25,160.25
892,2013-02-20,WIL.L,168.00,145.893,48300,158.00,164.00,158.00
893,2013-02-19,WIL.L,159.40,140.556,57300,158.00,158.00,157.45
894,2013-02-18,WIL.L,158.00,138.777,7200,158.00,156.00,156.00
895,2013-02-15,WIL.L,158.00,139.666,1500,158.00,157.00,156.35
896,2013-02-14,WIL.L,158.00,139.666,5100,158.00,157.00,156.50
897,2013-02-13,WIL.L,157.50,139.666,8400,157.50,157.00,156.60
898,2013-02-12,WIL.L,157.50,140.111,3200,157.00,157.50,155.40
899,2013-02-11,WIL.L,157.00,139.666,3900,157.00,157.00,155.00
900,2013-02-08,WIL.L,157.50,140.111,30200,155.00,157.50,155.00
901,2013-02-07,WIL.L,154.00,136.553,14400,151.50,153.50,149.00
902,2013-02-06,WIL.L,150.00,130.993,20200,146.00,147.25,146.00
903,2013-02-05,WIL.L,148.50,130.77,3600,147.00,147.00,147.00
904,2013-02-04,WIL.L,147.212,132.105,2100,147.212,148.50,147.212
905,2013-02-01,WIL.L,148.00,131.66,000,148.00,148.00,148.00
906,2013-01-31,WIL.L,148.00,131.66,000,148.00,148.00,148.00
907,2013-01-30,WIL.L,146.44,131.66,9000,146.25,148.00,146.25
908,2013-01-29,WIL.L,149.25,132.772,24000,146.25,149.25,146.25
909,2013-01-28,WIL.L,150.75,132.994,41400,150.75,149.50,146.00
910,2013-01-25,WIL.L,155.50,135.997,62000,154.00,152.875,150.963
911,2013-01-24,WIL.L,157.00,136.997,131600,154.00,154.00,153.00
912,2013-01-23,WIL.L,158.50,139.666,700,158.50,157.00,155.50
913,2013-01-22,WIL.L,158.75,141.223,17800,155.08,158.75,158.75
914,2013-01-21,WIL.L,158.00,136.997,24700,157.00,154.00,154.00
915,2013-01-18,WIL.L,162.25,141.557,18800,162.25,159.125,157.00
916,2013-01-17,WIL.L,158.313,142.001,1400,158.313,159.625,158.313
917,2013-01-16,WIL.L,160.00,139.666,51600,156.00,157.00,156.00
918,2013-01-15,WIL.L,160.00,142.335,55400,159.95,160.00,157.00
919,2013-01-14,WIL.L,157.945,141.001,13800,157.00,158.50,157.00
920,2013-01-11,WIL.L,162.25,139.889,15200,162.25,157.25,157.00
921,2013-01-10,WIL.L,161.988,142.335,8000,161.00,160.00,157.78
922,2013-01-09,WIL.L,162.00,141.001,40600,161.00,158.50,159.85
923,2013-01-08,WIL.L,162.00,140.556,45700,160.00,158.00,158.00
924,2013-01-07,WIL.L,160.00,139.444,19600,160.00,156.75,155.00
925,2013-01-04,WIL.L,159.25,141.668,102100,157.00,159.25,156.25
926,2013-01-03,WIL.L,159.30,141.223,13900,156.00,158.75,156.00
927,2013-01-02,WIL.L,155.85,137.442,9400,154.75,154.50,153.00
928,2013-01-01,WIL.L,153.50,136.553,000,153.50,153.50,153.50
929,2012-12-31,WIL.L,155.00,136.553,3800,155.00,153.50,155.00
930,2012-12-28,WIL.L,157.00,136.553,11900,154.75,153.50,154.75
931,2012-12-27,WIL.L,156.00,136.553,4500,156.00,153.50,156.00
932,2012-12-26,WIL.L,151.00,134.329,000,151.00,151.00,151.00
933,2012-12-25,WIL.L,151.00,134.329,000,151.00,151.00,151.00
934,2012-12-24,WIL.L,155.50,134.329,10800,150.75,151.00,150.75
935,2012-12-21,WIL.L,157.00,135.885,60200,149.00,152.75,149.00
936,2012-12-20,WIL.L,149.85,127.212,1500,142.00,143.00,142.00
937,2012-12-19,WIL.L,149.75,133.217,3500,149.85,149.75,144.00
938,2012-12-18,WIL.L,150.00,133.439,6600,142.00,150.00,142.00
939,2012-12-17,WIL.L,149.85,130.103,13500,149.308,146.25,146.25
940,2012-12-14,WIL.L,144.556,128.324,25200,143.00,144.25,140.938
941,2012-12-13,WIL.L,143.00,126.211,3100,143.00,141.875,143.00
942,2012-12-12,WIL.L,143.00,126.767,5700,142.60,142.50,142.60
943,2012-12-11,WIL.L,143.556,126.545,27000,143.00,142.25,140.50
944,2012-12-10,WIL.L,143.964,127.212,12900,143.964,143.00,143.00
945,2012-12-07,WIL.L,143.75,127.212,25500,140.00,143.00,140.00
946,2012-12-06,WIL.L,143.50,126.322,89400,141.212,142.00,140.65
947,2012-12-05,WIL.L,143.75,127.879,17900,140.00,143.75,140.00
948,2012-12-04,WIL.L,144.00,128.101,18300,142.00,144.00,141.00
949,2012-12-03,WIL.L,140.25,126.433,2500,140.25,142.125,140.25
950,2012-11-30,WIL.L,144.00,127.657,2600,144.00,143.50,141.00
951,2012-11-29,WIL.L,143.556,126.322,000,143.556,142.00,143.556
952,2012-11-28,WIL.L,144.00,126.322,13400,143.00,142.00,140.00
953,2012-11-27,WIL.L,143.00,125.877,12100,143.00,141.50,141.00
954,2012-11-26,WIL.L,143.00,125.877,4000,143.00,141.50,141.125
955,2012-11-23,WIL.L,142.42,125.655,132300,141.00,141.25,140.00
956,2012-11-22,WIL.L,141.00,124.098,2200,141.00,139.50,140.667
957,2012-11-21,WIL.L,141.00,124.543,12900,141.00,140.00,139.00
958,2012-11-20,WIL.L,143.00,127.212,29400,141.00,143.00,138.85
959,2012-11-19,WIL.L,141.175,124.543,1627400,140.00,140.00,136.25
960,2012-11-16,WIL.L,138.00,122.764,12300,137.50,138.00,135.80
961,2012-11-15,WIL.L,138.00,122.319,33800,135.00,137.50,135.00
962,2012-11-14,WIL.L,138.333,121.429,46600,135.00,136.50,135.00
963,2012-11-13,WIL.L,138.678,122.541,48300,138.00,137.75,134.002
964,2012-11-12,WIL.L,138.00,122.541,131100,133.00,137.75,132.50
965,2012-11-09,WIL.L,137.00,120.54,97200,135.00,135.50,132.00
966,2012-11-08,WIL.L,135.00,119.206,17500,135.00,134.00,131.00
967,2012-11-07,WIL.L,135.00,116.982,29400,135.00,131.50,131.00
968,2012-11-06,WIL.L,135.00,120.095,7800,133.50,135.00,131.00
969,2012-11-05,WIL.L,135.00,120.095,2600,133.50,135.00,131.05
970,2012-11-02,WIL.L,133.50,118.316,3300,133.50,133.00,131.80
971,2012-11-01,WIL.L,134.75,118.094,42400,134.75,132.75,131.00
972,2012-10-31,WIL.L,135.00,113.646,267700,130.75,127.75,127.75
973,2012-10-30,WIL.L,134.75,118.427,43400,132.00,133.125,132.00
974,2012-10-29,WIL.L,129.80,115.425,18600,128.00,129.75,128.00
975,2012-10-26,WIL.L,130.00,115.647,83700,130.00,130.00,128.82
976,2012-10-25,WIL.L,134.00,117.426,254400,134.00,132.00,129.25
977,2012-10-24,WIL.L,138.182,120.095,15200,134.00,135.00,134.00
978,2012-10-23,WIL.L,136.00,119.428,29200,136.00,134.25,134.00
979,2012-10-22,WIL.L,137.80,119.873,34400,135.00,134.75,134.00
980,2012-10-19,WIL.L,137.50,121.429,18700,135.00,136.50,135.00
981,2012-10-18,WIL.L,138.192,120.54,43600,135.00,135.50,134.50
982,2012-10-17,WIL.L,141.25,119.206,35000,138.00,134.00,134.00
983,2012-10-16,WIL.L,146.00,120.54,68700,145.75,139.00,139.00
984,2012-10-15,WIL.L,146.002,119.673,109400,142.00,138.00,138.00
985,2012-10-12,WIL.L,142.00,122.925,94800,142.00,141.75,137.964
986,2012-10-11,WIL.L,140.00,116.204,621600,136.00,134.00,134.00
987,2012-10-10,WIL.L,132.75,114.903,3229400,132.00,132.50,129.14
988,2012-10-09,WIL.L,138.00,112.735,45700,137.50,130.00,130.00
989,2012-10-08,WIL.L,137.272,117.505,25200,137.00,135.50,133.00
990,2012-10-05,WIL.L,138.00,115.337,34200,131.75,133.00,131.75
991,2012-10-04,WIL.L,132.00,112.302,15000,130.00,129.50,129.00
992,2012-10-03,WIL.L,130.00,112.735,20300,127.50,130.00,124.50
993,2012-10-02,WIL.L,127.00,108.399,7700,123.00,125.00,123.00
994,2012-10-01,WIL.L,126.88,108.399,1800,123.00,125.00,123.00
995,2012-09-28,WIL.L,126.975,107.532,99500,124.00,124.00,123.00
996,2012-09-27,WIL.L,124.00,106.882,67600,121.25,123.25,121.00
997,2012-09-26,WIL.L,124.625,104.93,48900,122.25,121.00,120.50
998,2012-09-25,WIL.L,126.00,106.014,43300,122.00,122.25,122.00
999,2012-09-24,WIL.L,122.00,104.063,14100,122.00,120.00,117.49
1000,2012-09-21,WIL.L,121.774,105.581,40100,121.50,121.75,117.25
1001,2012-09-20,WIL.L,117.50,103.196,10600,116.25,119.00,116.25
1002,2012-09-19,WIL.L,121.00,100.811,25100,116.00,116.25,116.00
1003,2012-09-18,WIL.L,120.00,101.462,221800,114.00,117.00,114.00
1004,2012-09-17,WIL.L,114.00,94.09,83400,108.00,108.50,108.00
1005,2012-09-14,WIL.L,110.00,94.741,174100,107.00,109.25,106.44
1006,2012-09-13,WIL.L,109.50,93.007,37000,109.00,107.25,107.25
1007,2012-09-12,WIL.L,108.74,93.657,66900,108.00,108.00,105.464
1008,2012-09-11,WIL.L,107.00,92.356,7100,105.00,106.50,104.63
1009,2012-09-10,WIL.L,106.75,92.573,6200,105.00,106.75,103.111
1010,2012-09-07,WIL.L,108.00,93.657,294000,105.00,108.00,103.00
1011,2012-09-06,WIL.L,106.00,90.405,9600,105.00,104.25,104.00
1012,2012-09-05,WIL.L,107.25,92.248,63500,107.25,106.375,103.00
1013,2012-09-04,WIL.L,108.00,92.356,900,108.00,106.50,105.75
1014,2012-09-03,WIL.L,105.00,92.356,3800,105.00,106.50,105.00
1015,2012-08-31,WIL.L,108.00,93.657,25700,105.00,108.00,103.298
1016,2012-08-30,WIL.L,106.50,92.356,000,106.50,106.50,106.50
1017,2012-08-29,WIL.L,106.625,91.706,22300,106.00,105.75,103.00
1018,2012-08-28,WIL.L,104.788,89.971,3800,104.788,103.75,102.65
1019,2012-08-27,WIL.L,103.625,89.863,000,103.625,103.625,103.625
1020,2012-08-24,WIL.L,105.00,89.863,9700,101.50,103.625,101.50
1021,2012-08-23,WIL.L,102.75,89.755,300,102.75,103.50,102.75
1022,2012-08-22,WIL.L,103.00,89.321,300,103.00,103.00,103.00
1023,2012-08-21,WIL.L,105.091,90.188,7800,104.00,104.00,104.00
1024,2012-08-20,WIL.L,105.25,90.188,43300,103.85,104.00,103.85
1025,2012-08-17,WIL.L,104.85,90.839,343800,103.00,104.75,102.517
1026,2012-08-16,WIL.L,105.00,89.321,21200,105.00,103.00,103.853
1027,2012-08-15,WIL.L,104.00,90.188,5300,101.857,104.00,101.857
1028,2012-08-14,WIL.L,105.00,88.454,485300,104.00,102.00,101.029
1029,2012-08-13,WIL.L,105.00,88.887,142600,104.00,102.50,102.00
1030,2012-08-10,WIL.L,102.00,89.321,304200,102.00,103.00,102.00
1031,2012-08-09,WIL.L,104.00,90.188,21600,101.00,104.00,100.66
1032,2012-08-08,WIL.L,102.94,88.454,254900,102.00,102.00,100.00
1033,2012-08-07,WIL.L,100.00,86.719,43000,102.88,100.00,100.00
1034,2012-08-06,WIL.L,103.00,89.321,246100,102.75,103.00,98.143
1035,2012-08-03,WIL.L,102.00,88.454,11900,101.182,102.00,98.429
1036,2012-08-02,WIL.L,102.88,86.286,10200,100.92,99.50,100.92
1037,2012-08-01,WIL.L,100.00,84.118,576000,98.00,97.00,96.15
1038,2012-07-31,WIL.L,97.00,84.118,31100,88.00,97.00,88.00
1039,2012-07-30,WIL.L,93.00,80.649,1100,94.30,93.00,93.00
1040,2012-07-27,WIL.L,95.00,82.383,6300,90.75,95.00,90.121
1041,2012-07-26,WIL.L,91.25,79.131,000,91.25,91.25,91.25
1042,2012-07-25,WIL.L,95.00,79.131,8800,95.00,91.25,91.25
1043,2012-07-24,WIL.L,88.00,76.313,200,88.00,88.00,88.00
1044,2012-07-23,WIL.L,91.00,78.915,1300,89.00,91.00,89.00
1045,2012-07-20,WIL.L,95.00,77.18,533700,88.00,89.00,88.00
1046,2012-07-19,WIL.L,95.00,78.915,13600,93.00,91.00,88.50
1047,2012-07-18,WIL.L,89.00,75.879,58900,82.00,87.50,82.00
1048,2012-07-17,WIL.L,87.40,71.11,62900,82.50,82.00,82.00
1049,2012-07-16,WIL.L,87.725,71.543,36200,82.50,82.50,82.50
1050,2012-07-13,WIL.L,88.00,73.711,15700,82.50,85.00,82.50
1051,2012-07-12,WIL.L,87.45,71.543,2900,82.50,82.50,82.50
1052,2012-07-11,WIL.L,87.45,71.543,9600,83.00,82.50,82.50
1053,2012-07-10,WIL.L,86.00,71.977,1200,83.00,83.00,83.00
1054,2012-07-09,WIL.L,86.00,71.977,4800,83.00,83.00,83.00
1055,2012-07-06,WIL.L,86.65,71.977,26400,82.50,83.00,82.50
1056,2012-07-05,WIL.L,87.50,71.543,97800,84.00,82.50,82.50
1057,2012-07-04,WIL.L,87.99,72.844,48600,82.50,84.00,82.50
1058,2012-07-03,WIL.L,86.00,72.844,11600,83.00,84.00,83.00
1059,2012-07-02,WIL.L,88.25,71.977,19700,83.00,83.00,83.00
1060,2012-06-29,WIL.L,88.25,75.012,3800,88.25,86.50,88.25
1061,2012-06-28,WIL.L,83.375,71.977,900,83.375,83.00,83.00
1062,2012-06-27,WIL.L,83.00,71.977,100,83.00,83.00,83.00
1063,2012-06-26,WIL.L,86.625,75.121,000,86.625,86.625,86.625
1064,2012-06-25,WIL.L,86.625,75.121,000,86.625,86.625,86.625
1065,2012-06-22,WIL.L,88.00,75.121,17200,84.50,86.625,84.00
1066,2012-06-21,WIL.L,88.00,73.278,61100,85.00,84.50,84.50
1067,2012-06-20,WIL.L,89.75,74.362,526600,89.75,85.75,85.00
1068,2012-06-19,WIL.L,86.25,74.795,000,86.25,86.25,86.25
1069,2012-06-18,WIL.L,90.75,74.795,24900,90.50,86.25,85.00
1070,2012-06-15,WIL.L,92.75,78.047,81300,92.00,90.00,85.00
1071,2012-06-14,WIL.L,91.00,76.747,30100,90.00,88.50,86.00
1072,2012-06-13,WIL.L,93.50,77.722,21500,92.00,89.625,90.00
1073,2012-06-12,WIL.L,90.00,75.229,40000,86.00,86.75,86.00
1074,2012-06-11,WIL.L,90.00,75.229,24500,86.00,86.75,86.00
1075,2012-06-08,WIL.L,86.00,74.579,300,86.00,86.00,86.00
1076,2012-06-07,WIL.L,91.25,75.663,33600,91.25,87.25,86.00
1077,2012-06-06,WIL.L,90.75,78.698,7400,90.00,90.75,90.00
1078,2012-06-05,WIL.L,92.125,79.89,000,92.125,92.125,92.125
1079,2012-06-04,WIL.L,92.125,79.89,000,92.125,92.125,92.125
1080,2012-06-01,WIL.L,93.50,79.89,13900,90.50,92.125,90.50
1081,2012-05-31,WIL.L,94.50,80.215,14600,94.50,92.50,92.50
1082,2012-05-30,WIL.L,95.191,80.649,13200,92.50,93.00,92.50
1083,2012-05-29,WIL.L,95.50,81.733,28100,92.50,94.25,92.50
1084,2012-05-28,WIL.L,96.90,81.733,8200,92.50,94.25,92.50
1085,2012-05-25,WIL.L,96.50,82.60,9600,92.50,95.25,92.50
1086,2012-05-24,WIL.L,96.00,82.492,7600,92.50,95.125,92.50
1087,2012-05-23,WIL.L,93.25,80.866,26800,92.50,93.25,92.50
1088,2012-05-22,WIL.L,93.00,82.383,79100,93.00,95.00,93.00
1089,2012-05-21,WIL.L,96.25,81.625,34700,93.00,94.125,93.00
1090,2012-05-18,WIL.L,97.50,81.516,70000,95.00,94.00,92.75
1091,2012-05-17,WIL.L,97.50,83.034,12300,93.75,95.75,93.00
1092,2012-05-16,WIL.L,98.75,82.817,15700,98.00,95.50,94.00
1093,2012-05-15,WIL.L,99.00,83.684,30300,94.00,96.50,94.00
1094,2012-05-14,WIL.L,99.237,85.202,210200,97.00,98.25,96.00
1095,2012-05-11,WIL.L,97.00,82.383,7200,93.00,95.00,93.00
1096,2012-05-10,WIL.L,96.90,82.383,4800,93.50,95.00,93.50
1097,2012-05-09,WIL.L,95.00,82.383,3800,93.75,95.00,93.75
1098,2012-05-08,WIL.L,96.794,83.251,35600,96.00,96.00,95.00
1099,2012-05-07,WIL.L,96.25,83.467,000,96.25,96.25,96.25
1100,2012-05-04,WIL.L,98.035,83.467,5700,96.00,96.25,96.00
1101,2012-05-03,WIL.L,99.776,84.118,8200,96.00,97.00,96.00
1102,2012-05-02,WIL.L,102.00,84.985,24500,99.50,98.00,96.00
1103,2012-05-01,WIL.L,101.667,85.852,22000,97.427,99.00,97.00
1104,2012-04-30,WIL.L,96.00,82.383,45500,95.00,95.00,91.30
1105,2012-04-27,WIL.L,94.00,79.782,7097200,92.50,92.00,90.00
1106,2012-04-26,WIL.L,95.00,79.565,19500,93.75,91.75,91.25
1107,2012-04-25,WIL.L,94.609,79.565,3999600,92.00,91.75,88.25
1108,2012-04-24,WIL.L,89.75,77.831,1100,87.50,89.75,87.50
1109,2012-04-23,WIL.L,95.00,79.131,1600,95.00,91.25,89.45
1110,2012-04-20,WIL.L,95.108,79.131,32500,95.108,91.25,94.626
1111,2012-04-19,WIL.L,91.25,79.131,6500,91.113,91.25,91.113
1112,2012-04-18,WIL.L,94.375,79.131,29800,88.75,91.25,88.00
1113,2012-04-17,WIL.L,95.099,81.299,14400,93.50,93.75,90.25
1114,2012-04-16,WIL.L,96.85,83.576,15600,95.25,96.375,95.25
1115,2012-04-13,WIL.L,97.537,83.034,2900,97.537,95.75,95.75
1116,2012-04-12,WIL.L,98.485,82.383,1168400,95.00,95.00,93.50
1117,2012-04-11,WIL.L,100.00,84.551,900,100.00,97.50,100.00
1118,2012-04-10,WIL.L,98.50,83.684,85200,96.50,96.50,96.25
1119,2012-04-09,WIL.L,97.50,84.551,000,97.50,97.50,97.50
1120,2012-04-06,WIL.L,97.50,84.551,000,97.50,97.50,97.50
1121,2012-04-05,WIL.L,99.50,84.551,400,99.50,97.50,99.50
1122,2012-04-04,WIL.L,99.90,84.768,7400,99.90,97.75,96.80
1123,2012-04-03,WIL.L,97.51,84.335,75400,97.00,97.25,95.90
1124,2012-04-02,WIL.L,99.566,83.251,15400,95.50,96.00,95.50
1125,2012-03-30,WIL.L,98.25,85.202,110600,96.00,98.25,96.00
1126,2012-03-29,WIL.L,96.199,81.95,13300,96.00,94.50,94.85
1127,2012-03-28,WIL.L,97.25,84.335,000,97.25,97.25,97.25
1128,2012-03-27,WIL.L,97.25,84.335,3000,97.00,97.25,97.00
1129,2012-03-26,WIL.L,98.00,84.985,11100,99.50,98.00,97.01
1130,2012-03-23,WIL.L,100.00,86.719,109000,98.50,100.00,98.261
1131,2012-03-22,WIL.L,100.00,84.985,401500,100.00,98.00,98.00
1132,2012-03-21,WIL.L,100.209,85.852,50800,96.25,99.00,96.25
1133,2012-03-20,WIL.L,101.00,87.587,35800,101.00,101.00,98.602
1134,2012-03-19,WIL.L,98.50,84.985,5000,96.00,98.00,96.00
1135,2012-03-16,WIL.L,100.00,83.901,7800,96.00,96.75,96.00
1136,2012-03-15,WIL.L,100.551,85.635,10700,98.00,98.75,96.00
1137,2012-03-14,WIL.L,98.50,85.419,5700,101.241,98.50,97.50
1138,2012-03-13,WIL.L,102.00,84.431,849700,102.00,101.25,100.00
1139,2012-03-12,WIL.L,102.00,81.095,21900,96.25,97.25,96.25
1140,2012-03-09,WIL.L,100.513,81.512,3200,99.485,97.75,97.75
1141,2012-03-08,WIL.L,102.00,82.555,562800,102.00,99.00,97.50
1142,2012-03-07,WIL.L,102.325,82.555,33800,98.45,99.00,97.00
1143,2012-03-06,WIL.L,103.00,84.222,868300,101.00,101.00,100.00
1144,2012-03-05,WIL.L,108.00,87.141,14300,108.00,104.50,103.757
1145,2012-03-02,WIL.L,108.00,88.392,142600,98.00,106.00,96.00
1146,2012-03-01,WIL.L,95.55,79.219,32800,95.00,95.00,93.30
1147,2012-02-29,WIL.L,94.70,75.884,3581200,91.80,91.00,90.00
1148,2012-02-28,WIL.L,92.428,74.424,214100,87.00,89.25,83.175
1149,2012-02-27,WIL.L,87.40,71.714,226900,86.687,86.00,85.00
1150,2012-02-24,WIL.L,87.00,72.131,11800,87.00,86.50,85.10
1151,2012-02-23,WIL.L,86.00,72.131,6500,85.30,86.50,85.30
1152,2012-02-22,WIL.L,86.80,72.131,12900,86.246,86.50,86.15
1153,2012-02-21,WIL.L,86.50,71.714,26100,83.00,86.00,83.00
1154,2012-02-20,WIL.L,86.00,70.359,343900,86.00,84.375,82.50
1155,2012-02-17,WIL.L,88.261,70.672,88900,86.50,84.75,80.00
1156,2012-02-16,WIL.L,82.75,70.255,141800,82.50,84.25,81.50
1157,2012-02-15,WIL.L,84.75,70.672,1184300,83.25,84.75,82.50
1158,2012-02-14,WIL.L,85.60,69.421,8600,85.60,83.25,82.75
1159,2012-02-13,WIL.L,84.80,69.629,208600,83.50,83.50,82.90
1160,2012-02-10,WIL.L,85.00,69.629,11700,85.00,83.50,82.50
1161,2012-02-09,WIL.L,85.65,70.255,500,85.65,84.25,84.25
1162,2012-02-08,WIL.L,86.50,70.255,120300,86.50,84.25,82.50
1163,2012-02-07,WIL.L,85.00,69.838,5100,85.00,83.75,83.00
1164,2012-02-06,WIL.L,83.50,69.629,73700,83.50,83.50,81.00
1165,2012-02-03,WIL.L,83.50,67.128,15700,81.00,80.50,80.80
1166,2012-02-02,WIL.L,80.625,66.502,12100,80.25,79.75,80.25
1167,2012-02-01,WIL.L,80.25,66.085,7800,80.25,79.25,79.25
1168,2012-01-31,WIL.L,80.10,66.294,4000,78.00,79.50,78.00
1169,2012-01-30,WIL.L,79.80,66.294,400,79.80,79.50,79.80
1170,2012-01-27,WIL.L,80.50,65.46,27300,80.40,78.50,79.01
1171,2012-01-26,WIL.L,81.00,65.46,46700,79.00,78.50,79.00
1172,2012-01-25,WIL.L,80.40,66.294,267600,80.00,79.50,79.00
1173,2012-01-24,WIL.L,80.80,67.128,8600,80.00,80.50,80.00
1174,2012-01-23,WIL.L,84.50,67.545,30000,82.00,81.00,80.00
1175,2012-01-20,WIL.L,85.50,70.046,12300,85.50,84.00,84.68
1176,2012-01-19,WIL.L,84.80,70.046,1800,83.00,84.00,83.00
1177,2012-01-18,WIL.L,81.75,68.17,3132800,81.50,81.75,81.50
1178,2012-01-17,WIL.L,84.65,69.838,000,84.65,83.75,84.65
1179,2012-01-16,WIL.L,85.50,69.838,800,85.50,83.75,85.50
1180,2012-01-13,WIL.L,84.65,69.838,1500,84.65,83.75,84.65
1181,2012-01-12,WIL.L,83.00,69.213,7300,82.25,83.00,82.25
1182,2012-01-11,WIL.L,83.50,69.629,1900,83.00,83.50,83.00
1183,2012-01-10,WIL.L,81.50,70.463,000,81.50,84.50,81.50
1184,2012-01-09,WIL.L,82.00,70.046,000,82.00,84.00,82.00
1185,2012-01-06,WIL.L,82.00,70.463,37100,82.00,84.50,82.00
1186,2012-01-05,WIL.L,82.50,70.463,10000,82.50,84.50,82.50
1187,2012-01-04,WIL.L,84.00,70.046,000,84.00,84.00,84.00
1188,2012-01-03,WIL.L,85.525,70.046,96600,85.525,84.00,82.00
1189,2012-01-02,WIL.L,85.00,70.88,000,85.00,85.00,85.00
1190,2011-12-30,WIL.L,82.00,70.88,000,82.00,85.00,82.00
1191,2011-12-29,WIL.L,85.45,69.213,12100,83.00,83.00,82.40
1192,2011-12-28,WIL.L,88.00,71.506,9100,83.00,85.75,83.00
1193,2011-12-27,WIL.L,85.75,71.506,000,85.75,85.75,85.75
1194,2011-12-26,WIL.L,85.75,71.506,000,85.75,85.75,85.75
1195,2011-12-23,WIL.L,85.75,71.506,000,84.25,85.75,84.25
1196,2011-12-22,WIL.L,85.00,70.88,8500,83.00,85.00,83.00
1197,2011-12-21,WIL.L,83.00,70.88,000,83.00,85.00,83.00
1198,2011-12-20,WIL.L,84.75,71.297,2700,84.00,85.50,83.00
1199,2011-12-19,WIL.L,85.50,71.297,000,84.00,85.50,84.00
1200,2011-12-16,WIL.L,88.00,70.046,10600,84.00,84.00,84.00
1201,2011-12-15,WIL.L,85.00,72.548,1400,84.00,87.00,84.00
1202,2011-12-14,WIL.L,90.00,72.34,14400,88.00,86.75,86.75
1203,2011-12-13,WIL.L,88.00,71.923,10100,88.00,86.25,86.00
1204,2011-12-12,WIL.L,87.00,70.88,3300,87.00,85.00,87.00
1205,2011-12-09,WIL.L,85.50,70.672,2000,85.50,84.75,84.75
1206,2011-12-08,WIL.L,84.25,70.255,800,84.25,84.25,84.25
1207,2011-12-07,WIL.L,84.50,70.672,12600,84.00,84.75,84.00
1208,2011-12-06,WIL.L,83.988,70.672,8000,83.988,84.75,83.988
1209,2011-12-05,WIL.L,85.00,70.88,200,85.00,85.00,85.00
1210,2011-12-02,WIL.L,82.50,71.089,2592000,82.50,85.25,82.50
1211,2011-12-01,WIL.L,85.25,71.089,300,85.25,85.25,85.25
1212,2011-11-30,WIL.L,84.25,70.255,1700,84.25,84.25,84.25
1213,2011-11-29,WIL.L,84.25,70.255,000,84.25,84.25,84.25
1214,2011-11-28,WIL.L,84.30,70.255,37400,84.00,84.25,84.00
1215,2011-11-25,WIL.L,83.00,69.838,25000,83.00,83.75,83.00
1216,2011-11-24,WIL.L,84.025,69.838,6500,83.50,83.75,83.00
1217,2011-11-23,WIL.L,84.00,70.046,100,84.00,84.00,84.00
1218,2011-11-22,WIL.L,85.243,70.672,1700,85.243,84.75,84.375
1219,2011-11-21,WIL.L,86.00,70.672,400,86.00,84.75,84.375
1220,2011-11-18,WIL.L,85.94,71.089,800,85.94,85.25,85.90
1221,2011-11-17,WIL.L,85.94,71.089,100,85.94,85.25,85.94
1222,2011-11-16,WIL.L,87.00,71.089,1700,87.00,85.25,87.00
1223,2011-11-15,WIL.L,85.00,71.089,2000,85.00,85.25,85.00
1224,2011-11-14,WIL.L,88.00,71.714,45000,88.00,86.00,85.00
1225,2011-11-11,WIL.L,89.40,72.965,1966500,89.40,87.50,85.00
1226,2011-11-10,WIL.L,88.00,72.548,500,88.00,87.00,88.00
1227,2011-11-09,WIL.L,91.00,72.548,100,91.00,87.00,87.16
1228,2011-11-08,WIL.L,90.90,74.007,5500,90.90,88.75,88.75
1229,2011-11-07,WIL.L,88.50,73.382,531400,87.124,88.00,87.124
1230,2011-11-04,WIL.L,88.00,73.382,000,88.00,88.00,88.00
1231,2011-11-03,WIL.L,89.00,74.737,3000,89.00,89.625,89.00
1232,2011-11-02,WIL.L,88.75,74.007,000,88.75,88.75,88.75
1233,2011-11-01,WIL.L,87.25,72.757,14100,85.942,87.25,85.942
1234,2011-10-31,WIL.L,88.50,73.382,156200,84.00,88.00,84.00
1235,2011-10-28,WIL.L,87.00,72.548,4300,84.00,87.00,84.00
1236,2011-10-27,WIL.L,91.00,73.382,2009000,84.00,88.00,84.00
1237,2011-10-26,WIL.L,88.50,73.799,000,88.50,88.50,88.50
1238,2011-10-25,WIL.L,87.00,72.548,13000,87.00,87.00,86.10
1239,2011-10-24,WIL.L,89.50,72.965,5500,85.90,87.50,85.90
1240,2011-10-21,WIL.L,87.50,73.382,25000,87.50,88.00,87.50
1241,2011-10-20,WIL.L,87.50,72.965,39400,87.00,87.50,86.50
1242,2011-10-19,WIL.L,91.00,72.965,422000,87.50,87.50,87.50
1243,2011-10-18,WIL.L,91.929,73.058,17200,90.00,91.50,88.50
1244,2011-10-17,WIL.L,92.00,71.461,8200,91.96,89.50,91.80
1245,2011-10-14,WIL.L,90.50,72.159,340000,90.50,90.375,90.50
1246,2011-10-13,WIL.L,89.50,71.461,200,89.50,89.50,89.50
1247,2011-10-12,WIL.L,91.85,72.259,9700,88.00,90.50,88.00
1248,2011-10-11,WIL.L,92.00,72.658,11200,90.00,91.00,90.00
1249,2011-10-10,WIL.L,89.00,71.062,000,89.00,89.00,89.00
1250,2011-10-07,WIL.L,91.00,71.062,15500,91.00,89.00,89.00
1251,2011-10-06,WIL.L,90.00,70.263,5000,90.00,88.00,90.00
1252,2011-10-05,WIL.L,90.00,70.862,50500,88.00,88.75,88.75
1253,2011-10-04,WIL.L,89.572,69.564,60500,88.00,87.125,84.50
1254,2011-10-03,WIL.L,93.775,73.257,76800,89.00,91.75,89.00
1255,2011-09-30,WIL.L,92.97,73.058,2000,92.97,91.50,92.97
1256,2011-09-29,WIL.L,93.85,74.056,15300,92.00,92.75,91.00
1257,2011-09-28,WIL.L,90.00,71.86,321500,88.00,90.00,88.00
1258,2011-09-27,WIL.L,90.00,70.662,25900,90.00,88.50,88.89
1259,2011-09-26,WIL.L,91.80,71.461,11700,90.00,89.50,89.90
1260,2011-09-23,WIL.L,90.30,71.461,20700,90.00,89.50,89.00
1261,2011-09-22,WIL.L,90.00,70.662,17400,88.00,88.50,88.00
1262,2011-09-21,WIL.L,93.00,72.459,110400,93.00,90.75,90.75
1263,2011-09-20,WIL.L,94.00,72.858,350200,90.00,91.25,90.00
1264,2011-09-19,WIL.L,85.50,68.267,000,85.50,85.50,85.50
1265,2011-09-16,WIL.L,85.00,65.872,221400,82.50,82.50,82.50
1266,2011-09-15,WIL.L,86.25,68.866,82000,85.00,86.25,83.75
1267,2011-09-14,WIL.L,83.25,66.47,1300,83.25,83.25,83.25
1268,2011-09-13,WIL.L,82.75,66.071,1200,82.75,82.75,82.75
1269,2011-09-12,WIL.L,87.50,68.067,30000,87.50,85.25,87.50
1270,2011-09-09,WIL.L,86.75,69.265,000,86.75,86.75,86.75
1271,2011-09-08,WIL.L,87.50,69.065,7200,86.50,86.50,86.50
1272,2011-09-07,WIL.L,89.00,70.063,8500,89.00,87.75,89.00
1273,2011-09-06,WIL.L,89.00,69.664,5900,89.00,87.25,87.00
1274,2011-09-05,WIL.L,91.00,69.864,24400,91.00,87.50,88.00
1275,2011-09-02,WIL.L,90.94,72.06,600,90.94,90.25,90.25
1276,2011-09-01,WIL.L,90.50,72.359,3900,90.00,90.625,90.00
1277,2011-08-31,WIL.L,92.00,71.96,18500,90.00,90.125,88.94
1278,2011-08-30,WIL.L,93.00,71.86,1600,93.00,90.00,92.775
1279,2011-08-26,WIL.L,90.00,71.86,280400,89.25,90.00,89.25
1280,2011-08-25,WIL.L,93.00,72.858,1700,93.00,91.25,90.00
1281,2011-08-24,WIL.L,93.00,73.058,5700,93.00,91.50,91.50
1282,2011-08-23,WIL.L,93.50,74.255,6900,93.50,93.00,93.00
1283,2011-08-22,WIL.L,95.00,75.653,42800,95.00,94.75,91.00
1284,2011-08-19,WIL.L,97.00,75.852,66700,97.00,95.00,92.50
1285,2011-08-18,WIL.L,102.50,76.052,45500,102.50,95.25,94.50
1286,2011-08-17,WIL.L,104.00,78.946,26800,104.00,98.875,98.00
1287,2011-08-16,WIL.L,104.00,79.645,800,104.00,99.75,99.25
1288,2011-08-15,WIL.L,102.50,79.844,338600,102.50,100.00,98.88
1289,2011-08-12,WIL.L,104.00,79.844,46900,104.00,100.00,100.00
1290,2011-08-11,WIL.L,107.25,83.837,000,107.25,105.00,105.00
1291,2011-08-10,WIL.L,104.00,81.441,13500,104.00,102.00,100.20
1292,2011-08-09,WIL.L,104.00,82.24,4800,103.75,103.00,103.00
1293,2011-08-08,WIL.L,106.517,81.641,37400,100.00,102.25,100.00
1294,2011-08-05,WIL.L,109.75,84.036,38900,108.75,105.25,104.00
1295,2011-08-04,WIL.L,113.50,86.432,4000,113.50,108.25,108.25
1296,2011-08-03,WIL.L,113.75,88.428,1500,111.25,110.75,108.50
1297,2011-08-02,WIL.L,112.25,88.428,3200,112.25,110.75,107.025
1298,2011-08-01,WIL.L,113.25,86.032,9100,113.25,107.75,106.50
1299,2011-07-29,WIL.L,114.75,88.627,1000,114.75,111.00,111.00
1300,2011-07-28,WIL.L,115.00,91.821,7700,111.00,115.00,110.00
