,High,Low,Open,Symbol,Close,Volume,Adj_Close,Date
0,737.00,727.00,727.50,KFX.L,735.00,655200,735.00,2015-03-30
1,736.50,730.00,731.00,KFX.L,733.00,1571400,733.00,2015-03-27
2,737.50,721.00,730.00,KFX.L,734.00,3960200,734.00,2015-03-26
3,740.00,505.66,733.00,KFX.L,732.50,763600,732.50,2015-03-25
4,509.50,490.00,490.00,KFX.L,503.00,81900,503.00,2015-03-24
5,508.50,491.63,499.00,KFX.L,500.00,37800,500.00,2015-03-23
6,510.00,486.50,494.25,KFX.L,510.00,60000,510.00,2015-03-20
7,504.50,480.00,488.00,KFX.L,496.25,57900,496.25,2015-03-19
8,496.00,491.00,493.00,KFX.L,494.00,29600,494.00,2015-03-18
9,494.75,492.00,492.00,KFX.L,492.50,13100,492.50,2015-03-17
10,515.00,488.53,510.00,KFX.L,495.25,31700,495.25,2015-03-16
11,501.00,465.75,481.50,KFX.L,500.50,57000,500.50,2015-03-13
12,480.00,461.00,461.00,KFX.L,478.75,36000,478.75,2015-03-12
13,455.00,436.30,445.25,KFX.L,452.75,27400,452.75,2015-03-11
14,456.00,440.00,456.00,KFX.L,444.00,32700,444.00,2015-03-10
15,455.00,441.38,452.00,KFX.L,451.75,40800,451.75,2015-03-09
16,458.00,438.50,438.75,KFX.L,450.25,34800,450.25,2015-03-06
17,449.50,436.25,446.25,KFX.L,449.00,19500,449.00,2015-03-05
18,443.71,430.00,430.00,KFX.L,440.00,27500,440.00,2015-03-04
19,446.12,430.00,430.00,KFX.L,439.50,72800,439.50,2015-03-03
20,441.25,434.75,439.00,KFX.L,438.50,22700,438.50,2015-03-02
21,442.00,433.35,439.25,KFX.L,442.00,12000,442.00,2015-02-27
22,440.00,417.88,427.00,KFX.L,438.00,79300,438.00,2015-02-26
23,440.50,432.00,440.00,KFX.L,436.75,14400,436.75,2015-02-25
24,444.00,431.75,431.75,KFX.L,437.00,45300,437.00,2015-02-24
25,437.75,432.50,435.25,KFX.L,437.50,28700,437.50,2015-02-23
26,443.00,437.33,440.50,KFX.L,439.00,33300,439.00,2015-02-20
27,444.00,436.25,440.00,KFX.L,440.75,27900,440.75,2015-02-19
28,450.27,441.75,442.25,KFX.L,441.75,60700,441.75,2015-02-18
29,451.75,435.88,445.50,KFX.L,446.375,43700,446.375,2015-02-17
30,453.00,445.00,453.00,KFX.L,448.875,9400,448.875,2015-02-16
31,454.50,443.00,448.50,KFX.L,450.25,36100,450.25,2015-02-13
32,458.00,449.54,451.75,KFX.L,452.50,20400,452.50,2015-02-12
33,457.75,453.75,454.75,KFX.L,457.00,5800,457.00,2015-02-11
34,459.75,445.23,455.00,KFX.L,456.50,26800,456.50,2015-02-10
35,468.00,440.50,463.75,KFX.L,463.00,38300,463.00,2015-02-09
36,479.25,463.375,470.00,KFX.L,472.50,23900,472.50,2015-02-06
37,476.00,465.00,470.00,KFX.L,469.00,15500,469.00,2015-02-05
38,481.313,473.88,478.25,KFX.L,476.50,30900,476.50,2015-02-04
39,491.25,449.94,465.00,KFX.L,482.25,33800,482.25,2015-02-03
40,458.75,440.25,440.25,KFX.L,454.625,31400,454.625,2015-02-02
41,458.50,440.00,451.75,KFX.L,456.50,20000,456.50,2015-01-30
42,460.00,441.38,460.00,KFX.L,450.00,34500,450.00,2015-01-29
43,450.00,436.75,438.75,KFX.L,443.125,18400,443.125,2015-01-28
44,445.00,425.00,442.75,KFX.L,443.875,45300,443.875,2015-01-27
45,465.63,450.00,464.00,KFX.L,460.00,23300,460.00,2015-01-26
46,472.75,440.00,456.00,KFX.L,468.00,76400,468.00,2015-01-23
47,458.75,447.175,455.00,KFX.L,458.75,13800,458.75,2015-01-22
48,455.00,447.00,447.00,KFX.L,454.00,13700,454.00,2015-01-21
49,455.25,440.00,451.25,KFX.L,440.00,9200,440.00,2015-01-20
50,460.00,449.94,460.00,KFX.L,451.00,2800,451.00,2015-01-19
51,458.80,445.74,455.00,KFX.L,453.00,32700,453.00,2015-01-16
52,450.75,445.00,450.75,KFX.L,451.625,4400,451.625,2015-01-15
53,460.75,451.978,460.75,KFX.L,453.125,3000,453.125,2015-01-14
54,464.00,444.50,445.00,KFX.L,458.625,25500,458.625,2015-01-13
55,449.08,443.75,448.50,KFX.L,447.75,6000,447.75,2015-01-12
56,460.00,442.58,460.00,KFX.L,457.50,1400,457.50,2015-01-09
57,448.00,441.454,445.00,KFX.L,444.50,18500,444.50,2015-01-08
58,454.26,440.00,444.25,KFX.L,442.75,22200,442.75,2015-01-07
59,458.00,453.50,453.75,KFX.L,449.625,10500,449.625,2015-01-06
60,460.00,440.25,458.75,KFX.L,458.00,27400,458.00,2015-01-05
61,458.00,451.369,458.00,KFX.L,453.50,5900,453.50,2015-01-02
62,451.125,451.125,451.125,KFX.L,451.125,000,451.125,2015-01-01
63,455.258,451.20,451.20,KFX.L,451.125,33500,451.125,2014-12-31
64,462.00,454.99,461.00,KFX.L,455.75,5400,455.75,2014-12-30
65,473.00,450.00,450.00,KFX.L,471.00,12400,471.00,2014-12-29
66,433.125,433.125,433.125,KFX.L,433.125,000,433.125,2014-12-26
67,433.125,433.125,433.125,KFX.L,433.125,000,433.125,2014-12-25
68,440.50,439.50,440.00,KFX.L,433.125,1700,433.125,2014-12-24
69,440.00,433.50,435.00,KFX.L,439.25,27700,439.25,2014-12-23
70,434.00,415.00,433.75,KFX.L,427.875,43400,427.875,2014-12-22
71,440.25,418.00,420.25,KFX.L,418.00,7700,418.00,2014-12-19
72,436.75,418.75,418.75,KFX.L,436.75,5300,436.75,2014-12-18
73,416.063,407.05,412.50,KFX.L,413.00,2100,413.00,2014-12-17
74,412.50,408.50,412.00,KFX.L,411.50,22900,411.50,2014-12-16
75,424.75,412.00,424.75,KFX.L,412.00,36200,412.00,2014-12-15
76,425.75,416.50,424.75,KFX.L,417.875,900,417.875,2014-12-12
77,433.00,424.25,424.25,KFX.L,426.375,300,426.375,2014-12-11
78,430.287,428.50,428.75,KFX.L,429.75,18600,429.75,2014-12-10
79,430.00,421.11,423.00,KFX.L,426.375,8300,426.375,2014-12-09
80,440.00,432.68,437.75,KFX.L,437.00,3000,437.00,2014-12-08
81,442.00,415.16,434.75,KFX.L,425.00,11800,425.00,2014-12-05
82,437.198,428.25,428.25,KFX.L,431.25,3000,431.25,2014-12-04
83,436.75,427.00,429.00,KFX.L,427.125,4900,427.125,2014-12-03
84,432.00,424.00,431.75,KFX.L,432.00,5800,432.00,2014-12-02
85,432.23,410.849,420.00,KFX.L,422.75,25300,422.75,2014-12-01
86,435.00,423.865,435.00,KFX.L,433.50,3700,433.50,2014-11-28
87,432.50,423.25,424.00,KFX.L,429.00,114200,429.00,2014-11-27
88,428.50,424.75,427.25,KFX.L,425.00,11900,425.00,2014-11-26
89,431.813,426.46,430.00,KFX.L,427.00,2200,427.00,2014-11-25
90,425.688,422.25,423.00,KFX.L,422.75,3300,422.75,2014-11-24
91,425.50,416.00,419.00,KFX.L,424.25,5100,424.25,2014-11-21
92,417.00,405.00,405.00,KFX.L,415.375,26300,415.375,2014-11-20
93,425.00,406.50,425.00,KFX.L,406.50,11300,406.50,2014-11-19
94,420.45,411.25,411.25,KFX.L,416.00,9200,416.00,2014-11-18
95,412.00,385.75,401.25,KFX.L,395.00,15100,395.00,2014-11-17
96,400.85,400.298,400.85,KFX.L,406.25,1100,406.25,2014-11-14
97,406.50,402.50,402.50,KFX.L,405.375,1500,405.375,2014-11-13
98,404.63,380.25,390.00,KFX.L,396.25,1103200,396.25,2014-11-12
99,394.00,389.00,390.75,KFX.L,389.00,5100,389.00,2014-11-11
100,395.50,388.50,395.50,KFX.L,388.50,2300,388.50,2014-11-10
101,395.00,391.00,391.00,KFX.L,392.00,2400,392.00,2014-11-07
102,397.00,390.00,390.00,KFX.L,393.00,8300,393.00,2014-11-06
103,400.50,390.00,400.50,KFX.L,392.50,8200,392.50,2014-11-05
104,401.875,385.00,399.75,KFX.L,385.00,12600,385.00,2014-11-04
105,395.25,388.75,388.75,KFX.L,394.125,4600,394.125,2014-11-03
106,394.50,387.00,394.50,KFX.L,390.375,3200,390.375,2014-10-31
107,389.125,381.50,381.50,KFX.L,386.125,10700,386.125,2014-10-30
108,385.00,379.50,382.00,KFX.L,384.25,24900,384.25,2014-10-29
109,375.00,367.50,368.00,KFX.L,374.125,818900,374.125,2014-10-28
110,372.00,365.00,367.75,KFX.L,371.625,4700,371.625,2014-10-27
111,375.35,372.50,374.00,KFX.L,373.00,1400,373.00,2014-10-24
112,379.50,378.25,378.25,KFX.L,379.25,3400,379.25,2014-10-23
113,380.50,361.01,362.00,KFX.L,379.00,29300,379.00,2014-10-22
114,371.50,365.00,365.00,KFX.L,371.25,169500,371.25,2014-10-21
115,380.00,369.00,369.00,KFX.L,370.25,110400,370.25,2014-10-20
116,377.26,369.75,370.00,KFX.L,370.00,73600,370.00,2014-10-17
117,379.00,362.25,374.75,KFX.L,369.00,124000,369.00,2014-10-16
118,375.25,362.00,375.25,KFX.L,370.00,9400,370.00,2014-10-15
119,371.00,365.00,365.00,KFX.L,368.00,15300,368.00,2014-10-14
120,365.96,355.00,357.00,KFX.L,363.50,6700,363.50,2014-10-13
121,367.44,358.095,360.00,KFX.L,366.25,22400,366.25,2014-10-10
122,482.34,360.00,440.00,KFX.L,376.25,175200,376.25,2014-10-09
123,482.00,475.00,481.75,KFX.L,474.75,181800,474.75,2014-10-08
124,490.75,470.00,490.75,KFX.L,481.75,8300,481.75,2014-10-07
125,493.00,472.53,484.75,KFX.L,489.25,20600,489.25,2014-10-06
126,482.00,470.00,476.00,KFX.L,479.75,3600,479.75,2014-10-03
127,471.75,454.50,455.50,KFX.L,471.75,14300,471.75,2014-10-02
128,481.00,460.50,481.00,KFX.L,463.75,11300,463.75,2014-10-01
129,482.00,466.14,468.75,KFX.L,480.25,24400,480.25,2014-09-30
130,469.00,459.28,463.75,KFX.L,469.00,9400,469.00,2014-09-29
131,467.50,460.00,462.25,KFX.L,465.50,18100,465.50,2014-09-26
132,470.125,463.00,463.25,KFX.L,466.00,8000,466.00,2014-09-25
133,463.00,457.00,457.25,KFX.L,463.00,14200,463.00,2014-09-24
134,463.00,450.84,460.00,KFX.L,461.00,21400,461.00,2014-09-23
135,477.25,457.00,477.25,KFX.L,461.00,10800,461.00,2014-09-22
136,474.50,463.00,474.50,KFX.L,471.25,17600,471.25,2014-09-19
137,475.07,472.00,474.00,KFX.L,472.00,18800,472.00,2014-09-18
138,480.50,469.50,469.50,KFX.L,470.00,33400,470.00,2014-09-17
139,472.00,455.50,467.00,KFX.L,468.50,24300,468.50,2014-09-16
140,473.75,461.50,468.00,KFX.L,470.00,21100,470.00,2014-09-15
141,476.50,466.25,473.75,KFX.L,467.50,15400,467.50,2014-09-12
142,475.50,470.75,472.25,KFX.L,475.50,11100,475.50,2014-09-11
143,498.50,482.75,490.00,KFX.L,483.25,49400,483.25,2014-09-10
144,489.25,475.50,489.25,KFX.L,475.50,2600,475.50,2014-09-09
145,487.00,481.00,481.00,KFX.L,483.75,17200,483.75,2014-09-08
146,480.00,471.00,471.00,KFX.L,480.00,36700,480.00,2014-09-05
147,475.25,467.09,470.00,KFX.L,470.75,27700,470.75,2014-09-04
148,476.00,467.00,472.25,KFX.L,467.75,10100,467.75,2014-09-03
149,482.50,469.25,474.50,KFX.L,469.75,10000,469.75,2014-09-02
150,475.48,465.00,474.25,KFX.L,465.00,2700,465.00,2014-09-01
151,475.00,469.91,473.00,KFX.L,473.00,4000,473.00,2014-08-29
152,478.00,471.25,477.25,KFX.L,472.00,8900,472.00,2014-08-28
153,483.00,475.75,479.00,KFX.L,481.75,9200,481.75,2014-08-27
154,480.25,469.60,477.50,KFX.L,480.00,14300,480.00,2014-08-26
155,469.75,469.75,469.75,KFX.L,469.75,000,469.75,2014-08-25
156,475.60,468.50,469.00,KFX.L,469.75,21200,469.75,2014-08-22
157,476.97,471.00,472.75,KFX.L,476.25,34700,476.25,2014-08-21
158,476.65,467.75,475.00,KFX.L,474.00,44300,474.00,2014-08-20
159,474.00,465.50,467.50,KFX.L,474.00,12100,474.00,2014-08-19
160,479.75,468.31,479.75,KFX.L,472.00,19900,472.00,2014-08-18
161,476.61,463.00,468.00,KFX.L,474.50,63100,474.50,2014-08-15
162,479.50,473.12,479.50,KFX.L,477.00,27600,477.00,2014-08-14
163,484.50,466.25,484.50,KFX.L,472.50,12900,472.50,2014-08-13
164,475.00,464.50,474.00,KFX.L,465.50,31700,465.50,2014-08-12
165,474.50,465.50,465.50,KFX.L,470.50,16700,470.50,2014-08-11
166,464.25,440.00,445.75,KFX.L,464.25,10700,464.25,2014-08-08
167,459.00,445.50,453.25,KFX.L,449.50,13000,449.50,2014-08-07
168,470.25,445.00,445.00,KFX.L,460.50,43600,460.50,2014-08-06
169,445.00,416.18,420.00,KFX.L,440.50,12200,440.50,2014-08-05
170,431.25,419.25,419.25,KFX.L,430.00,11100,430.00,2014-08-04
171,428.25,417.75,418.50,KFX.L,426.625,18500,426.625,2014-08-01
172,424.50,414.50,416.00,KFX.L,421.50,13900,421.50,2014-07-31
173,422.00,418.25,418.50,KFX.L,421.75,7800,421.75,2014-07-30
174,421.00,410.50,416.75,KFX.L,417.00,11400,417.00,2014-07-29
175,424.25,416.198,418.00,KFX.L,420.00,24700,420.00,2014-07-28
176,422.75,417.367,422.75,KFX.L,418.50,9400,418.50,2014-07-25
177,423.75,419.00,419.00,KFX.L,421.75,12000,421.75,2014-07-24
178,425.00,416.00,418.00,KFX.L,420.50,17800,420.50,2014-07-23
179,420.713,406.813,411.25,KFX.L,417.50,8800,417.50,2014-07-22
180,416.875,408.315,414.00,KFX.L,414.00,8400,414.00,2014-07-21
181,417.75,412.50,414.50,KFX.L,417.75,8100,417.75,2014-07-18
182,418.75,415.50,415.75,KFX.L,418.75,5600,418.75,2014-07-17
183,416.75,410.00,410.00,KFX.L,414.75,23700,414.75,2014-07-16
184,419.81,410.00,414.50,KFX.L,410.00,38800,410.00,2014-07-15
185,427.50,411.75,427.50,KFX.L,415.50,57300,415.50,2014-07-14
186,443.50,380.20,406.00,KFX.L,423.00,3306900,423.00,2014-07-11
187,473.50,467.75,470.50,KFX.L,473.50,6900,473.50,2014-07-10
188,483.25,475.25,475.25,KFX.L,482.375,2400,482.375,2014-07-09
189,482.50,467.25,482.50,KFX.L,476.00,10300,476.00,2014-07-08
190,485.50,470.75,485.00,KFX.L,475.00,21700,475.00,2014-07-07
191,491.85,479.25,482.00,KFX.L,479.25,7700,479.25,2014-07-04
192,489.75,478.40,484.50,KFX.L,489.00,7400,489.00,2014-07-03
193,487.00,477.65,487.00,KFX.L,478.25,9800,478.25,2014-07-02
194,500.00,485.25,499.75,KFX.L,487.00,12900,487.00,2014-07-01
195,514.50,486.75,510.00,KFX.L,499.50,61400,499.50,2014-06-30
196,514.50,510.00,513.00,KFX.L,514.50,14100,514.50,2014-06-27
197,530.00,519.50,526.00,KFX.L,520.50,7700,520.50,2014-06-26
198,538.50,522.39,536.50,KFX.L,537.00,23600,537.00,2014-06-25
199,539.50,529.50,536.50,KFX.L,539.00,15300,539.00,2014-06-24
200,540.108,531.50,538.00,KFX.L,535.50,16300,535.50,2014-06-23
201,540.38,530.00,539.00,KFX.L,538.00,69800,538.00,2014-06-20
202,537.00,532.00,536.50,KFX.L,534.50,21100,534.50,2014-06-19
203,540.75,517.50,534.50,KFX.L,537.00,46000,537.00,2014-06-18
204,547.50,533.50,541.00,KFX.L,534.50,45500,534.50,2014-06-17
205,535.00,519.00,530.00,KFX.L,535.00,29200,535.00,2014-06-16
206,527.00,513.50,518.00,KFX.L,526.00,223900,526.00,2014-06-13
207,526.00,509.00,517.00,KFX.L,522.50,284000,522.50,2014-06-12
208,521.50,497.50,499.75,KFX.L,514.00,178100,514.00,2014-06-11
209,503.00,493.00,493.00,KFX.L,501.00,2600,501.00,2014-06-10
210,504.56,490.00,500.00,KFX.L,497.50,8900,497.50,2014-06-09
211,506.50,493.50,506.50,KFX.L,494.50,10900,494.50,2014-06-06
212,510.50,495.75,506.50,KFX.L,505.00,29700,505.00,2014-06-05
213,510.50,477.49,496.00,KFX.L,509.00,49200,509.00,2014-06-04
214,497.25,478.75,490.25,KFX.L,497.25,576100,497.25,2014-06-03
215,487.00,472.25,480.00,KFX.L,486.50,273100,486.50,2014-06-02
216,483.25,473.25,483.25,KFX.L,481.25,11800,481.25,2014-05-30
217,481.75,465.00,465.00,KFX.L,475.50,274200,475.50,2014-05-29
218,465.00,454.00,454.00,KFX.L,465.00,19700,465.00,2014-05-28
219,462.00,439.00,439.00,KFX.L,454.00,24500,454.00,2014-05-27
220,460.00,460.00,460.00,KFX.L,460.00,000,460.00,2014-05-26
221,460.00,449.25,449.25,KFX.L,460.00,21700,460.00,2014-05-23
222,455.50,441.00,455.50,KFX.L,454.00,23300,454.00,2014-05-22
223,455.75,423.50,430.25,KFX.L,452.00,198400,452.00,2014-05-21
224,436.00,423.25,424.50,KFX.L,430.25,261600,430.25,2014-05-20
225,419.75,402.50,409.00,KFX.L,419.75,73000,419.75,2014-05-19
226,406.00,393.28,399.75,KFX.L,404.00,85200,404.00,2014-05-16
227,404.50,393.125,400.50,KFX.L,402.25,15600,402.25,2014-05-15
228,397.50,385.75,386.75,KFX.L,396.00,30600,396.00,2014-05-14
229,398.30,380.00,392.25,KFX.L,384.25,44200,384.25,2014-05-13
230,403.58,392.50,399.75,KFX.L,392.625,44500,392.625,2014-05-12
231,399.00,381.90,394.25,KFX.L,393.625,15200,393.625,2014-05-09
232,412.00,392.25,412.00,KFX.L,393.50,1331600,393.50,2014-05-08
233,428.00,408.00,428.00,KFX.L,409.375,12300,409.375,2014-05-07
234,442.78,422.50,440.00,KFX.L,422.50,16800,422.50,2014-05-06
235,440.00,440.00,440.00,KFX.L,440.00,000,440.00,2014-05-05
236,454.50,440.00,454.50,KFX.L,440.00,23000,440.00,2014-05-02
237,453.10,446.75,446.75,KFX.L,450.875,34800,450.875,2014-05-01
238,453.21,441.563,449.25,KFX.L,444.75,96500,444.75,2014-04-30
239,480.50,440.25,476.50,KFX.L,443.75,26900,443.75,2014-04-29
240,482.25,453.47,455.00,KFX.L,477.875,47500,477.875,2014-04-28
241,466.50,452.25,458.50,KFX.L,465.50,18700,465.50,2014-04-25
242,468.888,459.75,465.50,KFX.L,462.25,10200,462.25,2014-04-24
243,466.00,458.75,460.50,KFX.L,466.00,26100,466.00,2014-04-23
244,469.50,463.50,469.50,KFX.L,467.50,6800,467.50,2014-04-22
245,456.00,456.00,456.00,KFX.L,456.00,000,456.00,2014-04-21
246,456.00,456.00,456.00,KFX.L,456.00,000,456.00,2014-04-18
247,461.00,452.46,460.25,KFX.L,456.00,6900,456.00,2014-04-17
248,465.00,450.00,456.50,KFX.L,452.75,38300,452.75,2014-04-16
249,480.81,455.00,473.75,KFX.L,461.75,24800,461.75,2014-04-15
250,476.00,466.688,470.50,KFX.L,475.125,10700,475.125,2014-04-14
251,477.25,466.77,475.00,KFX.L,469.00,9300,469.00,2014-04-11
252,489.75,481.00,481.25,KFX.L,481.00,8500,481.00,2014-04-10
253,498.752,486.25,490.00,KFX.L,486.75,25400,486.75,2014-04-09
254,503.50,472.25,503.50,KFX.L,483.25,19300,483.25,2014-04-08
255,533.00,506.52,525.00,KFX.L,510.00,22400,510.00,2014-04-07
256,536.70,525.30,529.50,KFX.L,529.00,23600,529.00,2014-04-04
257,535.00,517.90,530.00,KFX.L,528.00,200500,528.00,2014-04-03
258,521.439,502.50,513.50,KFX.L,517.50,218700,517.50,2014-04-02
259,534.00,502.82,507.50,KFX.L,507.50,67900,507.50,2014-04-01
260,503.00,489.00,503.00,KFX.L,495.00,91700,495.00,2014-03-31
261,484.76,468.25,468.25,KFX.L,479.50,201400,479.50,2014-03-28
262,472.55,460.50,468.25,KFX.L,467.75,173500,467.75,2014-03-27
263,478.50,468.25,470.50,KFX.L,473.00,451700,473.00,2014-03-26
264,477.00,465.00,472.75,KFX.L,465.00,162400,465.00,2014-03-25
265,492.25,468.50,492.25,KFX.L,472.00,119200,472.00,2014-03-24
266,506.50,478.00,500.00,KFX.L,478.00,139000,478.00,2014-03-21
267,510.00,486.00,495.50,KFX.L,500.00,35700,500.00,2014-03-20
268,509.50,496.75,509.50,KFX.L,498.50,21300,498.50,2014-03-19
269,519.50,505.00,510.00,KFX.L,514.00,45800,514.00,2014-03-18
270,523.00,500.00,519.00,KFX.L,523.00,30700,523.00,2014-03-17
271,529.50,495.50,529.50,KFX.L,502.50,25200,502.50,2014-03-14
272,529.00,519.50,528.00,KFX.L,524.50,13600,524.50,2014-03-13
273,534.50,511.06,519.50,KFX.L,530.50,29500,530.50,2014-03-12
274,532.00,519.50,522.00,KFX.L,520.00,42900,520.00,2014-03-11
275,527.50,515.50,515.50,KFX.L,515.50,33400,515.50,2014-03-10
276,523.00,515.50,521.50,KFX.L,521.00,33000,521.00,2014-03-07
277,525.00,504.50,510.00,KFX.L,525.00,47500,525.00,2014-03-06
278,506.00,487.713,499.75,KFX.L,503.50,55200,503.50,2014-03-05
279,504.50,469.75,481.25,KFX.L,503.50,196800,503.50,2014-03-04
280,477.00,466.25,466.25,KFX.L,473.75,22700,473.75,2014-03-03
281,483.50,474.00,478.75,KFX.L,483.50,61800,483.50,2014-02-28
282,477.25,465.00,477.25,KFX.L,474.00,7400,474.00,2014-02-27
283,480.00,467.669,480.00,KFX.L,477.25,11700,477.25,2014-02-26
284,477.813,470.00,471.25,KFX.L,471.00,11200,471.00,2014-02-25
285,486.00,472.14,485.50,KFX.L,478.50,36400,478.50,2014-02-24
286,480.00,470.50,478.75,KFX.L,480.00,39300,480.00,2014-02-21
287,480.00,475.75,480.00,KFX.L,476.75,6500,476.75,2014-02-20
288,507.50,476.50,476.50,KFX.L,485.00,37200,485.00,2014-02-19
289,483.25,476.00,479.75,KFX.L,480.00,73200,480.00,2014-02-18
290,484.75,471.25,482.00,KFX.L,473.75,17800,473.75,2014-02-17
291,488.25,465.00,477.75,KFX.L,485.00,16400,485.00,2014-02-14
292,475.50,465.50,470.00,KFX.L,475.50,53100,475.50,2014-02-13
293,475.00,466.00,475.00,KFX.L,466.00,12700,466.00,2014-02-12
294,480.50,465.00,465.00,KFX.L,474.00,41800,474.00,2014-02-11
295,477.50,461.25,466.00,KFX.L,467.00,8900,467.00,2014-02-10
296,474.50,465.00,473.00,KFX.L,467.00,9100,467.00,2014-02-07
297,485.00,473.52,474.00,KFX.L,475.625,11400,475.625,2014-02-06
298,485.00,466.25,473.75,KFX.L,473.75,34500,473.75,2014-02-05
299,485.50,443.56,450.25,KFX.L,485.00,35700,485.00,2014-02-04
300,460.00,442.00,445.00,KFX.L,460.00,14900,460.00,2014-02-03
301,449.50,434.00,434.00,KFX.L,444.75,44000,444.75,2014-01-31
302,443.75,430.25,442.75,KFX.L,433.25,6400,433.25,2014-01-30
303,447.75,433.50,444.00,KFX.L,436.00,21700,436.00,2014-01-29
304,445.34,435.25,440.00,KFX.L,435.25,11900,435.25,2014-01-28
305,448.025,427.00,446.75,KFX.L,427.00,15500,427.00,2014-01-27
306,460.00,448.50,460.00,KFX.L,448.50,3900,448.50,2014-01-24
307,470.563,460.00,462.00,KFX.L,460.00,9800,460.00,2014-01-23
308,478.00,452.00,462.00,KFX.L,472.125,14500,472.125,2014-01-22
309,473.50,458.50,458.50,KFX.L,467.75,32100,467.75,2014-01-21
310,477.50,456.75,471.00,KFX.L,458.00,13100,458.00,2014-01-20
311,470.25,443.00,455.00,KFX.L,460.25,39100,460.25,2014-01-17
312,460.00,430.00,430.00,KFX.L,455.00,41200,455.00,2014-01-16
313,428.81,417.00,419.25,KFX.L,425.625,15300,425.625,2014-01-15
314,430.00,412.00,419.75,KFX.L,423.25,15900,423.25,2014-01-14
315,421.00,417.84,419.00,KFX.L,418.75,32800,418.75,2014-01-13
316,421.00,412.50,416.25,KFX.L,419.00,11900,419.00,2014-01-10
317,426.75,417.25,417.25,KFX.L,425.75,12500,425.75,2014-01-09
318,432.91,415.25,415.25,KFX.L,426.50,9100,426.50,2014-01-08
319,433.00,429.00,429.00,KFX.L,431.50,25300,431.50,2014-01-07
320,430.50,418.00,422.00,KFX.L,430.50,13800,430.50,2014-01-06
321,426.25,426.25,426.25,KFX.L,426.25,400,426.25,2014-01-03
322,433.50,407.75,407.75,KFX.L,432.75,12800,432.75,2014-01-02
323,407.75,407.75,407.75,KFX.L,407.75,000,407.75,2014-01-01
324,410.75,407.14,410.75,KFX.L,407.75,8200,407.75,2013-12-31
325,428.00,416.75,416.75,KFX.L,416.75,9500,416.75,2013-12-30
326,429.75,419.50,420.25,KFX.L,426.25,18000,426.25,2013-12-27
327,417.00,417.00,417.00,KFX.L,417.00,000,417.00,2013-12-26
328,417.00,417.00,417.00,KFX.L,417.00,000,417.00,2013-12-25
329,427.75,416.25,416.25,KFX.L,417.00,1900,417.00,2013-12-24
330,430.00,415.50,415.75,KFX.L,416.25,52200,416.25,2013-12-23
331,424.00,413.00,421.00,KFX.L,413.00,23500,413.00,2013-12-20
332,419.50,415.00,415.00,KFX.L,418.00,10200,418.00,2013-12-19
333,425.00,416.59,420.00,KFX.L,418.50,16900,418.50,2013-12-18
334,432.00,421.00,430.00,KFX.L,427.00,34700,427.00,2013-12-17
335,439.00,416.835,417.75,KFX.L,434.00,52500,434.00,2013-12-16
336,420.00,410.00,416.00,KFX.L,419.00,15600,419.00,2013-12-13
337,422.25,415.00,415.25,KFX.L,418.00,123000,418.00,2013-12-12
338,429.00,422.00,423.75,KFX.L,423.00,33700,423.00,2013-12-11
339,430.00,415.00,418.25,KFX.L,429.50,50900,429.50,2013-12-10
340,442.53,420.00,437.75,KFX.L,421.00,44700,421.00,2013-12-09
341,440.00,395.00,395.00,KFX.L,440.00,20600,440.00,2013-12-06
342,398.25,398.25,398.25,KFX.L,398.25,000,398.25,2013-12-05
343,398.25,388.00,390.00,KFX.L,398.25,14100,398.25,2013-12-04
344,392.50,390.00,392.25,KFX.L,390.00,9000,390.00,2013-12-03
345,402.00,391.25,401.75,KFX.L,392.25,65500,392.25,2013-12-02
346,399.75,390.00,390.00,KFX.L,395.75,21100,395.75,2013-11-29
347,394.28,380.00,385.00,KFX.L,389.50,63000,389.50,2013-11-28
348,385.00,365.00,367.50,KFX.L,381.75,34300,381.75,2013-11-27
349,368.00,329.50,363.00,KFX.L,368.00,661200,368.00,2013-11-26
350,378.00,361.00,361.00,KFX.L,361.00,62200,361.00,2013-11-25
351,383.039,367.75,377.75,KFX.L,372.00,64800,372.00,2013-11-22
352,378.94,373.00,374.00,KFX.L,375.50,53900,375.50,2013-11-21
353,372.50,361.00,364.75,KFX.L,368.00,36100,368.00,2013-11-20
354,371.50,364.00,370.50,KFX.L,364.00,356600,364.00,2013-11-19
355,382.89,362.79,378.00,KFX.L,364.25,439600,364.25,2013-11-18
356,384.28,365.25,380.00,KFX.L,367.75,42600,367.75,2013-11-15
357,383.34,375.00,375.00,KFX.L,380.00,20700,380.00,2013-11-14
358,383.475,373.50,383.25,KFX.L,373.50,35200,373.50,2013-11-13
359,383.25,368.25,378.25,KFX.L,375.00,57400,375.00,2013-11-12
360,381.00,368.00,368.00,KFX.L,377.00,22300,377.00,2013-11-11
361,373.75,363.50,373.75,KFX.L,366.00,167000,366.00,2013-11-08
362,377.75,375.00,377.25,KFX.L,375.00,53500,375.00,2013-11-07
363,383.50,374.75,378.50,KFX.L,375.00,32000,375.00,2013-11-06
364,384.30,373.50,375.25,KFX.L,377.00,50700,377.00,2013-11-05
365,380.00,371.50,380.00,KFX.L,373.00,400100,373.00,2013-11-04
366,380.00,378.00,378.00,KFX.L,379.25,41800,379.25,2013-11-01
367,380.00,377.00,378.00,KFX.L,379.00,15500,379.00,2013-10-31
368,380.00,370.50,370.50,KFX.L,380.00,159200,380.00,2013-10-30
369,378.00,368.75,370.00,KFX.L,375.00,30000,375.00,2013-10-29
370,372.75,358.00,360.00,KFX.L,370.00,10600,370.00,2013-10-28
371,359.50,349.10,350.50,KFX.L,359.50,35300,359.50,2013-10-25
372,357.75,348.75,350.00,KFX.L,357.75,12100,357.75,2013-10-24
373,356.05,349.00,351.00,KFX.L,354.00,21700,354.00,2013-10-23
374,351.00,345.75,350.75,KFX.L,349.00,36700,349.00,2013-10-22
375,352.00,348.25,352.00,KFX.L,351.50,10800,351.50,2013-10-21
376,352.00,349.38,350.00,KFX.L,351.00,10200,351.00,2013-10-18
377,353.00,349.00,350.00,KFX.L,350.25,26600,350.25,2013-10-17
378,370.00,350.00,370.00,KFX.L,350.50,20300,350.50,2013-10-16
379,362.75,348.75,355.25,KFX.L,353.00,41100,353.00,2013-10-15
380,370.50,362.00,370.50,KFX.L,363.50,6900,363.50,2013-10-14
381,374.75,368.00,374.75,KFX.L,370.50,16100,370.50,2013-10-11
382,372.75,363.75,372.75,KFX.L,370.00,55800,370.00,2013-10-10
383,366.50,355.00,359.50,KFX.L,366.50,275200,366.50,2013-10-09
384,362.00,358.00,360.25,KFX.L,360.00,189800,360.00,2013-10-08
385,364.813,353.05,358.00,KFX.L,360.00,53900,360.00,2013-10-07
386,378.00,360.00,363.75,KFX.L,360.00,87500,360.00,2013-10-04
387,363.50,355.00,359.75,KFX.L,355.00,49800,355.00,2013-10-03
388,367.00,358.875,365.50,KFX.L,359.00,36000,359.00,2013-10-02
389,368.25,360.00,365.75,KFX.L,363.00,201000,363.00,2013-10-01
390,385.972,365.00,375.00,KFX.L,365.00,25300,365.00,2013-09-30
391,386.875,375.00,377.00,KFX.L,375.00,11500,375.00,2013-09-27
392,378.50,375.96,376.25,KFX.L,378.50,6400,378.50,2013-09-26
393,388.00,377.25,377.25,KFX.L,388.00,1700,388.00,2013-09-25
394,385.00,368.00,369.00,KFX.L,383.00,53500,383.00,2013-09-24
395,385.00,367.00,378.00,KFX.L,368.00,29800,368.00,2013-09-23
396,379.75,370.25,375.25,KFX.L,379.75,19400,379.75,2013-09-20
397,387.25,380.75,385.00,KFX.L,380.75,7600,380.75,2013-09-19
398,384.75,365.50,383.50,KFX.L,378.75,30300,378.75,2013-09-18
399,382.625,366.75,374.75,KFX.L,382.25,12700,382.25,2013-09-17
400,375.00,359.50,359.50,KFX.L,373.25,11200,373.25,2013-09-16
401,370.00,359.50,369.75,KFX.L,364.00,23700,364.00,2013-09-13
402,370.00,357.12,369.25,KFX.L,367.00,13700,367.00,2013-09-12
403,370.00,359.25,370.00,KFX.L,370.00,42800,370.00,2013-09-11
404,364.938,350.00,362.50,KFX.L,361.00,17800,361.00,2013-09-10
405,365.00,350.75,364.50,KFX.L,353.50,5800,353.50,2013-09-09
406,372.375,355.00,365.00,KFX.L,361.50,32000,361.50,2013-09-06
407,367.25,355.00,363.00,KFX.L,367.25,17100,367.25,2013-09-05
408,360.25,345.25,345.25,KFX.L,360.25,80600,360.25,2013-09-04
409,351.78,344.50,349.25,KFX.L,351.00,18900,351.00,2013-09-03
410,357.415,348.25,353.00,KFX.L,350.00,63800,350.00,2013-09-02
411,357.215,340.00,350.25,KFX.L,350.00,47100,350.00,2013-08-30
412,360.00,350.00,350.00,KFX.L,360.00,6700,360.00,2013-08-29
413,356.75,346.50,351.00,KFX.L,351.00,5500,351.00,2013-08-28
414,348.25,343.00,348.00,KFX.L,348.25,10200,348.25,2013-08-27
415,345.00,345.00,345.00,KFX.L,345.00,000,345.00,2013-08-26
416,347.25,335.00,345.00,KFX.L,345.00,6500,345.00,2013-08-23
417,355.00,347.50,347.50,KFX.L,348.00,2200,348.00,2013-08-22
418,347.50,342.00,342.25,KFX.L,346.50,13300,346.50,2013-08-21
419,355.00,343.50,355.00,KFX.L,343.50,9900,343.50,2013-08-20
420,358.75,336.00,336.00,KFX.L,358.75,53600,358.75,2013-08-19
421,340.00,336.00,336.00,KFX.L,338.00,47200,338.00,2013-08-16
422,345.00,338.00,340.00,KFX.L,338.00,190600,338.00,2013-08-15
423,342.75,335.00,335.00,KFX.L,340.00,5800,340.00,2013-08-14
424,341.20,335.50,335.50,KFX.L,335.50,69300,335.50,2013-08-13
425,343.00,334.50,343.00,KFX.L,338.00,7200,338.00,2013-08-12
426,340.00,331.00,331.00,KFX.L,337.50,84900,337.50,2013-08-09
427,340.00,332.00,335.00,KFX.L,339.25,184800,339.25,2013-08-08
428,345.00,334.50,345.00,KFX.L,335.50,34600,335.50,2013-08-07
429,344.00,336.375,344.00,KFX.L,339.00,4400,339.00,2013-08-06
430,343.50,338.75,340.00,KFX.L,343.00,7000,343.00,2013-08-05
431,345.00,330.00,340.75,KFX.L,345.00,19700,345.00,2013-08-02
432,344.00,338.50,340.00,KFX.L,341.25,27000,341.25,2013-08-01
433,343.00,333.00,333.00,KFX.L,342.50,9600,342.50,2013-07-31
434,339.00,325.00,335.75,KFX.L,333.50,42600,333.50,2013-07-30
435,343.15,335.00,341.50,KFX.L,340.00,39800,340.00,2013-07-29
436,347.50,338.75,338.75,KFX.L,345.25,13000,345.25,2013-07-26
437,348.00,340.00,340.00,KFX.L,347.25,23100,347.25,2013-07-25
438,347.75,341.00,345.00,KFX.L,345.75,89500,345.75,2013-07-24
439,340.00,338.066,340.00,KFX.L,339.25,6000,339.25,2013-07-23
440,340.00,337.00,337.00,KFX.L,339.50,5500,339.50,2013-07-22
441,340.00,337.25,337.25,KFX.L,340.00,3600,340.00,2013-07-19
442,345.425,335.00,340.00,KFX.L,335.50,17600,335.50,2013-07-18
443,345.75,337.00,341.00,KFX.L,345.75,3000,345.75,2013-07-17
444,339.50,335.00,337.00,KFX.L,339.50,27300,339.50,2013-07-16
445,339.50,336.00,338.00,KFX.L,339.50,19000,339.50,2013-07-15
446,340.00,332.25,332.25,KFX.L,340.00,26200,340.00,2013-07-12
447,339.25,337.50,337.50,KFX.L,339.00,8700,339.00,2013-07-11
448,340.00,330.00,332.00,KFX.L,340.00,86100,340.00,2013-07-10
449,335.00,320.58,330.00,KFX.L,333.75,75600,333.75,2013-07-09
450,338.50,322.25,338.50,KFX.L,322.25,11400,322.25,2013-07-08
451,335.50,333.00,334.25,KFX.L,333.00,200900,333.00,2013-07-05
452,333.00,331.00,332.00,KFX.L,332.00,195000,332.00,2013-07-04
453,337.75,331.75,334.00,KFX.L,332.00,466400,332.00,2013-07-03
454,342.00,337.00,339.25,KFX.L,338.50,81200,338.50,2013-07-02
455,342.00,339.00,340.50,KFX.L,340.00,197000,340.00,2013-07-01
456,341.00,326.00,326.00,KFX.L,340.00,104900,340.00,2013-06-28
457,335.00,323.00,323.00,KFX.L,334.00,53100,334.00,2013-06-27
458,323.00,318.50,322.00,KFX.L,320.00,147100,320.00,2013-06-26
459,330.00,330.00,330.00,KFX.L,330.00,2400,330.00,2013-06-25
460,326.25,315.00,315.00,KFX.L,322.00,4800,322.00,2013-06-24
461,323.00,314.071,317.00,KFX.L,322.00,40900,322.00,2013-06-21
462,321.75,316.438,321.75,KFX.L,321.25,3600,321.25,2013-06-20
463,328.50,321.125,324.00,KFX.L,328.50,1000,328.50,2013-06-19
464,330.00,315.00,315.00,KFX.L,324.00,8300,324.00,2013-06-18
465,325.00,315.00,315.00,KFX.L,325.00,18100,325.00,2013-06-17
466,325.50,325.00,325.00,KFX.L,325.50,3300,325.50,2013-06-14
467,325.50,295.75,320.00,KFX.L,322.00,79100,322.00,2013-06-13
468,332.00,324.50,329.75,KFX.L,325.00,127800,325.00,2013-06-12
469,334.25,331.50,332.25,KFX.L,332.00,21000,332.00,2013-06-11
470,335.00,330.00,330.00,KFX.L,330.00,82200,330.00,2013-06-10
471,333.00,327.25,332.00,KFX.L,330.50,48300,330.50,2013-06-07
472,332.00,327.50,331.00,KFX.L,328.00,23400,328.00,2013-06-06
473,335.00,330.00,334.50,KFX.L,332.00,174800,332.00,2013-06-05
474,334.43,321.50,321.50,KFX.L,332.00,30800,332.00,2013-06-04
475,330.00,325.00,325.00,KFX.L,330.00,114600,330.00,2013-06-03
476,330.096,325.00,325.00,KFX.L,330.00,48800,330.00,2013-05-31
477,328.59,325.00,326.50,KFX.L,325.00,13400,325.00,2013-05-30
478,327.75,325.00,325.00,KFX.L,325.00,108000,325.00,2013-05-29
479,330.00,325.00,325.00,KFX.L,328.00,40800,328.00,2013-05-28
480,325.00,325.00,325.00,KFX.L,325.00,000,325.00,2013-05-27
481,326.00,325.00,325.25,KFX.L,325.00,22300,325.00,2013-05-24
482,326.25,325.00,325.00,KFX.L,326.00,18700,326.00,2013-05-23
483,328.00,323.00,323.25,KFX.L,328.00,79300,328.00,2013-05-22
484,325.00,319.75,319.75,KFX.L,324.00,71600,324.00,2013-05-21
485,325.00,322.00,325.00,KFX.L,323.375,12300,323.375,2013-05-20
486,325.00,320.00,320.00,KFX.L,325.00,7400,325.00,2013-05-17
487,326.00,320.00,323.75,KFX.L,325.00,16800,325.00,2013-05-16
488,327.75,318.00,321.50,KFX.L,327.75,184000,327.75,2013-05-15
489,327.16,320.00,323.00,KFX.L,320.00,40800,320.00,2013-05-14
490,324.50,315.75,315.75,KFX.L,322.00,12900,322.00,2013-05-13
491,323.375,316.25,316.25,KFX.L,320.00,59600,320.00,2013-05-10
492,324.75,314.00,314.00,KFX.L,324.75,66000,324.75,2013-05-09
493,323.006,315.00,315.00,KFX.L,317.00,33500,317.00,2013-05-08
494,324.482,316.00,320.00,KFX.L,324.25,41100,324.25,2013-05-07
495,318.75,318.75,318.75,KFX.L,318.75,000,318.75,2013-05-06
496,326.75,318.75,320.00,KFX.L,318.75,88800,318.75,2013-05-03
497,328.00,323.72,324.00,KFX.L,325.00,36800,325.00,2013-05-02
498,334.25,325.00,330.00,KFX.L,325.00,67100,325.00,2013-05-01
499,325.125,317.50,317.50,KFX.L,320.00,94000,320.00,2013-04-30
500,327.94,320.00,321.25,KFX.L,325.00,221900,325.00,2013-04-29
501,325.00,319.75,320.00,KFX.L,325.00,11000,325.00,2013-04-26
502,327.00,320.00,327.00,KFX.L,325.00,78200,325.00,2013-04-25
503,334.75,326.875,327.25,KFX.L,334.75,800,334.75,2013-04-24
504,332.50,328.00,332.50,KFX.L,331.00,11200,331.00,2013-04-23
505,334.50,328.40,334.50,KFX.L,334.50,12400,334.50,2013-04-22
506,333.75,329.875,330.00,KFX.L,333.75,25200,333.75,2013-04-19
507,338.00,332.25,335.00,KFX.L,334.00,45100,334.00,2013-04-18
508,335.00,328.25,334.00,KFX.L,335.00,5400,335.00,2013-04-17
509,334.00,322.25,322.25,KFX.L,334.00,20100,334.00,2013-04-16
510,340.00,321.50,324.25,KFX.L,321.50,4600,321.50,2013-04-15
511,330.55,305.00,305.00,KFX.L,325.00,175000,325.00,2013-04-12
512,314.25,304.25,304.25,KFX.L,314.25,144300,314.25,2013-04-11
513,308.00,301.50,306.00,KFX.L,301.50,16400,301.50,2013-04-10
514,306.00,302.25,302.25,KFX.L,305.00,429500,305.00,2013-04-09
515,307.00,301.25,307.00,KFX.L,306.00,15600,306.00,2013-04-08
516,315.00,300.75,315.00,KFX.L,307.00,20400,307.00,2013-04-05
517,322.75,305.00,322.75,KFX.L,305.00,495300,305.00,2013-04-04
518,321.25,315.00,320.00,KFX.L,315.00,89400,315.00,2013-04-03
519,320.00,312.25,320.00,KFX.L,319.00,9100,319.00,2013-04-02
520,317.25,317.25,317.25,KFX.L,317.25,000,317.25,2013-04-01
521,317.25,317.25,317.25,KFX.L,317.25,000,317.25,2013-03-29
522,317.25,307.50,315.00,KFX.L,317.25,221700,317.25,2013-03-28
523,318.00,308.75,311.75,KFX.L,318.00,11100,318.00,2013-03-27
524,316.50,308.08,315.00,KFX.L,316.50,20400,316.50,2013-03-26
525,318.75,310.637,318.75,KFX.L,318.25,12300,318.25,2013-03-25
526,310.00,305.00,306.50,KFX.L,310.00,61900,310.00,2013-03-22
527,309.75,302.00,308.00,KFX.L,306.00,93000,306.00,2013-03-21
528,312.00,301.40,307.50,KFX.L,308.25,8700,308.25,2013-03-20
529,310.00,302.626,308.00,KFX.L,310.00,25900,310.00,2013-03-19
530,322.25,301.00,301.00,KFX.L,320.00,11500,320.00,2013-03-18
531,305.50,293.75,300.00,KFX.L,305.50,31600,305.50,2013-03-15
532,301.25,295.00,295.00,KFX.L,301.25,36900,301.25,2013-03-14
533,299.75,291.25,291.25,KFX.L,299.75,23000,299.75,2013-03-13
534,300.50,287.00,287.00,KFX.L,300.50,38400,300.50,2013-03-12
535,296.625,290.00,292.75,KFX.L,290.00,37600,290.00,2013-03-11
536,299.75,285.00,285.00,KFX.L,294.75,101300,294.75,2013-03-08
537,292.75,279.25,283.75,KFX.L,292.75,73700,292.75,2013-03-07
538,288.25,271.25,286.25,KFX.L,288.25,44800,288.25,2013-03-06
539,290.00,281.50,286.00,KFX.L,282.00,61700,282.00,2013-03-05
540,294.50,278.50,278.50,KFX.L,288.00,69600,288.00,2013-03-04
541,280.25,275.00,279.25,KFX.L,280.00,30600,280.00,2013-03-01
542,285.00,274.25,275.00,KFX.L,285.00,27800,285.00,2013-02-28
543,278.00,271.75,273.00,KFX.L,275.00,513000,275.00,2013-02-27
544,275.00,266.50,270.00,KFX.L,275.00,36500,275.00,2013-02-26
545,279.75,277.00,278.00,KFX.L,277.00,6200,277.00,2013-02-25
546,283.01,275.00,277.00,KFX.L,277.00,104200,277.00,2013-02-22
547,274.00,274.00,280.00,KFX.L,274.00,123300,274.00,2013-02-21
548,283.50,278.00,278.25,KFX.L,281.75,12500,281.75,2013-02-20
549,280.20,270.25,276.25,KFX.L,278.50,12300,278.50,2013-02-19
550,279.15,270.00,273.75,KFX.L,270.00,40700,270.00,2013-02-18
551,270.00,260.50,261.25,KFX.L,270.00,4590700,270.00,2013-02-15
552,278.75,260.75,278.75,KFX.L,260.75,321900,260.75,2013-02-14
553,278.75,260.00,272.25,KFX.L,278.75,184600,278.75,2013-02-13
554,279.26,270.00,274.25,KFX.L,272.25,416400,272.25,2013-02-12
555,290.00,270.50,276.25,KFX.L,273.25,1166900,273.25,2013-02-11
556,320.00,320.00,320.00,KFX.L,320.00,900,320.00,2013-02-08
557,330.00,317.50,325.00,KFX.L,325.00,91100,325.00,2013-02-07
558,330.00,311.00,315.25,KFX.L,325.75,330900,325.75,2013-02-06
559,325.00,302.00,309.75,KFX.L,325.00,60600,325.00,2013-02-05
560,325.50,306.125,309.50,KFX.L,314.00,22700,314.00,2013-02-04
561,309.50,305.00,305.00,KFX.L,309.50,39200,309.50,2013-02-01
562,307.50,304.75,307.25,KFX.L,305.00,59400,305.00,2013-01-31
563,307.50,303.25,303.25,KFX.L,307.50,15100,307.50,2013-01-30
564,307.50,305.00,307.50,KFX.L,307.50,7600,307.50,2013-01-29
565,307.50,300.00,305.00,KFX.L,305.00,316300,305.00,2013-01-28
566,305.00,300.653,304.75,KFX.L,305.00,23400,305.00,2013-01-25
567,300.00,290.00,295.00,KFX.L,300.00,9100,300.00,2013-01-24
568,305.00,291.25,291.25,KFX.L,305.00,15900,305.00,2013-01-23
569,304.75,291.75,300.00,KFX.L,292.75,79800,292.75,2013-01-22
570,305.00,297.263,297.50,KFX.L,305.00,414100,305.00,2013-01-21
571,302.25,295.00,302.00,KFX.L,296.00,81400,296.00,2013-01-18
572,302.50,297.00,297.50,KFX.L,301.25,104400,301.25,2013-01-17
573,297.50,292.00,296.75,KFX.L,297.50,9900,297.50,2013-01-16
574,297.50,290.00,294.75,KFX.L,297.50,11700,297.50,2013-01-15
575,303.25,290.00,303.00,KFX.L,295.00,17800,295.00,2013-01-14
576,301.25,290.513,293.00,KFX.L,300.00,334900,300.00,2013-01-11
577,299.75,291.50,292.00,KFX.L,295.00,5800,295.00,2013-01-10
578,295.205,290.50,290.50,KFX.L,292.00,23400,292.00,2013-01-09
579,298.00,280.00,297.75,KFX.L,293.00,53500,293.00,2013-01-08
580,296.00,290.25,290.25,KFX.L,295.00,11500,295.00,2013-01-07
581,295.00,295.00,292.00,KFX.L,295.00,3400,295.00,2013-01-04
582,295.75,287.00,290.00,KFX.L,290.00,45000,290.00,2013-01-03
583,296.00,290.00,293.75,KFX.L,296.00,25400,296.00,2013-01-02
584,296.00,296.00,296.00,KFX.L,296.00,000,296.00,2013-01-01
585,296.00,294.091,295.00,KFX.L,296.00,6200,296.00,2012-12-31
586,287.539,287.00,287.085,KFX.L,287.00,6900,287.00,2012-12-28
587,290.25,282.00,282.00,KFX.L,285.00,11800,285.00,2012-12-27
588,281.50,281.50,281.50,KFX.L,281.50,000,281.50,2012-12-26
589,281.50,281.50,281.50,KFX.L,281.50,000,281.50,2012-12-25
590,294.25,281.50,285.00,KFX.L,281.50,4000,281.50,2012-12-24
591,292.75,279.25,282.25,KFX.L,279.25,27300,279.25,2012-12-21
592,289.50,283.75,289.50,KFX.L,283.75,8900,283.75,2012-12-20
593,295.00,290.00,290.00,KFX.L,295.00,2300,295.00,2012-12-19
594,293.25,285.00,285.00,KFX.L,293.25,12900,293.25,2012-12-18
595,295.00,282.25,288.00,KFX.L,295.00,13700,295.00,2012-12-17
596,295.00,291.00,294.50,KFX.L,295.00,17500,295.00,2012-12-14
597,295.00,280.75,280.75,KFX.L,295.00,23800,295.00,2012-12-13
598,292.50,280.75,281.25,KFX.L,285.00,180300,285.00,2012-12-12
599,284.56,280.00,280.25,KFX.L,281.25,3100,281.25,2012-12-11
600,293.50,285.00,291.00,KFX.L,285.00,26900,285.00,2012-12-10
601,293.75,280.00,289.75,KFX.L,293.75,15700,293.75,2012-12-07
602,294.50,285.00,285.00,KFX.L,294.50,94500,294.50,2012-12-06
603,294.00,285.00,285.00,KFX.L,290.00,26500,290.00,2012-12-05
604,283.25,277.25,277.25,KFX.L,281.00,674500,281.00,2012-12-04
605,278.50,275.00,278.50,KFX.L,275.50,10200,275.50,2012-12-03
606,288.078,280.00,280.50,KFX.L,288.00,34700,288.00,2012-11-30
607,288.50,280.00,280.25,KFX.L,288.50,9000,288.50,2012-11-29
608,283.00,280.00,280.00,KFX.L,280.25,447800,280.25,2012-11-28
609,286.00,281.00,286.00,KFX.L,283.00,1200,283.00,2012-11-27
610,288.75,281.75,283.00,KFX.L,281.75,65800,281.75,2012-11-26
611,288.50,280.00,285.00,KFX.L,280.00,165000,280.00,2012-11-23
612,287.00,280.00,280.25,KFX.L,280.50,15600,280.50,2012-11-22
613,288.50,280.00,285.00,KFX.L,288.50,361500,288.50,2012-11-21
614,288.75,278.25,288.00,KFX.L,288.75,6500,288.75,2012-11-20
615,289.00,280.00,280.00,KFX.L,289.00,8800,289.00,2012-11-19
616,284.00,275.25,280.00,KFX.L,284.00,29200,284.00,2012-11-16
617,287.75,275.00,280.00,KFX.L,287.75,106400,287.75,2012-11-15
618,285.00,282.00,282.00,KFX.L,283.00,12100,283.00,2012-11-14
619,284.50,280.00,284.50,KFX.L,281.25,86000,281.25,2012-11-13
620,285.75,281.00,285.75,KFX.L,281.50,33600,281.50,2012-11-12
621,283.138,275.00,280.25,KFX.L,280.25,21800,280.25,2012-11-09
622,284.08,277.00,280.25,KFX.L,280.25,643400,280.25,2012-11-08
623,287.00,280.00,280.25,KFX.L,285.50,25300,285.50,2012-11-07
624,288.25,270.00,275.00,KFX.L,288.25,45700,288.25,2012-11-06
625,284.00,276.50,280.25,KFX.L,276.75,28100,276.75,2012-11-05
626,281.00,277.00,281.00,KFX.L,278.25,20400,278.25,2012-11-02
627,289.063,278.25,282.00,KFX.L,278.25,528400,278.25,2012-11-01
628,292.25,282.25,290.00,KFX.L,282.25,19600,282.25,2012-10-31
629,300.00,295.00,295.00,KFX.L,300.00,5600,300.00,2012-10-30
630,298.00,293.258,297.00,KFX.L,298.00,8400,298.00,2012-10-29
631,300.00,290.75,290.75,KFX.L,300.00,47100,300.00,2012-10-26
632,296.25,277.03,293.00,KFX.L,296.25,21200,296.25,2012-10-25
633,298.00,294.00,298.00,KFX.L,294.00,12300,294.00,2012-10-24
634,298.75,295.00,297.25,KFX.L,298.75,120700,298.75,2012-10-23
635,298.00,292.25,292.25,KFX.L,296.00,359400,296.00,2012-10-22
636,301.75,290.00,300.00,KFX.L,290.00,7500,290.00,2012-10-19
637,304.75,294.75,295.25,KFX.L,304.75,12000,304.75,2012-10-18
638,300.25,298.65,300.25,KFX.L,300.00,432100,300.00,2012-10-17
639,305.00,298.816,299.50,KFX.L,300.00,11300,300.00,2012-10-16
640,305.00,299.71,300.00,KFX.L,300.00,24100,300.00,2012-10-15
641,305.00,296.25,301.25,KFX.L,305.00,19900,305.00,2012-10-12
642,303.50,292.00,295.25,KFX.L,292.00,65500,292.00,2012-10-11
643,300.69,295.00,295.00,KFX.L,298.00,5800,298.00,2012-10-10
644,303.00,294.14,302.00,KFX.L,303.00,56300,303.00,2012-10-09
645,309.50,303.00,303.50,KFX.L,309.50,70600,309.50,2012-10-08
646,308.75,299.00,299.75,KFX.L,308.75,344800,308.75,2012-10-05
647,305.094,300.00,300.00,KFX.L,302.75,46600,302.75,2012-10-04
648,300.125,296.00,298.00,KFX.L,299.50,32700,299.50,2012-10-03
649,304.79,295.00,302.75,KFX.L,297.50,9200,297.50,2012-10-02
650,308.00,296.50,308.00,KFX.L,296.50,15700,296.50,2012-10-01
651,306.25,293.00,295.00,KFX.L,306.25,5900,306.25,2012-09-28
652,304.00,298.375,299.25,KFX.L,299.00,115700,299.00,2012-09-27
653,302.75,296.642,298.25,KFX.L,300.00,10500,300.00,2012-09-26
654,301.25,298.00,300.00,KFX.L,298.25,25900,298.25,2012-09-25
655,301.75,296.00,301.75,KFX.L,298.00,34600,298.00,2012-09-24
656,300.00,293.00,300.00,KFX.L,295.00,6300,295.00,2012-09-21
657,299.375,295.25,295.25,KFX.L,297.00,48000,297.00,2012-09-20
658,307.75,302.25,303.75,KFX.L,302.25,43500,302.25,2012-09-19
659,305.00,293.00,293.00,KFX.L,304.50,18900,304.50,2012-09-18
660,305.75,294.987,300.50,KFX.L,305.75,53300,305.75,2012-09-17
661,303.00,286.938,288.00,KFX.L,302.75,731900,302.75,2012-09-14
662,288.00,280.00,280.25,KFX.L,287.75,430800,287.75,2012-09-13
663,283.00,280.00,282.00,KFX.L,280.75,1676900,280.75,2012-09-12
664,285.00,275.00,280.00,KFX.L,282.50,12700,282.50,2012-09-11
665,279.50,267.199,277.00,KFX.L,279.50,1023300,279.50,2012-09-10
666,279.50,273.938,274.75,KFX.L,279.50,18600,279.50,2012-09-07
667,279.75,270.00,271.00,KFX.L,279.75,216500,279.75,2012-09-06
668,280.00,270.00,277.75,KFX.L,276.00,339900,276.00,2012-09-05
669,278.75,265.62,266.25,KFX.L,278.75,14900,278.75,2012-09-04
670,277.143,265.62,270.00,KFX.L,273.00,30300,273.00,2012-09-03
671,276.00,265.25,272.00,KFX.L,276.00,178900,276.00,2012-08-31
672,277.50,272.50,275.75,KFX.L,272.75,19400,272.75,2012-08-30
673,279.50,270.00,270.00,KFX.L,274.75,31500,274.75,2012-08-29
674,280.00,270.00,270.00,KFX.L,277.50,20600,277.50,2012-08-28
675,279.00,279.00,279.00,KFX.L,279.00,000,279.00,2012-08-27
676,280.00,275.00,275.00,KFX.L,279.00,9700,279.00,2012-08-24
677,280.00,275.00,280.00,KFX.L,279.75,126800,279.75,2012-08-23
678,280.00,276.25,276.75,KFX.L,279.00,23800,279.00,2012-08-22
679,280.00,275.00,275.75,KFX.L,279.50,30600,279.50,2012-08-21
680,282.75,275.00,279.25,KFX.L,275.00,36500,275.00,2012-08-20
681,281.75,273.75,278.25,KFX.L,281.75,10300,281.75,2012-08-17
682,281.178,271.75,274.75,KFX.L,273.25,43900,273.25,2012-08-16
683,282.75,272.50,282.75,KFX.L,272.50,14500,272.50,2012-08-15
684,282.00,277.00,277.00,KFX.L,280.00,47500,280.00,2012-08-14
685,281.00,275.25,279.00,KFX.L,275.25,15200,275.25,2012-08-13
686,282.00,278.25,280.00,KFX.L,278.25,24100,278.25,2012-08-10
687,282.00,276.00,280.00,KFX.L,282.00,16200,282.00,2012-08-09
688,285.00,267.849,281.75,KFX.L,275.00,77100,275.00,2012-08-08
689,285.00,277.25,280.00,KFX.L,283.75,45200,283.75,2012-08-07
690,283.50,279.25,282.75,KFX.L,282.25,1287000,282.25,2012-08-06
691,285.00,276.50,276.50,KFX.L,285.00,36200,285.00,2012-08-03
692,284.908,275.00,275.00,KFX.L,280.00,23100,280.00,2012-08-02
693,280.00,270.50,278.50,KFX.L,276.00,33800,276.00,2012-08-01
694,280.25,271.50,276.00,KFX.L,278.00,66100,278.00,2012-07-31
695,283.00,270.00,270.00,KFX.L,280.00,90500,280.00,2012-07-30
696,280.00,270.00,280.00,KFX.L,270.00,14300,270.00,2012-07-27
697,279.75,272.25,277.00,KFX.L,279.00,8600,279.00,2012-07-26
698,276.75,265.00,265.00,KFX.L,273.00,25400,273.00,2012-07-25
699,273.46,255.00,268.00,KFX.L,260.00,1038300,260.00,2012-07-24
700,257.75,253.25,257.00,KFX.L,255.00,19500,255.00,2012-07-23
701,262.50,257.50,262.50,KFX.L,260.00,41400,260.00,2012-07-20
702,265.00,257.00,257.00,KFX.L,265.00,408900,265.00,2012-07-19
703,265.00,255.00,255.00,KFX.L,260.00,148700,260.00,2012-07-18
704,263.00,255.00,263.00,KFX.L,259.00,352300,259.00,2012-07-17
705,264.75,250.00,250.00,KFX.L,264.75,14500,264.75,2012-07-16
706,253.25,248.25,248.25,KFX.L,253.25,39400,253.25,2012-07-13
707,255.50,250.00,255.25,KFX.L,251.00,36600,251.00,2012-07-12
708,261.00,250.00,257.00,KFX.L,253.50,79800,253.50,2012-07-11
709,259.00,250.00,250.00,KFX.L,257.00,43800,257.00,2012-07-10
710,264.25,251.50,264.25,KFX.L,255.00,29800,255.00,2012-07-09
711,264.00,256.13,260.00,KFX.L,258.00,561200,258.00,2012-07-06
712,264.75,260.25,264.75,KFX.L,264.00,64600,264.00,2012-07-05
713,267.75,254.25,260.00,KFX.L,267.75,31400,267.75,2012-07-04
714,270.00,252.00,264.25,KFX.L,252.00,100700,252.00,2012-07-03
715,264.75,253.00,253.00,KFX.L,261.50,31600,261.50,2012-07-02
716,259.00,251.00,259.00,KFX.L,251.00,101700,251.00,2012-06-29
717,257.00,255.00,255.00,KFX.L,257.00,20700,257.00,2012-06-28
718,260.125,253.25,258.75,KFX.L,255.00,28100,255.00,2012-06-27
719,264.00,258.00,264.00,KFX.L,259.00,18100,259.00,2012-06-26
720,267.50,259.00,267.50,KFX.L,259.00,61200,259.00,2012-06-25
721,265.00,259.25,259.25,KFX.L,265.00,6300,265.00,2012-06-22
722,268.75,259.25,268.00,KFX.L,261.25,39500,261.25,2012-06-21
723,270.00,261.50,270.00,KFX.L,265.00,43700,265.00,2012-06-20
724,270.00,262.50,265.00,KFX.L,270.00,116300,270.00,2012-06-19
725,265.50,240.60,252.75,KFX.L,265.00,153100,265.00,2012-06-18
726,261.407,239.50,248.00,KFX.L,261.25,264600,261.25,2012-06-15
727,246.50,240.00,245.00,KFX.L,246.50,50800,246.50,2012-06-14
728,245.00,242.00,245.00,KFX.L,242.00,33400,242.00,2012-06-13
729,248.25,239.75,248.25,KFX.L,244.50,82200,244.50,2012-06-12
730,251.25,243.25,246.25,KFX.L,250.25,43000,250.25,2012-06-11
731,260.00,246.25,252.00,KFX.L,249.75,80900,249.75,2012-06-08
732,259.00,250.50,255.00,KFX.L,253.25,67800,253.25,2012-06-07
733,258.25,248.00,253.25,KFX.L,257.00,138800,257.00,2012-06-06
734,250.00,250.00,250.00,KFX.L,250.00,000,250.00,2012-06-05
735,250.00,250.00,250.00,KFX.L,250.00,000,250.00,2012-06-04
736,258.50,247.50,258.50,KFX.L,250.00,151300,250.00,2012-06-01
737,266.00,247.75,252.25,KFX.L,260.75,1136100,260.75,2012-05-31
738,250.00,245.00,250.00,KFX.L,246.25,84100,246.25,2012-05-30
739,250.75,246.75,249.00,KFX.L,250.00,179900,250.00,2012-05-29
740,252.00,248.25,250.25,KFX.L,250.00,36200,250.00,2012-05-28
741,249.25,245.00,245.00,KFX.L,245.00,9900,245.00,2012-05-25
742,250.00,245.00,250.00,KFX.L,245.00,21200,245.00,2012-05-24
743,250.75,245.00,247.00,KFX.L,248.25,122000,248.25,2012-05-23
744,249.50,244.00,247.75,KFX.L,247.00,49600,247.00,2012-05-22
745,248.00,242.00,248.00,KFX.L,242.00,12000,242.00,2012-05-21
746,250.00,245.00,247.50,KFX.L,245.00,33200,245.00,2012-05-18
747,250.00,245.00,246.50,KFX.L,246.25,91800,246.25,2012-05-17
748,257.00,245.50,250.00,KFX.L,248.50,614200,248.50,2012-05-16
749,249.25,244.00,247.00,KFX.L,249.00,606100,249.00,2012-05-15
750,249.00,242.75,246.50,KFX.L,248.00,86300,248.00,2012-05-14
751,254.75,236.50,241.50,KFX.L,250.50,2100200,250.50,2012-05-11
752,240.75,236.75,240.00,KFX.L,240.00,237500,240.00,2012-05-10
753,247.50,238.00,245.00,KFX.L,240.00,538500,240.00,2012-05-09
754,251.50,242.59,250.00,KFX.L,245.00,168500,245.00,2012-05-08
755,250.00,250.00,250.00,KFX.L,250.00,000,250.00,2012-05-07
756,260.00,250.00,260.00,KFX.L,250.00,541300,250.00,2012-05-04
757,260.00,255.00,255.00,KFX.L,255.25,397700,255.25,2012-05-03
758,274.50,250.00,263.00,KFX.L,255.00,1963000,255.00,2012-05-02
759,292.75,284.00,286.75,KFX.L,292.75,398700,292.75,2012-05-01
760,288.00,280.75,288.00,KFX.L,286.00,134700,286.00,2012-04-30
761,289.25,285.00,285.50,KFX.L,289.25,268800,289.25,2012-04-27
762,289.50,281.25,289.50,KFX.L,285.00,1214500,285.00,2012-04-26
763,288.50,282.25,287.00,KFX.L,286.75,5700,286.75,2012-04-25
764,289.75,280.00,286.50,KFX.L,284.00,54900,284.00,2012-04-24
765,292.709,280.00,292.00,KFX.L,283.00,92200,283.00,2012-04-23
766,295.25,292.00,295.25,KFX.L,292.00,69100,292.00,2012-04-20
767,306.00,291.50,302.00,KFX.L,299.00,82800,299.00,2012-04-19
768,305.00,300.00,305.00,KFX.L,300.00,81100,300.00,2012-04-18
769,308.00,303.75,305.00,KFX.L,307.50,5300,307.50,2012-04-17
770,312.25,302.00,312.25,KFX.L,303.00,57900,303.00,2012-04-16
771,312.75,300.00,301.75,KFX.L,302.75,68300,302.75,2012-04-13
772,306.63,301.00,306.00,KFX.L,301.00,128900,301.00,2012-04-12
773,315.50,302.00,302.00,KFX.L,308.00,35000,308.00,2012-04-11
774,311.50,302.00,303.00,KFX.L,303.00,90300,303.00,2012-04-10
775,303.00,303.00,303.00,KFX.L,303.00,000,303.00,2012-04-09
776,303.00,303.00,303.00,KFX.L,303.00,000,303.00,2012-04-06
777,313.75,297.63,304.00,KFX.L,303.00,303700,303.00,2012-04-05
778,311.598,302.00,305.00,KFX.L,302.00,102500,302.00,2012-04-04
779,305.50,301.00,301.00,KFX.L,302.50,95400,302.50,2012-04-03
780,313.25,301.75,304.25,KFX.L,301.75,48300,301.75,2012-04-02
781,310.00,301.25,309.75,KFX.L,306.00,53700,306.00,2012-03-30
782,311.50,302.00,310.00,KFX.L,302.00,11600,302.00,2012-03-29
783,309.75,302.75,304.00,KFX.L,305.00,53300,305.00,2012-03-28
784,311.50,298.00,302.00,KFX.L,310.00,18700,310.00,2012-03-27
785,300.50,292.25,295.00,KFX.L,300.50,189300,300.50,2012-03-26
786,301.25,290.46,299.00,KFX.L,294.50,63200,294.50,2012-03-23
787,309.75,294.25,300.00,KFX.L,294.50,242900,294.50,2012-03-22
788,307.00,300.00,307.00,KFX.L,300.50,19100,300.50,2012-03-21
789,309.75,301.00,301.50,KFX.L,305.00,120500,305.00,2012-03-20
790,310.00,301.50,306.25,KFX.L,301.50,39500,301.50,2012-03-19
791,313.75,302.75,311.50,KFX.L,304.50,418700,304.50,2012-03-16
792,314.21,310.00,310.75,KFX.L,310.00,17500,310.00,2012-03-15
793,315.00,303.50,303.50,KFX.L,314.00,154000,314.00,2012-03-14
794,304.00,298.00,298.25,KFX.L,303.00,148800,303.00,2012-03-13
795,301.50,296.00,300.75,KFX.L,296.00,231800,296.00,2012-03-12
796,305.00,297.00,303.00,KFX.L,301.25,56400,301.25,2012-03-09
797,304.00,295.50,304.00,KFX.L,301.50,170300,301.50,2012-03-08
798,305.00,296.31,296.50,KFX.L,305.00,49600,305.00,2012-03-07
799,305.25,300.25,300.25,KFX.L,303.50,73400,303.50,2012-03-06
800,305.00,299.00,301.75,KFX.L,302.00,36000,302.00,2012-03-05
801,315.94,303.444,310.00,KFX.L,309.00,41000,309.00,2012-03-02
802,312.925,308.00,310.00,KFX.L,310.00,230800,310.00,2012-03-01
803,311.50,303.00,303.50,KFX.L,310.00,50200,310.00,2012-02-29
804,311.97,298.18,303.00,KFX.L,302.00,154000,302.00,2012-02-28
805,308.75,301.25,308.75,KFX.L,301.25,14800,301.25,2012-02-27
806,311.50,308.00,308.00,KFX.L,308.25,22200,308.25,2012-02-24
807,313.25,310.00,311.25,KFX.L,310.00,40000,310.00,2012-02-23
808,315.00,303.25,303.25,KFX.L,312.50,133700,312.50,2012-02-22
809,304.75,301.25,304.75,KFX.L,301.25,205700,301.25,2012-02-21
810,308.25,296.231,302.00,KFX.L,301.75,16600,301.75,2012-02-20
811,304.25,295.42,304.25,KFX.L,301.50,90600,301.50,2012-02-17
812,310.75,297.50,310.75,KFX.L,300.00,179900,300.00,2012-02-16
813,319.25,307.75,307.75,KFX.L,308.00,693100,308.00,2012-02-15
814,311.50,300.00,300.00,KFX.L,311.00,52400,311.00,2012-02-14
815,336.25,298.00,310.00,KFX.L,309.00,1543900,309.00,2012-02-13
816,315.00,308.00,310.00,KFX.L,311.00,313300,311.00,2012-02-10
817,319.75,310.00,312.75,KFX.L,311.50,78500,311.50,2012-02-09
818,315.00,292.00,292.00,KFX.L,313.00,388200,313.00,2012-02-08
819,293.50,286.50,286.50,KFX.L,293.00,236000,293.00,2012-02-07
820,291.00,275.00,275.00,KFX.L,285.25,207100,285.25,2012-02-06
821,280.00,271.924,277.25,KFX.L,280.00,129900,280.00,2012-02-03
822,279.38,263.00,265.00,KFX.L,279.25,575200,279.25,2012-02-02
823,267.50,259.00,259.00,KFX.L,267.50,35000,267.50,2012-02-01
824,265.00,260.25,260.25,KFX.L,263.00,25500,263.00,2012-01-31
825,265.00,258.87,264.25,KFX.L,263.00,50400,263.00,2012-01-30
826,269.75,261.25,264.75,KFX.L,265.00,226500,265.00,2012-01-27
827,264.25,262.157,264.25,KFX.L,264.00,1400,264.00,2012-01-26
828,264.00,259.327,264.00,KFX.L,262.00,15900,262.00,2012-01-25
829,267.00,258.75,267.00,KFX.L,260.00,320600,260.00,2012-01-24
830,265.00,261.25,262.75,KFX.L,263.50,31400,263.50,2012-01-23
831,268.53,258.115,268.00,KFX.L,261.50,244900,261.50,2012-01-20
832,275.00,268.50,270.25,KFX.L,268.50,154700,268.50,2012-01-19
833,274.75,270.00,274.75,KFX.L,270.00,16600,270.00,2012-01-18
834,272.00,267.00,267.00,KFX.L,272.00,115900,272.00,2012-01-17
835,270.75,263.00,264.75,KFX.L,269.00,61600,269.00,2012-01-16
836,267.50,263.00,263.25,KFX.L,264.00,1182000,264.00,2012-01-13
837,265.00,251.00,251.50,KFX.L,265.00,861100,265.00,2012-01-12
838,251.00,247.00,247.00,KFX.L,250.00,100600,250.00,2012-01-11
839,247.25,240.25,240.25,KFX.L,246.50,224800,246.50,2012-01-10
840,243.25,239.15,240.00,KFX.L,240.00,483800,240.00,2012-01-09
841,241.50,238.00,240.00,KFX.L,240.00,1080600,240.00,2012-01-06
842,240.00,234.00,240.00,KFX.L,236.25,80600,236.25,2012-01-05
843,238.75,236.75,238.00,KFX.L,238.25,18300,238.25,2012-01-04
844,238.00,233.50,233.50,KFX.L,238.00,12900,238.00,2012-01-03
845,236.00,236.00,236.00,KFX.L,236.00,000,236.00,2012-01-02
846,236.00,236.00,236.00,KFX.L,236.00,000,236.00,2011-12-30
847,236.50,236.50,236.50,KFX.L,236.50,800,236.50,2011-12-29
848,237.00,231.50,231.50,KFX.L,235.50,104400,235.50,2011-12-28
849,237.50,237.50,237.50,KFX.L,237.50,000,237.50,2011-12-27
850,237.50,237.50,237.50,KFX.L,237.50,000,237.50,2011-12-26
851,241.00,237.50,241.00,KFX.L,237.50,5600,237.50,2011-12-23
852,235.75,232.00,232.25,KFX.L,235.00,20700,235.00,2011-12-22
853,242.10,235.25,239.00,KFX.L,236.00,20300,236.00,2011-12-21
854,241.00,233.00,233.00,KFX.L,241.00,45100,241.00,2011-12-20
855,241.50,235.00,235.50,KFX.L,235.00,33400,235.00,2011-12-19
856,238.00,235.25,238.00,KFX.L,235.50,134800,235.50,2011-12-16
857,239.34,236.50,239.00,KFX.L,236.50,5000,236.50,2011-12-15
858,242.50,235.00,242.50,KFX.L,236.00,238900,236.00,2011-12-14
859,246.25,240.00,245.50,KFX.L,242.00,24100,242.00,2011-12-13
860,261.50,240.305,261.50,KFX.L,243.00,245600,243.00,2011-12-12
861,263.75,257.25,262.75,KFX.L,260.00,430800,260.00,2011-12-09
862,263.50,249.50,250.00,KFX.L,262.00,311300,262.00,2011-12-08
863,251.00,245.25,249.75,KFX.L,251.00,45800,251.00,2011-12-07
864,250.00,245.25,249.50,KFX.L,249.25,23000,249.25,2011-12-06
865,248.75,243.75,245.00,KFX.L,248.75,23100,248.75,2011-12-05
866,246.00,240.00,246.00,KFX.L,242.00,398300,242.00,2011-12-02
867,244.50,240.00,243.25,KFX.L,241.00,108600,241.00,2011-12-01
868,243.00,238.75,240.00,KFX.L,241.25,673900,241.25,2011-11-30
869,241.50,236.25,237.75,KFX.L,241.00,59700,241.00,2011-11-29
870,238.00,235.50,238.00,KFX.L,235.50,8100,235.50,2011-11-28
871,236.50,232.00,232.50,KFX.L,234.25,33500,234.25,2011-11-25
872,236.09,232.25,235.00,KFX.L,233.50,24900,233.50,2011-11-24
873,236.75,234.50,235.00,KFX.L,235.00,61000,235.00,2011-11-23
874,232.348,229.25,229.25,KFX.L,232.00,142600,232.00,2011-11-22
875,232.25,227.25,232.00,KFX.L,230.00,2271300,230.00,2011-11-21
876,234.00,230.25,234.00,KFX.L,232.00,574000,232.00,2011-11-18
877,237.50,233.50,234.00,KFX.L,233.50,48200,233.50,2011-11-17
878,234.25,228.50,230.75,KFX.L,232.00,39100,232.00,2011-11-16
879,235.50,226.00,226.00,KFX.L,232.00,99300,232.00,2011-11-15
880,235.25,224.372,230.50,KFX.L,225.00,19800,225.00,2011-11-14
881,238.25,225.25,232.75,KFX.L,234.50,1269900,234.50,2011-11-11
882,235.50,228.50,232.00,KFX.L,232.75,40100,232.75,2011-11-10
883,240.00,230.00,235.25,KFX.L,230.00,36000,230.00,2011-11-09
884,251.25,235.00,250.50,KFX.L,237.00,2896400,237.00,2011-11-08
885,251.00,235.00,243.00,KFX.L,245.00,1273500,245.00,2011-11-07
886,243.25,236.00,236.25,KFX.L,243.25,153000,243.25,2011-11-04
887,245.00,215.50,229.50,KFX.L,235.00,662700,235.00,2011-11-03
888,274.25,258.00,268.75,KFX.L,271.00,390200,271.00,2011-11-02
889,271.50,263.50,271.50,KFX.L,269.50,258200,269.50,2011-11-01
890,283.00,273.75,283.00,KFX.L,274.00,133000,274.00,2011-10-31
891,291.00,282.75,286.50,KFX.L,283.00,64300,283.00,2011-10-28
892,289.00,277.25,286.25,KFX.L,285.50,1323700,285.50,2011-10-27
893,284.75,277.00,284.50,KFX.L,277.00,156800,277.00,2011-10-26
894,283.00,278.00,280.25,KFX.L,280.00,357600,280.00,2011-10-25
895,289.00,285.25,286.50,KFX.L,285.50,23100,285.50,2011-10-24
896,289.50,282.275,283.50,KFX.L,289.50,6300,289.50,2011-10-21
897,288.50,284.50,288.50,KFX.L,284.50,7500,284.50,2011-10-20
898,290.00,283.25,283.25,KFX.L,288.00,110400,288.00,2011-10-19
899,290.75,284.75,286.00,KFX.L,288.50,133700,288.50,2011-10-18
900,295.25,286.25,295.25,KFX.L,291.25,83800,291.25,2011-10-17
901,299.75,291.25,291.25,KFX.L,298.50,112700,298.50,2011-10-14
902,295.00,286.50,289.00,KFX.L,293.00,50800,293.00,2011-10-13
903,289.75,282.00,282.00,KFX.L,289.00,45300,289.00,2011-10-12
904,291.25,285.75,288.25,KFX.L,288.00,23800,288.00,2011-10-11
905,292.25,279.50,282.25,KFX.L,291.50,19700,291.50,2011-10-10
906,284.25,276.00,279.75,KFX.L,280.00,212000,280.00,2011-10-07
907,275.00,262.00,262.00,KFX.L,275.00,68300,275.00,2011-10-06
908,266.00,258.25,259.00,KFX.L,262.00,59300,262.00,2011-10-05
909,273.00,256.00,273.00,KFX.L,256.00,63800,256.00,2011-10-04
910,280.948,275.00,278.75,KFX.L,277.50,38100,277.50,2011-10-03
911,290.00,278.25,288.00,KFX.L,288.50,135300,288.50,2011-09-30
912,292.25,286.50,292.00,KFX.L,287.00,5700,287.00,2011-09-29
913,299.37,291.50,298.50,KFX.L,291.50,59800,291.50,2011-09-28
914,302.75,288.50,296.25,KFX.L,298.75,146900,298.75,2011-09-27
915,293.25,283.00,283.00,KFX.L,289.75,84100,289.75,2011-09-26
916,298.00,284.00,295.50,KFX.L,292.25,38800,292.25,2011-09-23
917,296.75,287.75,295.00,KFX.L,291.00,53600,291.00,2011-09-22
918,305.50,296.75,300.00,KFX.L,299.00,158300,299.00,2011-09-21
919,304.50,294.75,304.50,KFX.L,300.00,479100,300.00,2011-09-20
920,314.00,295.00,314.00,KFX.L,297.75,135200,297.75,2011-09-19
921,330.00,305.00,313.50,KFX.L,319.00,1529700,319.00,2011-09-16
922,310.00,284.10,284.10,KFX.L,310.00,357900,310.00,2011-09-15
923,296.00,281.50,290.00,KFX.L,282.10,111100,282.10,2011-09-14
924,298.00,283.00,297.00,KFX.L,283.00,70100,283.00,2011-09-13
925,310.30,295.80,306.50,KFX.L,296.10,380400,296.10,2011-09-12
926,312.80,295.50,295.50,KFX.L,309.30,699100,309.30,2011-09-09
927,301.60,295.60,297.50,KFX.L,299.00,391300,299.00,2011-09-08
928,302.50,281.30,287.80,KFX.L,300.00,479100,300.00,2011-09-07
929,287.00,261.90,275.00,KFX.L,284.60,177300,284.60,2011-09-06
930,335.00,272.00,335.00,KFX.L,274.50,1607700,274.50,2011-09-05
931,340.00,328.00,330.10,KFX.L,331.00,117300,331.00,2011-09-02
932,340.70,331.60,340.40,KFX.L,335.30,107100,335.30,2011-09-01
933,342.70,331.70,338.40,KFX.L,341.00,93500,341.00,2011-08-31
934,337.60,323.80,337.60,KFX.L,330.00,476400,330.00,2011-08-30
935,332.00,318.70,327.90,KFX.L,330.20,917800,330.20,2011-08-26
936,322.856,316.20,316.80,KFX.L,319.50,90300,319.50,2011-08-25
937,318.10,312.00,318.10,KFX.L,317.60,38900,317.60,2011-08-24
938,318.80,308.00,308.00,KFX.L,312.00,48300,312.00,2011-08-23
939,314.90,303.00,314.90,KFX.L,303.00,286900,303.00,2011-08-22
940,311.20,295.20,307.60,KFX.L,306.50,168400,306.50,2011-08-19
941,327.90,300.60,327.90,KFX.L,304.00,850800,304.00,2011-08-18
942,321.50,315.20,320.00,KFX.L,320.50,223000,320.50,2011-08-17
943,320.40,313.40,320.40,KFX.L,315.10,398900,315.10,2011-08-16
944,326.20,318.00,318.00,KFX.L,322.00,381700,322.00,2011-08-15
945,317.00,303.50,307.00,KFX.L,317.00,104400,317.00,2011-08-12
946,306.00,282.90,293.00,KFX.L,306.00,177300,306.00,2011-08-11
947,300.80,279.10,279.30,KFX.L,290.00,142100,290.00,2011-08-10
948,276.10,248.278,270.00,KFX.L,270.50,482900,270.50,2011-08-09
949,304.20,273.40,302.00,KFX.L,277.00,257600,277.00,2011-08-08
950,315.00,295.00,300.90,KFX.L,303.10,439000,303.10,2011-08-05
951,320.20,302.70,310.00,KFX.L,305.30,1328700,305.30,2011-08-04
952,326.40,300.00,322.70,KFX.L,310.00,1468400,310.00,2011-08-03
953,335.00,321.00,325.00,KFX.L,327.00,189900,327.00,2011-08-02
954,370.20,326.70,360.00,KFX.L,333.00,901600,333.00,2011-08-01
955,393.00,362.00,393.00,KFX.L,362.00,557900,362.00,2011-07-29
956,452.00,393.00,452.00,KFX.L,393.00,265600,393.00,2011-07-28
